{"ini": [-0.9586525553199391, 1.510963560860629, 1.3133442741158878, 1.7923629394108969, -0.2707994952833662, -0.5874552151190977, 0.49751861779972206, -0.01265085679219054, -0.3003631778107016, -0.7316762061984377], "fin": [-0.6152662131784633, 2.2549968535714853, 0.7839146486701699, -0.1820174621924098, -1.0239084426340002, -0.016064743878541697, -0.8291336571115054, -1.924592985896805, 1.3301220238722822, 0.8691249168249257], "trans": {"a": [[0.977702336779402, -0.1069423667993978, 0.5803959546735923, 2.815797783683621, -0.08479644959647005, 0.6019030178983623, 0.7960103810102319, -1.223466995103797, 0.4471311201411075, -0.7359793818565044], [1.0531611345615461, 0.20179283850755114, -1.1432766035500475, -1.1283318833071554, 0.28090283661913773, 1.6720171916488533, 0.7281723563614696, 0.5719295751601906, -0.4825078399225254, -0.1371924621974184], [0.3221506210749424, -0.16498374737147153, 0.28492288271301713, 1.892507621143771, 0.7519266668325612, 0.5218810579617708, -1.1277057047861623, -0.06879680209468358, -0.16413128801017854, -0.005912968713661256], [-0.9667939691906291, 0.8306629234875756, -0.6476316104168693, 1.7910536410663134, -0.4982172383351017, 1.5590554779079822, -1.851405364118804, 1.647763168831721, 0.9161780685580951, -0.2669195664982628], [1.3118131529874832, -2.423624512219887, 0.3835772481875677, 0.34480246038192025, -0.9348089481212706, -0.28040406699255, -0.7019743639344515, 0.11439767254675863, 0.08347531338639587, -1.3130997166809744], [2.0865900687144947, -0.34703011076769447, -1.2978425580331603, -1.423016881876865, 0.4753201976000274, 0.7110221022918917, 0.5043999790786344, -1.0697352247173317, 0.5572349596209102, -0.075726031529811], [1.5140970681991675, 0.7877613290919498, 0.741429026564877, 0.44769925911799596, 1.0895289256153482, 0.982519615867503, -1.121943522881895, -1.3857567122382393, 0.6379051530532045, 0.12845264526093328], [0.9603746040227416, 0.6050259096407968, 0.47506758904317475, -0.26852807236211884, 0.48930296728103584, 0.41284378629957635, -0.04217572296432298, 0.6922151598615112, 0.13555122209465945, 0.7157043255707471], [0.6003094486795829, -1.3663175195514878, 0.5767711520377804, 1.03327739106556, 0.0011140870138493326, 0.45119953503259624, -1.378169719101198, 1.6024141670073593, -0.5929444816299108, -0.4544660713680367], [-0.4731740521439772, -0.5675660483565789, 0.2988896583485214, 1.1581980702074837, 1.6481096623128997, 0.18577205213564074, -0.08801763274623704, 0.6899660663902935, 1.462471261926477, 0.5825865630501853]], "b": [[2.830368971275032, 1.9291836904938353, -0.43075080473304733, -0.2117428126744438, 0.814531922509986, -1.5426605021294761, -0.15115335680696024, 0.41893881245552417, 0.4666278307774849, -1.817856033426817], [-0.42101732248066487, 0.2954619851056385, 1.0035934102967685, 0.6869895701314089, 1.3566079653020477, 0.17179859902289044, -0.8078172768094832, 0.30461400336876215, -1.411587359108605, 0.5773047498133086], [0.2848270649108966, -1.1015379321000898, 1.8215613090782852, -1.3816113459058599, 0.3371032709413038, -0.7736175371101561, 1.0365614963480685, 1.6997831969858075, -1.2984546920087725, -0.8589327751909943], [-1.0955088551268695, 1.7004881800767093, 0.19738768518517774, 1.6757905125433523, -1.4394109840766804, 0.05821974174853358, 2.9145747342586996, -1.0468371343514298, 0.3380695656573662, -0.24153935273934446], [-0.5869681875682377, -0.014221654322664942, 1.1524703918774832, 1.9735109285129877, -0.1799194156508564, 0.2839609341057308, -0.3609566033774102, 0.3186205379453583, -0.7201403909853402, -0.057851273131505454], [1.3317930420320454, -0.5433610413048859, 1.359544517273461, 0.001839678770993568, -0.44085583336308826, 0.46079627478344454, 1.4741068635016654, -1.8551889628390275, -0.641939416929793, -1.0999986639571138], [-1.251469044264327, 0.6291390370219646, 0.31916445236697616, 0.265072439677559, 1.0811071086918402, -0.9111198992587565, -0.5656763312669971, 0.4597585059962487, -0.7732505408285171, -0.7566422021558563], [-1.564673573184045, 0.7188788455913815, -0.6147610359608634, 0.5640997166431889, 1.7870394802285396, -0.09105230912418404, -2.011794328282638, -0.2289702792482433, 1.0382189418151329, -0.5151123615941785], [0.747118880499779, -0.13791375032697478, 0.7905378009556626, -2.0732055384506833, 0.538581927323441, 2.7845511871559516, 1.2946056666483148, -0.011888819612301524, -0.182542408914942, -0.029826090699783186], [0.3443077456968246, -0.5159929909284731, 1.3247558329602034, -1.4125408763498812, 0.9318237271308196, -0.9329646641297138, -1.4410474315977453, 0.18541134663605754, 0.1992379723007516, -0.9001577380659823]], "c": [[0.6864368656957803, -1.0038797082781712, 2.0729483019471724, 0.9339321858100955, 2.1826765468075466, 0.5867691827082412, 0.8754311699705967, 0.5240055966333732, -0.6801748302649292, -0.5119189016239015], [0.5897065913031979, 0.21080189985780873, -1.2823004440951447, -0.8647736625741237, 0.9051011402510774, 0.890232386185937, 1.6828485627444865, -1.0987078788306102, -0.43942551214466635, -0.645295274314776], [-0.78300411765381, -0.2835993619174345, 0.9822261203279151, 0.9357261667607333, 0.8496599971293038, -1.6304052300185983, 0.4520621692495588, -1.006998605460968, -0.43557955525025677, -1.2731191158472015], [1.2576024965840762, 2.246072049806644, 0.1918729086937638, 1.98480585732825, -0.3797509852307225, 0.8984876831539497, -0.4712817122451219, -0.6388988846034432, -0.8808563192307283, -1.0841325020024983], [-0.20712843668970535, 1.526199397636959, -1.0555918979628682, -1.1074764730502067, -0.7562688541042915, -0.0664890383602418, -0.07159825400214012, 0.3368931542408946, -0.16134449191317396, 0.6622172932664651], [0.9657462997415849, -0.5588772880487554, 0.7071360141485846, -0.04941447342610763, 0.3783144222324139, 2.016587767233864, -0.2162636886806626, 0.8000750229775637, 1.270365910431179, 0.14004052361072264], [0.11328780429393272, -1.2474637194601816, -1.5480061449825613, -0.20671779472081836, 1.5250302364786437, -0.5795943356416382, 0.08786088544214594, -1.2029932760819364, -0.3319603389894904, 1.1386654669795668], [-2.09440390844865, 1.0273615707347223, 1.7080154715461502, 0.2066403439682119, 0.07495142265617523, 0.08334161145008924, 0.09213188179560661, -0.6331618318625588, 0.8133878965079004, -1.0107951493257983], [0.046259059945525524, 0.6181335888713272, -1.5035220807244964, 0.17236100307717184, 0.255472230874507, 0.301249317320921, 0.6636381714717623, 0.22517282562050153, 1.1322538772060746, -0.22272838950014318], [0.06479457466643865, 0.4430050362551361, -0.16215915414567858, -0.6682699611195528, -0.2820982335348575, -1.7986050540140504, 1.1526805460268585, 0.47600238195203626, 1.3561601486688966, 1.0087495619040008]],