{"ini": [-1.5151145882378485, -0.7787155504194352, -0.44204328426917106, -0.15817727537135579, -0.005989940980450805], "fin": [-0.8802246329703716, -1.077129004635307, -0.27859878209033234, -1.5214930641146975, -0.9639094118885242], "trans": {"a": [[0.42866242304807756, -1.2766124952328823, 0.23640535956607528, 0.9019053653204229, -0.3072605502280666], [0.5413385627400865, -1.7108286105249475, -1.088789590041461, 0.3178153777728647, 0.8778231990865141], [-0.5181732408334023, 0.15630674735408742, -0.7726123916659278, 0.06376959876930195, -2.4280416376071443], [-0.3744083497456161, 0.026897760041116683, -1.109804551720026, -0.33940276488891047, -0.3685129218423504], [0.47989358915287766, 0.3388898940947423, 1.5860995771167103, 1.9185442963798995, -1.0575000564055774]], "b": [[-0.23765061066279122, -2.5011093173739307, -0.9987035082783468, -0.04867271917119675, -0.057713388588256614], [2.204634818956175, 0.0991559528751809, -0.17137084966009053, 0.8329524258383826, 0.8316526926570569], [1.6183110348214644, -1.9279817989798251, 0.019730701591225766, 0.970080704702223, 0.02800182213395963], [1.469065651084996, 0.541345218887943, 1.6121322334031192, 0.9452866101309199, 0.9889070818600547], [0.014965458391839671, 0.6436171332135961, 0.5984343711388895, 2.7554814340701457, -2.33164932500781]], "c": [[-0.17356500967907737, -0.1986517833373626, 1.0734667115958942, -0.150671513746559, -0.20976707206698333], [1.790782539148405, 0.6621853874737066, -0.32500780143106656, -1.3334104214580274, -0.2841369634142455], [0.23754844669878528, -0.17333482418497093, -0.3821212166435739, 0.20392930675523116, -1.4439452480417145], [-0.12082399731591834, -0.9808333846752413, -0.19688447306514495, 1.9402812973738197, 0.059454822813306704], [0.2520905553491943, 0.9572981325512777, 0.623970579694568, -1.5958525584119716, -0.5705766776238311]], "d": [[0.38112382989614174, -0.2966065191916965, -1.5235003376680012, 0.0597513141786005, -0.5244050880155671], [-0.9125648030122571, -0.09820169744617924, -1.1568295217324327, -1.9249848486706818, 0.16135422142752193], [0.5071215552726643, -0.804434592501612, -0.22920649972229404, -0.317521013184845, -0.25257421957624326], [-0.6148269854160758, 0.11496245673781245, -1.1729801090347514, -1.1025119739363338, -0.8181433138806922], [1.0448993374665285, -0.5402768629246849, 1.3927598067148477, 1.2481167622011888, -0.1089128241647952]], "e": [[0.4077385472232572, -0.3651125088412245, 0.0035695944521985977, 1.4157019119107606, 1.5435985528603366], [0.4703895043619322, -0.8563470593223044, -0.7952327576431514, -0.9653103176258314, 0.11385308103780338], [0.8244447264612229, -0.4578302637541677, -0.27393475551444957, 2.031253799793167, 0.14485443434612177], [-0.6007597829438259, -1.0386727202568544, 1.8073355353636509, -1.2657884863301556, 1.485989666249746], [0.5158849091909611, -0.04477597453496414, 0.319912104202334, -1.182065711860125, -0.14161883793803492]], "f": [[-0.17038641269237853, 0.6182277930277843, 0.2847905308509616, 1.2315645617494024, -0.19803397336827377], [-0.49610985102598204, -1.101039869585087, 0.8496859358085953, 0.3023465133015097, 1.3707261042927004], [0.3034645045384532, 0.9033324941087673, 0.6131514064843714, 1.3333504779802896, 0.9413979998003085], [0.1891152797194434, 0.31879081598159265, -1.9818965021788644, 1.16249155809741, -1.4051400058570875], [0.3101681728204485, 0.12153013658888145, -0.43897697835671723, -1.2825532592694775, -1.12274575988345]], "g": [[-1.7412044878769712, 3.0316236384677615, 0.6903538157574648, 0.7758761212839169, 0.2718482025011871], [-0.32275583198855257, -1.1398239270578665, 0.3988650367554742, -0.557601236511834, -0.8325928781266291], [-0.7380157957294575, 0.025317132027782185, -2.051016896739168, 0.4876990567022998, -0.3930741221808925], [0.8386027304406037, 0.8044389280305503, -0.7006393225216129, 0.18136510815995138, -1.144373296801453], [-0.5940915150917001, -0.05932111763229747, 2.071840844672597, 0.5741914503573093, 0.35789641820111906]], "h": [[1.5428925796690511, -3.0073133223917647, -1.4232672328201332, 1.392707607255149, 1.152187347900987], [0.6723713403575845, -0.5460543472407412, -0.7226279273044223, -0.25312172516855563, 0.07718254798258768], [1.8116728162212714, -0.24101574840360834, -0.6773565296894888, -1.0653552467005967, 0.4481458167887076], [0.8783610389042159, 0.330407396686832, -0.6741273485463789, 0.1487761955998831, 0.09849799508454889], [1.0140128303840632, 0.637019050048513, -0.43558869155588315, 1.4081933875174781, -0.4600816610393586]], "i": [[-0.04458408430064959, 1.1090568520340311, -0.6601978117909674, 0.059228296856693105, -1.5495755329463319], [0.3308480727271761, -0.5286124279648716, -1.6847083568626193, 0.83721105892371, -1.289241989377208], [-1.507284893457435, -0.3540753195709096, 1.4716504788400724, 0.40979964960724485, -2.1710068431912353], [-0.8795914264508674, -1.5256111757930437, 1.7741918393597373, 1.9755447469937086, 1.0433619658330917], [0.01722596548519011, 0.285683661281449, 0.5257072694594392, -0.08249213077069936, -1.1263476767353635]], "j": [[0.2816386951607549, 0.017406471334104265, -0.35035036194992025, 0.11296865042844248, -0.8873549969255321], [0.05692897217433108, -1.1588394344854303, -0.2197230315662004, 0.7397421544288361, 0.10469694602333628], [-0.5004657271446676, -1.0737574220107085, -2.493155708279913, -0.9587873655327598, 0.16513335379775562], [0.2314121451322111, -0.4149925371022307, 0.5800345212577901, -0.4824379341449796, 0.043194663399171544], [-0.6658441930620012, 0.9742302099534799, -0.8094117000690773, -1.170888383049864, 0.934281429667819]], "k": [[0.13076035387496607, 1.8205460130838564, 1.1032931841854123, -1.604123596637688, -0.7152227012337258], [-0.06577276985603443, -0.42388022762817607, 0.45939941174717575, 0.21548940236148212, -0.9314059879152583], [-0.8434189151840341, 0.43515746498761004, 0.1588392758048256, 1.1416694300801296, 1.501462912725825], [-0.9763503910752315, -0.5464319604593344, -0.9396439646916974, 1.218774074845581, -0.24746681394816777], [-0.48560543977015347, -0.6853428725869536, -1.9720106563913555, -1.3898201130490329, 0.05918005251843634]], "l": [[0.31655477984950325, -0.6659843623145116, -1.4176804367064457, -0.20082278001889664, -0.1970798768543713], [0.9650915329721538, 0.07945585077124505, 0.8693037562040989, -0.6737070436173815, 1.4567649813868466], [0.2241882683203276, -1.629027800942022, -0.21859334013278153, -1.6444341057191278, 0.19175529424142512], [1.1195242385242048, 0.004020458408837934, 0.3267809649693633, 0.7704684952779792, 0.008649321838330544], [-0.17031546356449778, -0.4757778179886734, 0.4340992145458927, -0.3824737046965702, -0.29325265181001475]], "m": [[-1.4913989827973042, 0.08413971079177109, -0.1532070393459085, 0.30436161962280806, 0.10230835280821338], [-0.7174872144962375, 0.7953945682579135, -0.38705200785311633, 1.5427299791569191, 0.6738355726651404], [0.47965128162931975, 1.3676734403017363, -0.7680865130607362, -0.1168455601388615, -0.517364726005972], [-0.15945928397666484, 0.5794659600075909, 1.1832733101594597, -1.3689620088194046, -1.8640130305351104], [0.9115252917735918, 0.29001542030499633, -0.449392208493646, 0.6363890753611461, 0.7556952053518443]], "n": [[0.4441131331648581, 1.400798449802712, -0.673242004831132, 1.7745961105439432, 0.5580231844523866], [-0.42142552431542846, -2.079512431446776, 1.3947569403909719, 0.3407032401487885, -1.323048428117383], [-1.818656901266389, 2.2225391003878494, 0.42724721659784565, -0.3409642756135251, 1.3154312496187166], [0.5174341005173403, -0.42280514504083916, 0.9466942037405818, -0.2098375834259236, 0.5072392674860153], [0.7491463664248518, 1.4506124855227418, -0.9341140395056033, -1.0196545935914187, -0.06122582389195437]],