{"ini": [-0.15518772754990368, -0.2255362528805247, -2.097772842623061, -0.5113220130801077, -2.391836656527069], "fin": [0.5317551262222643, 0.6875034517019288, 2.4065924205435243, 0.14484624719188532, -1.4186307098022413], "trans": {"a": [[-0.7266313590380982, 0.9074583355086863, -1.0897031498594831, 0.15585171302325201, 1.0482871651879833], [1.99864882544241, -0.3505854655418361, -0.6341138313456945, 0.5187408221981646, -0.864063326541015], [0.48086799326953633, -1.228497193508595, -1.410059958705023, 0.38209315060025945, 1.0544907330796376], [1.119912763362272, 0.8947760120023823, 0.645782408643765, 0.30212628655746515, -0.7138534675258497], [-0.20751221153050212, 0.2386241557664467, -0.38797112004586326, -0.6610543696573121, 0.8781839867104968]], "b": [[0.5998695947188551, -0.6980105231936713, -0.7962781619692452, 1.5163926810675779, 0.11667796092118768], [0.3317461225830544, -0.5019444122128021, -0.931661832469016, 0.046985221599018176, -0.26627854679601853], [0.47227923186724446, 1.2336345441585521, -0.9305633725359691, -1.9474362573656276, 0.5357600495986141], [0.8766185308292626, -0.710043876378168, 0.9478117943910066, 0.4279998804777978, 0.7971231500193398], [1.0009201853533762, 1.7985864221925443, 0.9346157017007307, -1.692634432939529, 0.09171740152394686]], "c": [[0.5168778106741259, -0.5688853728452682, 0.8822582447490901, 0.9105570334966094, -0.8562415286412239], [0.11174290985736042, 0.4949263922516821, 2.986057722735753, -0.7751483160308963, 1.677943256936539], [-0.13896764344365192, -2.6095992599820614, -1.224179197558163, 0.3892053312005218, 1.5709190338089296], [0.18102218538788933, 0.4593625474477612, -1.2253212690291955, -0.987880187337535, -0.6735026472400122], [-0.23698136758427343, 0.7606099811267432, -0.01768981160832095, 0.08562831752515696, 1.2934518114362177]], "d": [[0.12188052996894898, 0.6660636614317498, 0.3622307152156942, 0.7469845257375027, 1.65565154569717], [2.6153617744455735, 1.03107324552362, -0.05811272600397589, 0.0871589710108814, 0.16743154525760168], [-0.6686342003173744, 0.6667923751342337, -0.8607329887102478, -0.5772704561928842, -0.6334732062835076], [-1.2711556939832762, -0.15848777898126498, -1.1448394915216475, 0.6567071070002929, -0.9245069150615289], [-0.10447084291238178, -0.8257812828386504, 0.9218036745322907, 1.3866717814775202, 0.2082499513539519]], "e": [[0.004085040994385956, 1.3394560538409948, -0.5071606087309294, -0.4994770812908023, 0.7645798012470433], [0.016730856890549036, 0.6277882691483178, -0.2194857039192775, 1.2056569404518336, 0.35283389726645487], [-1.3569039498473545, 1.2923451920670583, -0.06020265408996262, 0.02367524632933228, 0.6063132895452057], [0.18877733705376523, -0.8986173296939745, 0.02320337416284188, 2.5334197170818644, 1.0805324701349877], [-0.7323405608219002, -0.39331522118106205, 0.9508067087802894, 0.6326366122673462, 0.2920416932335797]]}}