{"ini": [0.13664945184115249, -1.579112423745368, 1.6332670997083056, -0.3406545568169585, -0.4195544965562598], "fin": [-1.0735027200620277, -1.285508229228256, -1.1690029019583517, 0.013318072110989882, 0.9158729893297055], "trans": {"a": [[-0.573129268660284, -0.5743611202955513, 0.4537648225992828, 1.9205908835159313, 0.3793446964505724], [0.2806957185115567, -0.42186443458688455, 2.0002854566086268, 1.0531057217391007, -0.10157513040268683], [-0.4543670240734934, 0.27049374308174035, -1.046831774259371, -0.4889578319712758, 0.9578256769462434], [0.20283629179781457, 0.4662555179625329, 0.8180255010690038, 0.4825698099206307, -0.41697057584783365], [-0.15673662107480993, -0.5889803177046881, 0.8783772502906855, -0.7883772930332401, -1.040205966222839]], "b": [[-1.0412196368333733, -1.0454333135096843, 0.5694321534874506, 0.19726879285490553, 0.9698603537738515], [0.13749277734267196, 0.1000617322141843, 0.579836208453966, 0.00329673165574877, -0.9530473809443212], [-1.5453660062135046, 1.2360176514671786, -0.1827410386465277, 1.0699415478366467, -1.6125170583095902], [-1.5835851230665043, 1.2092571299621693, -0.09284813984321122, 0.831936603137933, -2.1652291037894464], [-0.6732404849153765, 0.2127235575759046, 0.96278647919346, 0.7060471628163553, 0.6692911404665943]], "c": [[-1.3636034946549584, 0.8401789976386644, -1.0205360623845394, 1.4197836191975028, -1.0040841413550365], [-1.0219738731635366, -0.009095192741772552, -1.1741224221862143, 0.25994393927301845, -0.8577062316993895], [-0.08711004626614326, 0.12452850558120236, -3.161792995229386, 0.7612406644125645, 0.9192885913611242], [1.0953212862425916, 0.3229581128050182, 0.49014407507363, 0.2085738196556728, 1.1049630552132268], [0.028776675542886074, -1.7189938703125245, -1.189590435369886, 0.598403254255711, 0.7816507952624593]], "d": [[0.281603993426006, -0.9861837155776854, -0.23743231171119852, -0.07124215939756387, -1.1880466542968207], [-0.5088500628234797, -1.3990166544219604, 0.05665359011007085, 0.5895996789182117, 0.21509288044409292], [1.5914020058699692, 1.0090357000475572, -0.6582034447488802, -0.8410235626918761, 0.3944793804466908], [-0.25635177191367914, -0.27367599088692185, -0.0510202112562569, -0.26651763045611815, -0.11745364956255593], [1.6530568075083956, 0.68024951383708, -0.30767223250481873, 0.4093606360538479, 1.8643040820329655]], "e": [[0.11786752448132028, 0.5921084981823035, -0.11402737855271404, 0.6572609503235007, -0.8859380916202159], [2.23811623664378, 1.6679591666106892, 1.9143331898426956, 0.5652125846953195, 0.14533114550396528], [0.7184153694761025, -0.421637942551278, -0.5688368239336438, -0.5639335053298211, -0.9254475071381475], [0.9250128265768481, -0.20070163978617042, 1.506361328069452, 0.9826129592031126, -1.49197903896933], [-2.3932851117191456, -0.2964366012689994, 1.0990338101556985, -2.3006359264810956, -1.2121489388794249]], "f": [[0.8973002532383665, 2.174180446264235, -0.7554521424036779, -1.0305261294032322, 0.1573399300207228], [0.6470670306960872, 0.7891627473253705, -0.17664486296305074, 0.37469038974952334, 0.9311460298746819], [0.06717106574964077, 1.6798934298663069, 0.30228669119212304, -0.20181965366024518, 1.5568070432105943], [-0.854477935516909, -0.2633923863385044, 2.284909144798035, 1.0014497950803116, -0.19672561697761318], [0.08909005567656515, 0.5832819155718174, 0.6017239457099234, -0.44815227995560386, 0.6029503912687715]], "g": [[0.7042209048804909, -1.7546222340537676, -0.02818520996381356, 0.28999301955145407, -0.8685684600307851], [0.6226181012180654, 0.09979148553373283, 0.8596436520851489, 0.9565875440766913, 1.304969728239692], [0.2701200076996802, 0.6630130724687147, 0.9856368042409062, 0.2924204823981242, -0.44662298953680557], [-0.8234124686167318, -0.18495961715292747, -0.605829825252519, -1.367694232896404, 0.970081073202599], [1.3961940164093964, -1.1153500902030011, -0.6319957894277056, -0.23547440611452175, 1.2891660121909967]], "h": [[0.5566792457433305, 0.22172587135091776, -0.9699195589476891, -0.26932559992397836, -1.2872677088602678], [-1.8000355235473513, 0.6558316338763623, -0.08626242199329898, -0.32422643230641396, -2.2758282229101123], [-0.6584653140537581, -0.47619003477305705, 0.3914765610010338, -0.057905345192360756, -0.40591148678159333], [-0.5002846726933299, -1.0089476240438877, 2.1423282928429455, -0.5814360509559336, -0.6323123112072929], [-0.16871503042595845, 0.8192018292406156, -0.042870682300507994, 0.5239298946815116, -0.9913580963881273]], "i": [[0.46258096824493616, 0.04115196440826312, 1.7236837922083843, 0.7922288193017759, -0.14722103304780648], [1.2861043875134213, 1.3427819751355239, 0.4907746695331913, -0.45355183475325644, 0.07765286171909438], [0.6731566889722927, 1.470761334114462, 1.9347866223974473, -0.09882064367984897, 0.1302947270208708], [-0.7605814798767946, -1.2929720280381138, 1.6472811325257455, -1.3975389995036849, 1.867795892597476], [-0.9160804251303695, 0.8040267950950035, -1.4662621174596295, -0.20820875082527088, -0.608099048529082]], "j": [[-0.5030336554068879, -0.028070210431959272, 1.537757217462797, 1.986931377100336, -0.12317982857902739], [-0.19286670649910212, -0.15025234449741484, -0.4600420113937923, -0.27987629496696004, -0.8984283083583984], [-0.5146468452393695, -1.0970273094247036, -0.04457416810021145, 0.37374738998744145, 0.5325205087552765], [-0.4471180964494043, 0.2462983136050234, -0.05095436382097076, 1.1155957101601117, 0.5339728515818692], [0.8720879400062294, -0.14991950497012993, 0.8561939312894651, 0.4560555240935748, 1.7327081230369858]]}}