{"ini": [-0.09753532410416461, -0.5353181569220087, -0.8124329811639949, -0.7381658524515277, -2.265121630533441], "fin": [0.6648102257894022, -2.484607829115897, 0.6483704207580689, -0.38219433140891046, 0.6675609774059409], "trans": {"a": [[-0.2811752344622124, 0.3170457912342235, -3.3209819569960843, 0.26453527702870916, -0.9631687296880785], [0.5812345186286806, 0.1938190182679934, 0.4703108042108127, -0.2328101438598253, 1.500248013946624], [0.0160511948038386, -0.5931333853474496, -0.8120735343858188, -1.109345091922139, -1.4937920686475719], [-0.7393232117418013, -0.350094005223951, -1.7977890991489487, -0.2709995551266603, -0.9338043203009415], [-1.355000804600007, -1.056623133646646, 0.6271457569077117, -1.8443531237911597, 0.060203312189509556]], "b": [[0.014994711511693046, -0.6575605896548056, -1.0246422965444733, -0.7050257919584301, 0.6660611174877766], [-0.5561380225910935, 0.9153223924809294, -0.26140881254714987, 0.9845554716103124, 0.9701488255148634], [-1.2960725169880405, -1.310505519539092, -1.365630365986052, 0.5093055045209517, 1.8564853611619598], [0.15461879821732072, 0.7401371180860297, -1.004430014550216, 0.5702649757461064, -0.17294988896812238], [-0.4220944750665284, 1.1503669584005038, -0.8434781356480753, -0.19604388365146863, 0.3213895863362924]], "c": [[0.28802685179083526, 0.1409302089334602, -0.4131739040567251, -0.20350929645100566, -1.0254925578806329], [0.9375161423032655, -0.21907706237181582, -1.671588444926518, 0.11474513749637023, -0.5190991130174565], [0.21991562002974543, -0.5241160130794046, -0.41890785698963123, -0.1532574882481553, -1.2206584505952978], [-0.2907613928353338, 0.8100748513630202, -1.2064493939777525, 1.609462387134392, 0.16009679087667184], [0.040240711416514585, 0.39607665217532745, -1.4423347228142285, 2.3987998105728376, -0.07342969377078419]], "d": [[0.9337794828982411, 0.8215126783990916, 1.9792409249651424, 0.25175500912709664, 1.815623403800385], [-0.06475727301002314, 0.2663522216866869, 1.0120959875855655, -0.1901432184894533, -0.6703324172257589], [-0.7823569545597568, 0.10379653307784749, -0.6419301522378875, 0.051943834664512224, -0.851433823397034], [0.6884034020679274, -0.6451279639893862, 0.03989999102339916, -1.011182236360919, -0.9898380614628058], [0.8823988182951784, -0.043934363867203986, -1.773909338696801, 0.78213168144796, 0.4379768640269456]], "e": [[1.5402412045317593, -1.6068191016889655, -1.0530003223626156, -1.0230667651384073, -1.3108079938451556], [0.8600097659413928, 0.03249310407239314, 0.24529778131821348, 0.304735861526758, 1.3061794788362422], [-1.0621856054895338, 1.4232366401536927, 0.170810763401947, 2.031846926448608, -0.519511151164792], [-0.6792953207021483, -0.5016415216245684, 0.3977380637179931, 1.3666282395916687, 1.7646019566599223], [-1.0821402779464393, -0.47892957536926073, 0.5213140725957486, 0.27523239840124225, -1.1206906499607474]], "f": [[0.8693956882972231, -1.8657204793764288, -0.001856040515091102, 2.247182374736347, 0.24259304165369774], [-1.7646334289621382, -0.9541554050987657, -0.2975157803318377, 2.278329905030969, -1.1474873036322604], [0.8207688710714005, 1.0050706681544204, 0.24932369609820254, -0.049242145018288754, -0.6402217375305889], [-0.31457763060171623, 0.07893860376814803, 2.0899006608406836, -0.037239223009051005, 0.14501968601712495], [-0.1852627264713822, 0.3315232952415705, -0.38636066095748894, -0.9635058669729503, -0.18181927150522423]], "g": [[-0.6261304208928261, -0.4561765457605759, -1.2320618571411843, 0.9979522749823427, -0.32443566428607534], [1.7413626258727783, 1.846348805575229, 0.3687734291289777, 0.26249049858908874, 0.5073869648609576], [0.8638816585811456, -1.1585790445413233, 0.032410096549934375, -0.6455464996451741, 0.7771253623975063], [0.08324751177874297, 1.1729675666653478, 0.2688087232337353, -1.7297156581010473, -0.4108386861353605], [0.6725744707001537, 1.875719846914122, 0.7359844775878736, 1.356955975297919, 0.06431314048317463]], "h": [[-0.3703766709334401, 0.8066613257437008, 0.624605872057685, -0.614144163007982, -0.9083737337943275], [0.034827494409224044, 0.3162593107412171, -0.8212974593443491, 0.42430472006303616, 0.5610663138895384], [0.8252476241678579, 0.43043942433741533, 1.1568784955932292, 1.1503218185417492, 2.5206098679483757], [-1.1382494417225602, 0.10962971795652664, -0.25152501137247646, -0.9738400665995598, -0.2955465311882544], [1.2137053148452066, -0.21357638957971264, -0.6552673081221199, 0.16939872214495905, -1.2683020619398362]], "i": [[0.11210720264908111, 1.420087966113254, 0.7233643212789619, 1.3919152807155102, 0.4161600999966038], [0.4615477264580167, 0.47368811815733597, 1.1509698008100024, 0.08310025623235044, 0.5945305763831187], [-0.4864209492095286, -1.8081829611573645, 0.2661962067573456, 0.427811135351461, -0.648589381875212], [-1.003650151238985, -0.19720298244021245, 0.15670123321444984, -0.19950253942004503, -1.1943302109055223], [1.2054795658897273, -0.3929118646974262, -0.7888538559509367, 0.21708837543752693, -0.9199876412965576]], "j": [[0.7881089247576871, 0.28376106887775077, 0.4364331087199623, 0.012988084924458222, 1.562290786210038], [-0.6625136173319508, -0.7194997915760134, -1.5220805990526214, 0.20408376315766708, -1.0688718707167753], [1.6388813370874529, -0.9570820008898085, 0.17753996806852632, -1.1583917387037577, -0.46328587681522276], [-0.9119493558974254, -0.2975954635973755, -0.9974886180779917, 0.14833412983817748, -1.8299488170609481], [-0.4316308677822967, 0.08115791866432483, 1.1057100255947423, 1.0607968572954858, 0.29875294100927324]], "k": [[-1.2759380220723158, -0.4470612974141333, -0.0074706316963797, -0.01436082148619126, 0.2953633607179858], [-0.4520075213282008, 1.1058348986248427, 0.16472788948396788, -0.7091230700401111, 0.18354201245088916], [1.2531485447275055, -0.7058616959641478, -0.3275321522478065, -0.5466098645657061, 0.9138913580326343], [1.4522271435040668, -0.6450752298307414, -1.0750110067717695, 0.3307555682635876, -1.611913150013573], [-2.5467191399183884, 1.1416290775771327, -0.5804608414498617, 0.38023293020436066, -0.36900368696256236]], "l": [[0.7084016385106068, 0.4622203118862139, -1.171355333025183, 0.04258260921050523, -0.9413793066528597], [0.578082813220213, 0.3168372005274869, -0.749608196035584, -0.6358162498701642, -1.760283392406491], [-0.824810156326773, 0.6905605852667864, 1.7008701956358676, -2.42830096617821, 2.0898399582992533], [1.1174239224628435, 0.1482520414905871, 0.5554892314306663, -0.19114138079772292, -0.38695943001375444], [-0.47172155969740337, -1.678713196444987, -0.12162008873928162, 0.7292220211397835, -0.10038258547783228]], "m": [[-0.31623475353105995, -1.150816766614975, -0.648264779529831, 0.6703293032581371, 1.1734574613386435], [1.783285105051202, 1.0480351177960423, 0.723143427801514, -1.5608103141428964, 0.26410740004202554], [-0.5778392913943547, 1.0644228831316453, 0.8909346451116322, -2.1861225844447265, 0.027989215950415633], [0.1245619009654094, 0.10083973690577074, 0.09271243609605437, -1.1954876392604121, 0.2314122327982584], [0.1672389583701864, -1.1156224001118449, -0.5924096913810287, 0.06381813789260407, -0.9166902846221232]], "n": [[0.8753542818777357, 0.49581797295361385, 0.3280799176796311, 0.37767230767354365, -0.6903063222233966], [-0.3271736786167344, -0.9570217502673319, -0.09030360955782289, -0.6997719771108418, 0.8480931376061633], [-0.6541387291543876, 1.1035705760484664, -1.5365557016333777, 0.5741616153941557, 0.7958118265107975], [-1.2880121830240951, -1.3596516241368264, 0.30575136093129873, 0.4229003174136403, 0.14164899036024045], [2.082876629283604, -1.5340646115267957, -0.34946145884100843, -0.3476140490946659, -1.2630501798565406]],