{"ini": [-1.7666210823165323, -0.1893320905124073, -2.2385024778417066, 1.179035764791519, 0.6691283737484514], "fin": [-0.8320563561462057, 1.5977454826616064, 0.005272422724419696, -0.10209017599992848, -1.1049490602015564], "trans": {"a": [[1.5369096596282203, 0.5945638599096243, -0.6983502458088217, -0.7035401405156082, -1.1962964081399705], [0.04555164905441353, -0.9575434467292603, -0.34351536041375946, -0.7189235974218657, -0.643101303594575], [-0.051000469496258666, -1.5270645901846138, 1.0933594385832044, 1.5603278118170922, -1.1073057307023728], [-0.3473341573345406, -0.90524335951179, -1.3993717638218552, 1.3252556033441723, 0.4069006603533172], [0.9130042657954126, -0.04590624320678062, 2.014579913982882, 0.3014960348095456, -0.737895553802435]], "b": [[-0.1764566573803046, -0.38388164457221463, -0.9335812414818971, 1.3726436492073106, 0.719488618616903], [-0.4852447085821492, -0.8001537275914619, -0.8481436263706149, 0.22386999309253783, 1.685639785798371], [-0.6378368509510366, 1.4743534971697336, -1.0651257933598524, -0.11282727209552763, -0.053747175086152024], [-2.0217597605566717, 0.31162286324452243, -0.5592293478087366, 0.5128136689723971, 0.3279979246494643], [-0.6701306187260871, 0.6251728138003589, -1.037144536643983, 1.6114248650325085, -0.6119928891678664]], "c": [[-0.613353797465912, 0.4926516441865089, -0.5191798104245966, 0.02263980750374743, -0.8356808609875305], [-0.4531531938163848, 0.47128683463781285, 1.8476448572596431, -0.9069714277918389, -0.9544075358009331], [0.657502606176853, 1.4231169491307785, -0.903600443287056, 1.0650889635241036, 0.4239830177042069], [0.9094820259037958, -0.4549115795761483, 0.7004548734451846, 1.3278440953373738, 0.9905327060886507], [0.7425257897209259, 0.9653830030678027, 0.9963651225121262, -0.41148146676693637, 0.39333875784926575]], "d": [[-0.7630930439682068, 0.41153247412549365, 1.7173866614225994, 0.5648479790014665, 0.8101306501720751], [-0.539746171490412, -0.814715514930254, 0.14753232262721325, -0.5298406378553464, -1.9207136659890787], [0.3816966642538761, -0.27337712712723733, 0.7205076074613059, -1.0578660939844926, 0.08696585886566995], [0.4638796269051652, 0.13919541074185915, -1.3580943145867543, 0.30846396820133115, -1.0417140006243373], [0.5104554119205964, -1.0443610252545956, 0.2905477407598941, 0.01747496762909937, -0.7653025049595278]], "e": [[-0.9184527857186883, -0.9010741060793447, 0.7170061327186132, 0.4333587634036531, 0.5696804061766224], [0.008223115616889353, -0.5244888282101892, -0.6743170664783518, 0.7301736737841752, 0.7897094656692552], [-0.6288182282539573, -0.3994543280618169, -0.09206669314175006, 1.5757394106518559, -0.979621471589715], [0.2803993600208011, -0.16242561080306628, 0.950015565280656, 1.9932741147440804, -0.1772204075364777], [0.036694189810592116, 1.27287520220999, 1.86601809379139, -0.9077876158875391, -0.23429672103618918]], "f": [[0.7965702456441446, -1.342155748870467, 0.761549719519312, -0.729668400342602, -0.14816163605084923], [0.9364581910509059, -0.7714900797211462, -1.8406923002815856, -0.5838709715436446, -0.140143732026452], [-0.2838261277476547, 0.5977807785678765, 0.9922075492681773, -0.1489762202064935, 0.5318239852190347], [-0.8080255434123113, -0.08502153407721931, -0.18036944854068085, 0.5610450143242863, 0.5222127329836835], [1.9815547957338986, 2.554332225971494, 0.06815882446484677, 0.3863621556602847, 0.21828579897448364]], "g": [[0.22338836570370116, 1.0667971756517227, 0.5554147636506611, -0.9852635861925892, 1.5161848776786433], [0.09840544681432663, 1.0947338644770588, -0.06365621695514627, -0.40621302256401737, 0.34640875176322483], [0.19198606972743604, 0.012256617169415665, -0.4809974017998884, -0.14763880902775056, -0.03668085713204131], [0.15519286594824544, 1.1165199313126257, 0.19597587648568932, 1.4899496617343382, 1.9056630498478064], [-0.3742320413391944, -1.210162787233512, 0.10130749375793104, 0.5592730851152328, 0.41539195954721864]], "h": [[2.2193221881140954, -0.7933493478823627, -0.4905009418571948, -0.20614756360744263, 0.04543036375591423], [-0.7007729273404871, 1.971457819373979, -0.35927942418463144, -0.9906317085698046, -0.009960518105977686], [-0.08888670207583135, 0.21105899318105317, 0.17025402073148146, 1.1564276348954357, 0.3185079215792176], [0.4891848029048722, 0.8967693576757866, -0.6025531098373539, 0.6883169027932515, -0.6466971016479326], [1.189343999194637, -0.2472206740641649, -0.7290510090989007, -0.416463528707956, -1.1330520345870732]], "i": [[0.4132193405789208, 1.2614450240149744, 3.07495107330392, 2.128166919979076, 1.0843328232172853], [-0.380210764693687, 0.5722209142443313, 0.8157319815584839, 0.38382943258862456, 0.7475098316387321], [-1.2974500961312336, -0.6977029875785824, -1.0328150310142323, -0.11090186885235755, -0.8104155565851486], [1.4941742260032616, -0.6500857675159438, -0.5746959683644592, -0.6708676628223231, 0.7881290085728392], [0.7391368083285547, 2.065815322830868, -0.20210104738541573, -0.08158649421011692, 0.23592319042657936]], "j": [[0.6626310926535984, 0.2337142126834865, 0.32703526072948264, 0.32296158347683945, 1.6132449698616937], [-0.18509794122192175, -0.8992231949679028, 1.4829788696694974, -1.9236080583584632, -0.2530170722953591], [-0.1553881335624661, 1.6276154682619492, 1.4504139132997425, 0.9973038960223359, 0.2959567793635009], [-1.6156468148751546, -0.014724250484158305, 0.3583922603210404, 0.21578280020067522, -0.16844768484489528], [-0.8454369802636429, -0.09481433785606293, -0.435931792126892, 0.39394777834627726, -1.1542426598690865]], "k": [[-1.304370288968095, -0.7866593889944398, 1.883275279396274, 1.3557052178707507, 0.4826635080605673], [0.6312653146464186, -0.5101986548440263, 0.18078352497555075, 0.061960936860228064, -0.03396319603225768], [-1.589983037597679, 0.7666001489448747, 1.2113982191670847, 1.2726533818425674, -0.9394395917221301], [1.3332504381991384, 0.6834722000445752, 1.9787856367934056, -0.2309462717367009, 1.518167225095044], [-1.1170206212755256, 0.34645064337149106, 0.6128201900487164, -0.19338045408031293, 1.251961521992913]], "l": [[0.9381133360616487, 0.6681014897426125, -0.9207803567693982, -2.946634189677407, -1.409397321287785], [0.2255790000858998, -0.288999554978064, -1.4481187659705848, 0.5454959685184239, 0.881035728231338], [1.2341556367290774, 1.2900202257395512, 0.31614137980041807, 0.8990402165534586, -0.6468620906595717], [-0.9229312150327156, 1.3760924296452717, -0.37082884188927684, 0.8938093229493609, 2.490155936185101], [-0.8852228700411879, -0.17197153764889983, -1.0746595380540471, -0.3959619988224993, 0.40497879910391754]], "m": [[0.4173648457589451, 0.15695135501446386, -0.47668136035760766, -1.452904954286804, -0.3251016992780284], [0.27259602208346495, 1.1161717975581538, 0.6982603155002441, 1.4890337286080668, 0.1681696644281125], [0.2511053042360152, -0.1584832179059507, -0.4028108490229025, -0.3111218853582261, -0.8958214359463154], [-0.113157442145539, 1.3701348791275307, 0.035157051971270295, 0.41534151009373915, 0.6514070627522626], [1.6026213790952917, 1.5200854001759372, -1.024524298411757, -0.12558387028825138, -1.2697551159069473]], "n": [[1.5059218613241367, 0.20413370009080972, 0.03787795172658619, 0.040619083114590636, 1.1219309828577895], [1.8474014289671816, -0.4497459329812005, -0.16440854039810385, -0.7387127182636215, -1.5413615668190488], [0.37302682872510573, 0.26860569506422355, -0.34529815052224666, 0.13719100526768027, 0.608971563834916], [0.5013158352206412, -0.5638623172463201, 1.1925004828712846, -3.382472536515029, 0.2047043772061933], [-1.3319407637969647, -0.4852438034853841, 0.8581801262655954, -0.8218732265045967, -0.19527215741667073]],