{"ini": [0.7725725787455296, 0.6004447108646435, -0.8714388383031006, -0.21057467684690884, 0.7060413358398977], "fin": [-1.7101744684736522, 0.17137362365217101, 0.40200935936443655, 1.467479866478053, 0.7662011525384596], "trans": {"a": [[-0.6943091682477941, 0.27741494931424165, -1.7687577183482315, -0.22053837611477414, -1.5821340353552347], [-0.3955254831830777, 0.3248358507419541, 0.45435788928956977, 0.15476022581345467, -0.5321464849259412], [0.3796065402012383, -0.5773959785938799, 0.6000583982807645, -0.809382667984621, -0.11686977486305958], [-0.23404844326743873, -0.03845792762425762, -1.887796217189045, 0.6541136655618847, 0.21096848871420804], [-0.6848595835651896, -0.22684031303062807, -0.14130967370218508, 1.140743786079902, 0.04775938814571815]], "b": [[-0.6222026792424142, -0.8546978312186362, 0.25422490803705644, 0.0667744759664931, 0.41125970029940234], [0.13438219759001174, 1.1114267448837836, -0.9140390299611808, 0.36924561542450923, 0.25651628980156305], [0.7781080546704315, -0.5424761114744101, -1.4231209829057518, -0.3003911706153706, -0.5034902374871959], [0.6153317724046203, 0.20027624685250944, -1.3556659985040065, -0.11461086655479387, 0.9108169151846528], [-1.5159197456963989, -0.12411905112718419, 0.8092759440695216, -0.8405735121780039, 0.12740534642093126]], "c": [[-1.6678732515952375, 0.16236725525590556, 0.4105153222679953, -0.9540014123553552, -0.11462996209385116], [0.7352790913705786, 0.0506796287707121, -2.000864291277753, -1.142539540795209, 2.4345350462873414], [1.028988064144297, -0.0265977351227049, 0.13627417070041212, 1.8957459197974516, 0.9158247789841113], [1.0357839927368788, -1.2667913563849473, -0.24196885184590136, -0.3585279855192563, -1.629343724465708], [1.1744566023080065, 1.420443067290039, 0.13449826942690055, -1.2905847304696185, 2.373739050473369]], "d": [[-2.2240278101706084, 0.4903638151972167, 0.28009275667971534, -0.7780108328360892, -1.4093111426768405], [-1.0569783414614933, 0.5188592759473, 0.344728902931481, -0.16202361466317536, -1.6122237832490989], [0.5166207591557899, -0.46910825172074183, -0.6005472047154994, -0.8852971699991573, 0.9871431425091368], [-0.03607886305585067, -1.2442038264060218, 0.5512865892231867, 1.0119071503474917, -0.03225764226522509], [-0.09767197458541743, -1.5485762766139146, 1.2534077474257403, 0.23297407111989582, -1.254821724888051]], "e": [[-1.8087326356734008, 0.6908551217582103, -0.29373324427781733, -0.7327997277291064, -0.28626571848306104], [0.35638820695682927, 0.8204089976256078, -0.6517546026238712, -0.48892411963444216, 0.7960183738093817], [0.7730826224339172, 0.9177724553627162, 0.13911735366361877, 0.837348962910726, 1.7383377351096283], [1.5656969223411368, -1.2386358900831758, 0.654905994894383, -1.864576089954879, -2.0403872659754994], [-0.535299653417509, 0.2411621035960135, 0.23929355128315277, 0.5323413433726197, 0.3101862851829598]], "f": [[1.0272234932640696, 0.1510205951137609, 0.5221664202635228, -0.6994218462899272, -0.09048343877085], [0.9567256643401402, -0.041927767944376026, 0.8462135991544131, 2.1252671827174594, 1.5256960722601642], [-0.980528372330046, 1.186315037847721, -1.993905447313133, 1.2958342171645865, 0.3975766035573817], [-0.599287954910463, 0.27319661072513834, 0.5281004555880343, 0.1801425196651794, -1.1248604863221883], [-1.2354848632344646, -0.7439733235774509, 1.1011973570747826, -0.15341473328428626, -0.6936379346199152]], "g": [[-0.07627747487840217, 0.4431407744510425, 2.008099286454817, -0.14075930710980447, 0.24643235390353724], [0.8430694496304904, -0.48565849719796433, -1.6252462773684255, -0.7494182907077704, 1.129416899403238], [-1.1947498252361919, 0.3261734718226668, -0.742341118403296, -0.9311648578712024, 0.10186231865734388], [-0.84275130824258, 1.3680518927040568, 1.5648878137761892, 0.32849391289470076, -0.5021656745631642], [1.0924074412404856, -2.463330546470711, 0.9714919285118826, -3.214773056316006, 1.1310744129050632]], "h": [[0.34459937180780703, -1.1823004017672658, 0.27371632408117785, 0.1968246208634145, -0.29815116188487367], [-0.2588156696739118, -1.2692321529594242, -0.14922977521587003, -0.09655397730422563, -0.628198938280577], [-0.42265729405980323, -0.7217612973522864, 0.5479519512407708, 1.0388550799447331, -0.9615948109059361], [-0.8282253288739084, -0.41207409221590013, 0.7709373385315124, 0.06910193079936673, 0.8789018158534054], [1.075624108608763, -0.5398545092274292, 0.6485016348556439, -0.839146867415115, -1.2394151179176083]], "i": [[-0.4392319185017921, -0.4052964615845906, 0.045273048057708015, 1.1617688369829524, -1.4828109392186024], [-0.9328285825658506, -0.857713067039947, 0.37999245966863693, 0.1970134452098741, -1.389503088039177], [1.3327861973529687, -0.9560616180210283, -0.6710199202954195, -0.025372684244445245, -1.9104168446046548], [-2.3284429649474725, -0.30277771760178473, 0.08737177485216541, 0.09605755474875897, 2.2756294093781295], [1.5267565701440953, -0.6977590932819776, -0.9397083023327837, 0.2494423381914666, 0.5232094320191468]], "j": [[0.9818442271326921, 0.9590186931639887, 1.1829796409347653, -0.4407646921847782, 0.5572288351939916], [-0.46487563570988655, -0.9938691041933932, -0.803181873375123, 0.20791528641544182, 0.2800430748519724], [1.8311829095460583, -0.7180706963431781, -1.1343434624911712, -1.8813326561323034, 0.4482502318308142], [0.5776065926441512, -0.13102756759498865, -0.4738158961345233, 0.3089847199482589, 1.568799282891156], [1.1829405890331868, -2.7832300619574566, -0.3195017274280356, -1.0360768637898334, -0.8680966256623881]], "k": [[1.7348082059446737, -0.17775563049794182, -0.636167111659544, -0.6679401599601807, 1.9714728689794736], [0.691692509658445, -0.8705410826681809, -0.47189581099430516, -1.8899767626825177, 0.08974236613441637], [0.39506364531550003, -0.7753761720526178, 1.3743829184826561, -0.2516772646488646, -0.4942712517420752], [0.9642613938096456, 0.7631641618577552, -0.05629924497966828, 0.15916318909664498, -1.369472953267884], [1.5210034596226771, -0.937711582083757, -0.9191280844329607, 0.07817425722150022, 0.11803290489079386]], "l": [[-0.05097791951947009, 1.1114585997983875, -0.7125759251673777, -0.35665656037819976, -1.450310988157328], [-0.696816649283789, -2.290436033056761, -0.12047341221697389, -0.19336028136654454, -0.7106416635610407], [-0.15797813645099348, -1.292699278942965, 1.5088775832370507, 0.3271758888444543, -0.37435896498309407], [0.49737814519022927, 0.09921394634886649, -0.2566798714475656, -2.353568059786467, -0.4503234269652939], [-1.9672550604096974, 1.2448086905867597, 0.8361643288843335, 0.423793799560759, -0.9276752482764219]], "m": [[-1.5302287132165144, -1.2192447409327185, -1.2429380553399727, -0.2345983544953279, 0.7951224389866056], [-0.6165083708033294, 0.05471318979102802, 0.5506981386840232, -0.34334171413625103, -0.12694840667911847], [-0.6573801612892574, 0.05167074762887046, -0.4096881930726091, -2.3917461864000935, 0.9115266964474757], [-1.0924314155053871, -0.7846682514555828, -1.7761934154657102, -1.9699206222359524, -1.3330171160224638], [0.05543909787927484, -0.6346866278557436, -0.004592983612288245, -0.46240045286431447, 0.12188141123028239]], "n": [[0.0787694872087685, 0.6633024005151194, -0.41595044457796754, 0.43698912768967246, 1.719892339971865], [0.5092165308131827, -0.5015421722948982, -0.1424905658400655, 0.846361477804655, 0.3310412903383116], [0.7746869166990323, -0.33894004897065416, -2.58014686904594, -0.31096032871979035, -0.24457743409624902], [-2.675850435417523, 1.9267122217323398, 0.456685068377876, -1.88105200067174, 1.117838965417934], [0.6839195165968832, 0.24155572612095105, 1.808128930284949, -0.678697730339752, -0.6052588819970279]],