{"ini": [-0.3723586825859316, -0.4920395131797767, 0.4592073187310888, 0.4300423961649382, -0.43951491783404006], "fin": [-0.46782432844883637, -2.671797253280323, 0.3368561358580087, -0.7178638389406121, 0.10293399052071804], "trans": {"a": [[0.07317895015444384, -0.4384886100835096, 0.3532909695474481, 1.7571821536341135, -0.5173415783585298], [0.8859131291864245, 0.015869920802373632, -0.6077192762699966, 0.2965998787237934, -1.7989858573825408], [0.4745782656274785, 0.9116013243569444, -0.4690122062544323, 0.9722072073534983, -0.7969090615741237], [-0.023192747980059197, 0.9443081438385879, -0.1289482342333845, 0.49246094312229904, 0.1701816582125984], [0.6739349312749228, -0.4378057152792417, -0.9768032182891411, -1.983365828076179, 0.5750132116999312]], "b": [[1.1095256283229176, -0.6115067167430537, 0.5549915930737263, -1.4094956034471737, 1.9063402567772711], [1.0289713936459157, -0.7774932350751934, -1.4878959054974312, 1.2118035498028032, -0.5735726563749319], [1.6249413754820985, 1.318451410785314, -1.4697906875053162, 1.5622126164594872, -0.6484137813873818], [-0.963070754378443, -1.1394895369023614, -0.9189126005724404, -1.0284819976198025, -1.4402843602307667], [0.24084053015285786, -0.7436989054506895, -0.2620792129096133, -1.6713774149447662, -0.7401564416866224]], "c": [[-0.5754200025010361, 0.26557803193295526, -0.38812318647892935, 0.621122034029833, -0.008250398093221414], [0.6487579091670227, 1.6984723094549228, 1.0930951445630221, -0.690131191912843, -1.7203678030366214], [-0.6827479351432543, 1.0796847874577138, -0.27837451336034075, 0.26055143183004453, -0.6225968588268302], [2.4693126361610167, 0.706554122867386, 0.359627322942775, -1.2189810979032238, 0.019981354757218905], [-0.10641851637977323, -0.3209559933170748, -0.5018359296107183, 0.20904297085867224, -1.1092618715246525]], "d": [[-2.169112760851554, -1.080934275903964, 0.9089102010454571, 0.2231113263521118, -0.4872614936348958], [-0.6228651899158971, -0.19279622199457133, 0.503879671571227, 1.2015407010489758, 0.7677447767094381], [-1.1314658232619217, 1.6958708057997232, -0.33194789785373036, 0.05693097069945902, -0.20134208005636325], [1.4521829118783693, -0.48854192235490135, 1.8411434432746616, 0.5619199463943179, 1.2043876310715258], [1.6766663272907056, -0.735347055972502, 0.8242835419623884, -0.5935083708828469, 1.246706743543849]], "e": [[-1.2428207964676012, -0.3846612480093756, 2.727294765736015, 0.012357316777107054, -1.254843815757549], [-0.8097704257323247, 1.3481943101371674, 0.7738970931101008, 1.662924342100292, -0.28690180718660785], [-1.6874680047104755, -1.2497076200064905, 1.2365700999528664, -1.852109530011155, -1.0579537632407665], [-1.2755878939942997, 2.3381144917523495, 0.33297041178566045, 0.14654222519613105, 0.7406326366223925], [0.9101203084008852, 1.1616708960841817, 0.5903837789054163, -0.8732050215223703, 0.9138258647263128]], "f": [[2.621828772542267, 0.46066348734475004, -0.16005256724255396, -0.09586180502394014, 1.03092296144568], [0.8744063049519593, -2.5296480601956604, -1.035944586924691, 0.48150618004249846, 1.5703131477615135], [-0.5085673648889758, -1.8632373381750613, 0.7039102282587635, 0.3185961948632151, -0.48981930301955123], [-1.6251540375047355, 0.25474246067195055, 0.6627383320765959, -2.618105464487888, 1.1883944626831673], [1.3623291272167872, -1.2666207243404617, -0.07633749111272467, 0.18525644162921662, -0.6699163661769604]], "g": [[-0.12885946648467733, -0.7603927327152624, 0.9019111447413222, -0.4002780141694554, -1.156902711581385], [-1.1169409399105528, 2.109696916817429, -0.8008346522530068, -0.25102758362142896, -1.0587718931072474], [0.23600641045954884, 0.39991974134191594, 0.2525255671578644, -0.057300073857129374, -1.0370922385528822], [-1.3941135034187047, 0.3379115298806531, 0.25317592344341994, -0.6147800661176103, 0.46647664747027345], [-0.9791057749203236, 2.75114656730231, -0.40996288389155544, -0.6863935905122733, -0.4973582927023874]], "h": [[0.2935637457109324, -0.1961245785543764, 0.190933149463306, 0.035431146563152154, 0.37607432571142907], [0.5428814299272355, 0.5338112046988044, 1.024634587856626, 1.4347537095681013, 0.5373147593406864], [0.022917951476767895, -0.2957679629790758, -0.14598877766363544, -1.8204516489363702, 2.726339949576682], [-0.05754580387283164, -1.3160656031811688, -1.1777227714082044, 0.4632030427807183, 0.02894873720140865], [-0.903625820931034, -0.6988794852047373, 0.22638199982533952, 0.629913189731727, 1.1960841929566388]], "i": [[2.057922445200942, 1.3799744923850725, -0.24907046409906908, 0.023905143539156334, 1.3139246065790524], [-0.7682943393207256, -0.16487719268910286, -1.1928127366161627, 0.2630131896355563, 1.472045181984009], [0.28820497714871857, 1.6763220568334525, -0.4940948040853313, -0.2737834280504778, -0.8398043426174758], [-2.1083820023911612, 0.2698328786073285, -0.35039578459720877, 0.8322914767850429, 0.6817465353349577], [0.9125607273739571, 2.09623222013392, 1.3306060618841054, 0.49199619479172724, -1.6536558996924469]], "j": [[-0.5152683121607783, -0.09863897189980292, 1.2728534436727075, 1.1677364219423845, -0.3350887889320452], [-0.08443080731593304, -1.3034422809454855, 0.6393548698194204, -0.6585082140900717, 1.228001864186454], [0.7089347141128761, 0.4200685976374465, -1.7470312984638428, -0.35302122225815896, 1.4408887726920057], [0.14911059707204188, 0.18327196071270957, -0.8707657958434462, -0.12357502763098915, 0.4795280469125371], [1.9851124279409773, 0.9587305799270165, 0.4019760213009325, 0.49126163554205327, -1.878356003224446]], "k": [[1.5653217508281188, -0.3601897478947062, 1.5906131106030503, -0.3855430483011387, 0.641212894479419], [1.3257282372935544, 0.24612525538984226, -0.5479229874020022, -0.6820121216082222, -0.2677866974831429], [-0.3517026598531611, -0.5827598617112512, 0.30505554505011023, -1.0981362798122274, 0.40267391365998106], [0.9526126360757445, -0.724118500384579, -0.2955824843023933, 0.19528343390042355, 1.5404002889798252], [-0.07136293712487313, -0.24301797966047037, -0.3317804934325658, -2.156668283598288, -0.1922144985738125]], "l": [[-0.4369212372406633, -0.06906664876829174, 0.8500082517115616, -0.14513184612822144, -0.0008163732214659494], [0.2146758009426005, -0.5859441876472168, 1.2375439154062313, 0.7389821014275586, 1.5583164095380306], [-0.24443592173135803, -2.036255794688635, 0.6736474355006148, 0.6288269211669919, -0.28273800692043133], [-0.7193879184421073, -0.4190752253562055, -0.8585771272061252, 0.46647709571698615, -0.036022148128711545], [0.3892969568171323, -0.12495683240759192, -1.1335033389975027, -0.7937079842514114, 0.28216295446795764]], "m": [[-0.5184486970659403, 0.3217059962962727, -1.8698576924807098, 1.4128075261004853, 0.8557001851432469], [0.5692951019240841, 0.8671571007235398, -2.4623674984707593, 0.7751041443623565, -0.7154196217892412], [0.16936292359998137, -0.11123054871684292, -0.1723720105667619, 1.8192688667366892, 0.783146401970204], [-0.8156472768695264, 1.954984179413723, -1.2556779377241702, 0.3224546192992166, 0.5116500344675471], [1.9666301014562548, 0.8216649138184188, -1.7586583387996613, 1.007904602036995, -0.8705993426389121]], "n": [[0.5429985167281486, 0.6799628428023576, 0.5291403434217782, 0.2945087311639359, 0.4412346016962416], [1.3481827084600124, 0.7623705237770397, -0.6111322834171833, -1.0934097481475502, -0.5019780750855604], [0.46101040449807684, -0.13752595201776624, 0.44520570781853686, -1.8889006422658086, -0.16127853784125148], [1.413590802500632, 2.0057656394672523, 1.7269495650631683, 0.11309829074936292, 0.09171844279127427], [-0.5069763884176345, 0.021892919781189166, 0.2977364449569752, 1.7258053496209074, 0.04573730835326494]],