{"ini": [-0.36472429573601456, 0.2695511341632391, -0.22667013352845228, 1.579984775525523, 0.22146815105606038], "fin": [0.50712690483038, -0.05690237342547598, 0.6631373968826446, 0.1469205204058565, -1.1983525007827531], "trans": {"a": [[1.3889158580614838, 0.261347551795596, 1.1126382459546507, -1.4422127200718928, -0.2668700577039845], [2.1746413096371673, 0.022895773678234435, -0.5966805981120392, 0.6519583015342727, -0.8585769750692661], [0.011803153984814506, 1.7187735998002376, 0.10364790322224277, 1.0302922732815127, 1.1927771529747053], [-0.6293870367411389, 1.4020691486594568, 1.2449607017013322, -0.41309131489737194, -1.2784208955369079], [0.4888743019277425, -0.46575648647758555, 0.003226832906310374, -1.933724961354035, 0.45554728834349545]], "b": [[-0.447611812279332, -1.5041520031355244, -1.521761633161682, 0.3484262095237395, 0.7763403308174917], [0.8998280630151947, 0.12056568112300857, 0.3957860467094309, 0.08676596766950902, -0.9246557578289959], [-0.20737027662308682, 0.2511271485381735, 0.10615697817486312, 1.2722631856838973, 0.19371539303696683], [0.3973409805681825, -0.16789911976625232, -0.15744607724485662, -0.39843997564434985, -0.18012928201019146], [0.11075621549518855, -0.6039853192156144, -0.695980797641428, 0.5198960216624683, 0.8226286892956987]], "c": [[-1.6777052373730974, -0.9920051967652187, -0.4797572140478398, 0.6606265647309756, 0.22206311125599915], [-0.0226213075872203, -0.18656460410859219, 0.4132867280033744, 0.6167776109021833, -0.5124108638385992], [-0.5175375152769238, 0.14780120207840713, -0.14573106927204774, -0.13538761336021157, 1.208911586635649], [-0.13910715874660204, 1.225949177943446, 0.7840657187166407, 1.7429664266036275, 0.6106358808396232], [-0.3408976757284071, -0.7220911602863502, -0.7803039873437048, -0.7758784995679964, 0.05148725046862559]], "d": [[1.3796306024335254, 1.00614067133374, -0.1913831808021244, -0.48581150290302516, -1.7756451412561944], [-1.1306319934086941, 0.6949455426254547, -0.316981932865682, 0.7199573729693955, -0.9629632056752823], [0.31970303761126195, -1.6657908876950414, 1.5430660264629046, -0.6668366124661169, 0.062478682675999105], [0.24451893426580712, 1.2355005266478807, 0.4195089208950446, -1.0855260347554267, 0.2462872764172659], [0.15295985443072324, 0.5475331311825155, 1.1753161885175742, -1.021536149534636, -1.6084133969332546]], "e": [[-0.15310169964615006, 0.19779649522676818, -0.414490918213053, 0.6744405186569186, 0.27962389695968926], [1.1612393178067424, -0.9020443666764111, -1.5085364473145928, 0.5396146600433434, 1.640165794357251], [0.6430065173723166, -0.8057668845159957, -0.06944014736902343, 0.8445530474009383, -0.26232842292529907], [-2.6700133817809464, 0.07783392771703448, 0.9838262331983084, 0.6322935881741581, -0.06919517130008634], [-1.7590471408058488, 1.4682223085669812, 0.24698891382797789, 1.5438520259292807, 0.3225499993142589]], "f": [[1.0796037337868516, -0.14890476376022135, -0.14291010571165286, -0.6574703343118807, -0.8437109363981631], [-0.26886484648975906, 1.366658861441479, -1.3128300991828146, 0.9083439224698177, -0.1993413486535165], [0.5176751768045291, -0.31760817955568127, 0.7730600996517569, 0.8509539747926614, 0.7006968438105993], [-0.9752286305338747, 0.27364464589250326, -2.7384449094102137, 0.30585327285563096, -0.08890701304559732], [-0.40109218369748195, -0.36205939107707386, -0.134370531119116, -0.7499509667110005, 1.3630842486128842]], "g": [[0.29126091852435054, 1.267461537448261, 0.0851151152109222, 1.141939632346396, 1.635255428345342], [-0.3431475450756784, 0.7614540976011395, 1.5380605290217946, 0.19730503679243278, 1.2217224000534672], [-1.3115816724760778, -0.697516541408753, -0.49060600272827737, 0.1257851458771291, -0.07472414662492911], [-0.3077775929000298, -0.3107574895705623, -0.019761453384825857, 0.9219961291820064, 1.0580598417321392], [0.9479144512886719, -0.5599311014547306, -1.2351832124489965, -0.43269154209760063, 0.49820866766235344]], "h": [[-0.365630368293849, -0.2753208518286184, -0.32790117798217006, 0.0005564640640003447, 0.8637290897238169], [-0.6634421966760621, -0.2985280805255716, -0.047756078585366096, 0.5552860992623841, -1.022127905728628], [-0.8675721119823566, 1.0918375512736116, -0.5511964471458667, 0.8210405673667772, -0.3565656306976741], [-1.3285466995586337, -0.23604180456080062, -0.5728525794279598, -2.3441601744365785, 1.9454464197914136], [1.4768816208607503, 0.025521049970452365, 0.498712783273116, -0.37900687676940087, 1.5338523799322756]], "i": [[-0.48890306658019433, -0.8604991607337923, 0.5729987651569004, -0.17676277426239567, 0.4527053693773714], [-0.4300862205846143, 1.098104909034734, -1.0286627122038727, 0.6987496208345613, -0.3906619495132636], [1.291431707849636, 0.8354688581785722, 0.9874527428931363, 0.03538127435651539, 0.7282847628104627], [-2.5921223218165568, -0.2509212806902496, -0.21662987545215934, -1.277170914556208, 0.4669389077021279], [-1.4924771353926194, -0.9836266631302677, -0.8921117976468397, -0.7893926522823008, -1.1579687401257115]], "j": [[-0.844213978392614, -1.8183591619420933, 2.2010921686497062, -0.6479930944442678, 3.544322897052388], [0.7341935740635026, -0.345573956954595, 0.3556160350187077, 0.9775752876097095, -1.1116083202666347], [1.1961618457487584, -0.914506381442118, -1.2481854532418066, -0.6029306080571202, 0.6674323143003739], [-0.8074957015722959, 0.13629037389991322, 0.16337655193484527, -0.6808323117768617, -0.0703565967931205], [-0.29972210237188845, 0.45571254909289816, -0.8064126625188215, 0.15242827930876773, -0.7149329627517881]], "k": [[-0.6584359753279846, 1.3132746932636532, -0.37345096057212224, 1.5150785248747933, 0.7325882396938803], [0.628635917491584, -0.2697651820662138, -0.38839213185923527, 0.982386095093347, 0.32208030859925596], [-1.9147364467482022, 0.656069588103283, -1.9357239579077128, 0.5687117283363904, 0.34100094802071296], [-0.17425705913859096, -1.6624088183576529, 0.13091939984935003, 0.5809302114661729, 0.0975156137596807], [-0.5737112053976752, -1.646040368690274, 1.2272658170401045, 1.458916250959983, 0.5733425234586441]], "l": [[0.8562155362773987, -0.06433364236000298, -0.9182492687032984, -0.14746799117410392, -0.3678648117375671], [-0.6543406781557163, -0.7548969694147015, 0.042955966833140055, -1.6115536456834567, 0.03823066579205564], [-0.6426369656509081, 0.33188350741754524, -0.6106081486067377, 1.0584197450640045, -0.557104532505378], [-0.5829484652176004, 2.6343373623892803, 0.527100104960286, -0.6376083038421796, 0.5766008144888745], [-0.43651343112527996, 0.9620950609855019, 0.3682207959613414, 0.9885356357449788, -0.5031751458594327]], "m": [[-1.4284034411678763, 0.6353365884102627, -0.8443392493388416, -0.6245227992458181, 2.9747624417247143], [-0.6256096149639592, -0.11869099151856467, 0.7025548892609785, 0.147373769449535, 0.36300975951627446], [-0.37163529603731926, 0.38884572673755835, -0.7831108638613838, -0.41621555932409987, -2.545678070498825], [-0.9939287111180157, 0.42952300215912526, -0.09555293815111025, 0.6236286430099843, 0.6352998511865249], [-0.44178285484542057, -0.9824143266234018, -1.6170468898839028, -2.104222168452482, -0.6726679488244447]], "n": [[-0.48853945105543745, -0.8707402841907861, -1.925955808680893, -0.31847833107811846, 1.0632597345305912], [-0.6361402970503272, -0.19967903150462296, 0.4730292112355878, -1.188403867106394, -0.10471802920735498], [0.24260984814785772, -1.3173191952998986, 1.5244489765657672, -0.31967350747312145, 0.11008180910486379], [0.30911836149593086, -2.2677139883062285, 2.0249077453009954, 0.055428553293911394, -0.7541063891181188], [0.2904746376044824, 1.7380509809206948, -0.463765830736737, 0.6825502711075369, -0.19057457254720686]],