{"ini": [1.024957459885402, -0.742562034026189, -0.1452525063949083, 0.06110176152974943, -0.0034498671507673336], "fin": [0.5970619311274392, -0.6543237620954699, -0.8477990705220357, -0.0710660270880492, -1.219177608197559], "trans": {"a": [[-1.8133657352037422, -0.09115045713355259, 0.8788677151113561, -0.6127268856331309, -0.35903680926963016], [-0.34829814458182085, 0.6649340666747007, -0.03683459878785862, 1.5059824542386901, -0.6309852690500967], [-0.6492008199792104, 0.2228658803364455, 0.6408465371486971, -0.33737604707286406, -0.517135594287169], [-0.9519632408993222, -0.8514911886242157, 0.44963682695439666, 0.03139413329961458, -1.3335013888391563], [-0.46090589911773866, 1.1196845276435574, -1.7307063228019732, 0.41313656088801176, 2.264678529497779]], "b": [[-1.0186379010153708, 1.532065563739372, -0.6763731420814272, -0.9228160816523729, 0.9670788195506875], [0.7847169420893906, 0.2851627271734816, 1.33417585366007, -0.05879161826669634, 0.6400334546510573], [0.7472128295301643, -1.4030295179143284, 0.638126802855697, -0.6637023219302975, -2.0699366331401308], [2.3568128474184427, 0.6466928933280156, -0.3311618329725668, 0.08564702079024512, -1.1730010221699347], [-1.597612860624891, 0.6866438056271438, 1.3412199088200978, 0.28920144124325303, -1.265127651274538]], "c": [[0.32359330467189934, -0.39608345912417314, 0.4236719853427269, 0.578547401633214, -0.8378281428022567], [0.13355619393037, 0.003564746698144422, 2.812941690768296, 1.0518767418816095, -0.04517298127526334], [-0.11124888781412615, 0.11584306078767122, -0.2751533614042849, -1.5750515365664703, -1.3012434319376462], [-0.21570790057830466, 2.267450493543726, 0.569270371482135, 0.13056436473776456, 1.094111760256547], [-1.8811284524747978, 0.0650457116582115, 0.6397022791400608, 0.8738865849482225, 0.2377190701715636]], "d": [[-0.2331804022760215, -0.08659025086081816, -1.3294562361271796, 1.446388995957796, -1.2893901502745335], [1.5980047200932492, 1.2676071525425678, 1.4507964591434779, -0.16951414944944782, -1.9680593630361916], [-1.1177322384367472, -0.6525504565158696, 0.18885243531442722, 0.5470896366792157, -1.4196009542936805], [0.7725914664739145, -0.8487481187152943, 0.5616981296660368, -0.510686971566574, -1.100497959998957], [0.6930731592925622, 2.023415547242393, 1.9696287698987187, -0.9846803393301372, 0.11966584112315051]], "e": [[0.7586428641337982, 0.5744544055065248, -1.2565909343314166, 0.21257177541660324, -0.6084436869209842], [0.4126598586024622, -0.6190347757438136, 0.09901858336114908, -1.0415755204718868, -1.1402454074330932], [-1.0573625146864796, -0.7180408963384054, -1.0530107832996456, -1.1541532102316285, 1.7122818847311538], [-0.014573127608938063, -0.4584013099627957, 0.9139637951939372, 0.5089082376765512, -1.3449550764095743], [-0.3090481392862221, -0.3509215389208354, 0.21738377017393767, -0.2687522454022363, 0.5903865429103348]]}}