{"ini": [0.5789617472641885, 0.9845741143738632, 1.2815248796693215, 0.9888267551645109, 0.352935621624756], "fin": [0.1319239976601665, 0.018710380125895952, -1.9568580091502166, -0.8205666317996174, 0.17259071505396642], "trans": {"a": [[0.31556698816847817, 0.20454325971611867, 0.9626185614723775, 0.04073881098869083, -0.4260489518846773], [-0.05519143518684716, 1.0190207627873682, 0.9715663654052145, -0.1675242753236268, 1.2355624202026099], [-0.7636683783147745, 0.40247935173057736, -1.3166083160395001, 1.0015306831665867, 0.145583120013016], [-0.08724996285272188, -0.3103587713763373, 2.19438419863429, 1.849819688531719, 0.6858887261716817], [-0.6562037486081194, -0.07569438491353388, 0.6337876871090709, -1.328150018269934, 1.609159716003005]], "b": [[0.22274996104053704, -0.40496011553451244, 0.7485701655595352, -0.21550305425574454, -0.4980723439741414], [-0.6496887141630998, -0.2154292339428999, -0.5986952484356929, -1.0579669417607322, 0.0015342783997191753], [0.29542495864019, -0.16920498885769436, 0.07588446879284512, 0.8466328369911837, 0.5897387562282849], [1.4812366299690674, -1.8642416280988867, 0.053421027488919415, -1.0879279278114267, 0.3310706376643688], [-1.4962169103238436, 0.32608496108289664, 0.4053780312589251, 0.7193068378221782, -1.4163751514105516]], "c": [[-1.3034698879626951, 0.6479483837500185, -3.1836824385034075, 0.357093989399407, -0.2263284264358564], [0.7238280258293563, -0.4223672095651565, 2.2646812259959272, 0.12059357343076169, 0.6068726573802574], [-0.031152373883070388, -0.6000071849034931, 0.27171643874167783, -0.6451449330026356, 0.7006870518232883], [-0.9067547261936421, -1.3344187416664262, 0.9093515050616207, 0.048199550016030664, -0.13768779979097331], [0.21351096723665197, -0.5971136038908389, -0.5297844035607404, 0.36710071469700284, 0.26038524170056004]], "d": [[1.0008392738371261, 0.24909228095970537, 0.7260635124259898, 0.47176938289934367, 1.0307791767347232], [-0.8854056222438134, 0.8036016394794993, -0.33343514763542337, -0.18406388082055586, -0.07543496772432218], [1.7738723834423349, 0.7714313793012014, 0.5552736255999116, -0.08098282057825117, -1.1552070468390117], [-0.01857804426680874, 0.5375220710387744, -1.3246684357257679, 0.13775707534074122, -0.45744313494918076], [-0.000596375910492069, -0.8001749860692556, -0.47004285175451266, 0.7035634145837234, -0.5802777038982113]], "e": [[-1.419727284863821, 1.4948221264376125, 1.0435615263327482, 0.7801033666105353, -0.25649122877517516], [0.1493363010341226, -0.2394647515414976, 0.792962707457456, -0.16940048670280294, -0.088350349897856], [-0.7833342335017661, 0.2547645782268535, -0.16867920378522946, -0.5465220372570969, 0.43550210966128794], [0.4769506925753045, 0.4057802704036907, -0.3017489156337245, 0.23434209114294963, -0.05656174591376633], [-2.388474860637694, 2.3368760394076835, 0.1584848658483185, -0.6524313190817145, -0.37083859822446946]], "f": [[-0.7186603593513559, -0.35134316598522813, -0.11428284904648427, 0.9176094592326769, -0.6963675806674617], [0.9966622963311691, 0.9860986724406982, 0.05355512186523394, 1.1123376645585856, -0.07604014339873812], [-2.6691533034783137, -1.8053695886965166, 1.1548808448462233, 0.9827358479799411, 2.956860338060611], [0.7948186519936692, 1.378350673089454, 0.5837777583159888, -0.721003843497474, 0.6825670874274697], [-0.762627554575382, -0.23313730793581658, -1.305441250816325, -1.04948503398833, 0.23861021501394183]], "g": [[0.29336056452780707, -1.5784674508358836, -0.8871572771254633, 2.7557411580810616, 0.9822936449373815], [-2.4798722279116534, 0.19379282630378447, 1.137339448832987, 0.1458583270055007, 0.4555186785170999], [-0.17176123338378463, 1.9312527087015663, -0.3179330276314538, -0.1164175217067561, 1.4011988621276608], [0.7899112551853714, 0.0830394117779712, 0.493694482289387, -1.950728004838602, -0.36802357931599367], [1.2930730871920495, 0.45560473093154785, 0.29156846069357506, 0.6033211475713678, 0.020875343960535524]], "h": [[0.8783643196169206, 0.6740310691237137, 0.21396335313442977, 1.4191324997308272, -0.5505365881052394], [-0.308635233153526, -0.018673775801000273, 0.09510533226675988, -1.4882586557616961, -0.5421394621983531], [-0.9430842343512066, -0.03259365222575266, 1.6193470792397595, -0.21603011127864954, -0.23683586019853037], [-1.0251906988303103, -0.16001470737684467, 0.533621803798804, 1.263600445981516, 0.21484356150554437], [0.07289748394434656, -0.8401619743230262, -1.4008453707862305, -0.7034670005279318, -0.18627607449079106]], "i": [[-1.2925088526371131, -1.3268246896841673, 1.0414899012668442, 0.33473100261541006, -0.6067978860536418], [0.6582037729018136, -0.9509406797947355, 2.130821078169795, 0.6106909977371976, -0.32393422450334247], [2.433468902814333, -0.4255773237429169, -0.22780774705606913, 1.3899817726678612, -1.3247007139167097], [1.0070360851618108, -1.4879187808242305, -0.9942600748348671, -0.37844781136789685, -0.6594282004528886], [-0.2477451587478612, -1.5197422069463125, 0.2978124282282251, 1.8440511947522016, -0.35421711299190034]], "j": [[-1.3185777067981104, -0.598995009055485, -0.1856321814916038, -0.7013333927687688, -0.8730299864715736], [1.2269885906920883, 1.9941863105223585, 1.1926319242572756, -1.4622551320141217, 0.3087259228152321], [0.08657376542968001, -0.8143554191659667, 0.7994150361041953, -0.3222528815341717, 0.8750646646882364], [-0.2745273326888266, -1.2964604691109314, -0.9619494582217012, 0.9795703957819691, 0.4113234875807293], [0.2809074575372545, -0.8086469135703062, 0.0383128320893058, -1.1922115662671433, -0.3915751582282515]], "k": [[0.5249238488969443, -1.2207100444234726, -0.2290572515761461, 0.7101464143460516, 1.536595437141424], [0.1482126770927671, 2.370047472856431, 0.8011961189304536, -2.29788121180946, 0.07072468323661794], [0.533895722039476, -0.8873923524857948, -0.3492217161012043, -0.48543515300835277, 1.0982083148681459], [1.973559696514242, -0.7154895094419107, 1.9223749161979662, 0.1432698730460823, 0.3201265493229259], [-1.9411048298577953, 1.267540399302004, -0.6823112997937755, -1.1881033599460962, 0.37038950642316953]], "l": [[0.7782255833272798, 0.09740781163272536, 0.6057083736799725, -0.2945393952631369, -0.27916562826695135], [0.9537012116596343, -0.033180954829316336, -0.7384547905099863, 0.8821168824133705, -0.13745134662006073], [1.2370626007229728, -1.173526434596289, 1.9285079356592316, 2.2847223855180485, -1.3356048558039828], [-0.12025901585239748, 1.513079212478666, 0.7188108875372511, 0.1562879560851213, -1.449400660020923], [-1.6432498699125555, -0.2746236416612458, 0.41687506140201486, -0.75979571654014, -0.6340749950449771]], "m": [[0.07317062569833113, -0.2717712391002942, 0.8105077784710297, 0.6716750646287462, -0.5687704528463493], [1.9507099890928505, 2.9007631473655664, -1.2166846949040317, -0.08679462890462575, 0.4604467938232816], [-1.196206020886634, 0.886226958977956, -0.4265829186514633, -1.3675700438050074, 0.38205138232124025], [0.027136340910113476, 0.6910390326377036, -0.7761925806278738, -0.9107106081799738, 1.154674417632135], [0.3289420011948139, -0.17479683215896, -0.5863274907307716, -0.7773596794953359, -1.2946431304952524]], "n": [[0.34382568197155955, 1.7732203584082928, -0.9899907606551613, -0.25608277295649373, 1.4853222298494433], [-0.473646352869103, -0.506686040439082, 1.8017958906663678, -0.33509921897655137, -1.1563395324854104], [-0.12884861176597878, -2.3740923778162792, -0.9417590882734705, -0.007300766858400691, -1.1824336071629087], [1.8603545289336165, 0.6417522726277733, 1.8879530024510207, 0.7429327707992334, -0.6970562559144775], [0.11593110961900986, 0.031048219081124234, -0.1256910018817059, 0.710177420967954, 1.0462622035669542]],