{"ini": [-0.7630563294595601, -0.4124924715376551, 0.7430673258279892, -1.3430056995122017, 1.7705461594379417, -0.8242476149765746, -0.2443396466622424, -1.3864725658888348, 0.4258555010700196, 1.098896301243365], "fin": [1.4270289934069522, -1.9856950930531125, -1.6720336626948276, -1.082994965673376, -0.7047168926134844, -0.5601107912141526, 0.5454857451514556, -1.5709581463363567, 0.8454448729736376, -0.8467970184740464], "trans": {"a": [[-0.9078802614537202, -0.8172152972629446, -1.3449185963418357, -0.25531891020522374, 0.5225094596916633, -0.6043169145237481, -0.5444884256914968, 0.5947105578917691, 0.052505529858822314, -1.2659696096465012], [0.22495235664645113, 0.7199100080212792, 0.5326421385710299, 0.6552997224460704, 2.6192941841385644, 0.3247177661173186, -0.8928940299862032, 0.41823490740119423, -0.08053969522321645, -0.03373708610451394], [0.6177181537016797, -0.19407741951079602, -0.4845579485140873, 0.2518587315334454, -0.668369912994967, 0.520780666599148, 0.3774977765779443, 1.1101822143303774, 0.5900369345863181, 3.123383224866949], [0.5998306836401436, 0.5842334184342513, -0.3311162026220128, -0.49042891328455795, -1.060951628724899, 0.5048482775824721, -1.0099986794272506, -0.637428042971801, -0.7126508674959164, -0.6187708489188549], [1.4443028314178195, -0.7008531488031289, 0.8362178250496092, -0.5505245231823279, -0.46793073005747665, -1.080757669770674, -0.4415306295261252, -0.2901651644875323, 0.035889378955954884, 0.629150071886498], [-1.0729412572309671, 0.496047453536098, 1.598929079910521, 0.5625179530532167, -0.8676899632530546, 1.7505800251142567, 0.4439574495090746, -0.0776702025003956, 0.32691198337192756, 1.4018486838818098], [0.08446526707623439, -0.8639174022676727, -1.0437336369631023, 0.6062972146213286, 0.43775828293353214, -2.497862162966891, -0.08032456843388136, -1.2993620390525908, -0.29007899875906823, 0.0850786530177657], [0.07455515764102562, 0.22557307561242976, -0.8932999941791142, 0.2665195528029765, 0.628716246213284, -0.45016742416079675, -0.22866596786114668, -0.13511016525859376, -0.6490337963691442, 0.357581745244793], [-0.6917128918918346, -0.22571582574622234, -0.9910036574431151, -0.7142792214443108, -0.7616460906678721, 1.97429395284361, -0.39966251561052624, -1.6835191487239565, 0.12314530431642391, -0.571181347533893], [0.5809682340950478, 0.5841219572321504, -0.601238555278348, 1.478510449601299, 1.6058735237116382, 0.37817593009694045, 0.43408519669681894, -2.040479618751224, -0.24241717488590622, 1.1300822511805388]], "b": [[-0.42549975629507375, 0.714522783952774, 1.6110413831943002, -0.09268896718925004, 0.2105922084499047, -1.4310541023704013, -0.0823545401949781, 1.292921522432259, -1.4392901151018174, 0.8157088877149884], [-0.20201331093544939, -0.68683976075698, -1.009300341168394, 1.483162300909783, 1.10477844626318, -0.5366670185668339, 0.17476840319911816, 0.755188539015107, 0.3198055145947259, 1.3103982724041834], [0.967455640112934, -1.7324981020257983, 0.5614632970259676, 0.7609967306209707, 0.9277223963599394, -0.5281864224466103, 2.75648763657419, 0.46655264515089967, 0.5794496246364534, -0.27873604247901806], [-1.516347599904724, -0.7435959595998611, -0.5860697635895332, 0.39818526009019634, 1.6864575432588575, -0.2570286471803015, 0.3173039959326677, 1.0700723275148538, 1.1026779236665454, -1.1546843750968852], [-1.0697976578245438, 0.21729406398178872, 1.2528980915234398, -0.36040501787008505, 1.0309027139770974, -1.1468323712512738, 0.8303043021604904, 0.5301440499427545, 0.349171747210254, -0.11084545641496256], [1.5237147858626956, -2.271082161096879, 1.0234143452942797, 0.7439834176039981, -0.5807655200568511, 1.6101980919287309, 1.1304676463465408, -0.07957613724792705, -0.938563233759747, -0.19273811258732537], [0.2502262825815956, 0.32154165142080443, 1.7115645706541867, 0.8763769395323194, -1.0578259959329974, 0.04207795700777606, 0.8562220457274073, -0.6031355885711354, -0.28349794010924917, -0.4500116668048422], [0.8164761936273047, -0.7212039196488685, -0.5473466871588895, 1.7236199153971186, 0.3482088516602501, -0.476740936176833, 1.5540669226202342, -0.3263634457308431, -0.8693588536051641, 0.8141427841124951], [-1.1847599665963449, 0.6441465274477147, -1.187328196222729, 0.8920604738632348, -0.7335611960218321, 0.22963665696436528, 0.5014296774940433, -1.4766922012372679, -0.17730898771562129, -0.13639423470242842], [-0.8899762084252635, 0.03748750106257, -1.8180027789426383, -0.21884178353398848, -0.6171582220966143, -0.21807382659142036, 0.5108936513195564, -0.5554074142613099, 0.8619542409880446, -2.304167419720072]], "c": [[-0.4923522569279701, 0.9497775082008049, 2.391617877548172, -0.8220353381011755, 0.15956458706727594, -1.8390293598505554, -0.9083348892033613, 1.0857987558920494, -1.130511458627466, -0.33472128189462036], [0.5668139225997461, -0.4510085209241361, 0.08857411933289396, -1.4307932593791626, -0.46246002628855687, 1.4715428355519828, 0.4159656997462492, 0.4160114270938353, 0.2761138348584784, -0.434862521308647], [0.680189497371581, 0.28196744550183367, -0.7069673693918617, 0.7304271198669136, -0.3612930529410998, 1.3362361639671805, 0.6565427839203105, -0.20634384879115208, -0.6296622305458855, 0.1428915320162319], [0.19047138585813383, -0.2120785625750913, -0.0548467677488794, 1.8548844093552508, -1.0547100291682128, 0.49539593836563334, -1.9597510566389909, -0.21901380765341869, -0.10470684405441828, -1.8753394983322793], [-0.5438369861601133, 1.5443463198776548, 0.19460349096027055, 0.08446101211215956, -0.3972579981515725, -1.0369258517962543, 0.20783281930895428, -0.09796340228024268, 0.07956763507008016, 0.5659183938502388], [0.1989235203685253, -0.16642955262502213, 1.3005761677115133, -1.2025727799525836, 1.4713548001588943, -0.33409112268120056, 0.32779691112230924, 0.7964880246760663, -1.557003959006789, -0.04048411092709003], [-0.41284171075374393, 1.0775826642252624, 0.5237547014346056, -0.0776043222948582, 0.3374254413082753, -1.8757101422575375, -0.20764963376605589, 1.659327556721704, -0.4550909484677432, -0.5064606586968794], [0.03316292378968145, 0.28591200191578936, 0.2738131641413215, 0.4441535235476614, -0.9220934395402743, -0.05931006332129171, 1.819780624526477, -1.2340721702008604, -0.8189602054725004, -2.8033889104468206], [-0.19857171089619532, 0.744906637627513, 1.4854452477705042, 0.5529831762848776, 1.3177313704652374, -0.9840803167751916, 1.3010213755576032, 0.21958520111816807, -1.3080541188995973, 0.24718816041440797], [0.67520739021488, 0.4116752900559996, -1.1410484871568023, 0.2880623533990466, 0.5495435744423033, -0.7911604287995658, -0.5428804793507918, 2.6362044975692807, -0.052515992979019106, -0.03172835770547056]],