{"ini": [-0.28392445121636994, 0.03480555168956328, 2.035473513692426, -0.7609400486904603, 0.4260059575252506], "fin": [-1.5948638089741576, -0.3976139261746693, -0.46474927182918185, 0.502649772053177, 0.13984372668554534], "trans": {"a": [[0.6726888803309486, -0.37992967690198515, -0.4584320218246981, -0.49374390467714213, 0.7442166533193381], [-0.5022964762034229, 0.547561444330333, 0.5020034772880152, 0.6516535673479368, -0.7008264774482151], [0.49805162703024913, -0.9310993454606762, 0.20937776623324722, -0.43801958365576354, 0.3004160366825305], [-1.677829715351226, -0.09214572003403938, 0.5521353659435251, 1.7145431566360612, -0.5198722357051114], [0.3724205734544767, -0.792075160106067, -1.0531142793319044, 0.02466464163522673, 0.10292254971456183]], "b": [[-0.5280165850852375, -0.29502320665920545, -0.11334258948442456, 1.618471534734802, -0.27946247519508594], [1.8012277759388573, -1.9365166509091787, -0.24701831760806017, -0.15491734779903288, 1.2104083379461061], [-1.1430937567751118, 0.5625128855821502, 0.8998535044274261, -0.5310285373644832, 0.378185262837206], [-0.7451403612921498, -0.4103721820972055, 0.8808004362999285, 0.5006392942898488, -0.3101600925446387], [-0.48019946287350684, -0.332687016024898, -1.5713661132007428, 0.14034290854638737, 1.5727243523981569]], "c": [[1.0328558611118352, -0.9489939722906556, -0.20641889971281713, -0.6950823513605248, -0.6764363114665838], [1.3929247998964092, -0.41812149322275455, 0.39193575868468183, -1.1305291398937516, -0.4621806931605078], [2.2215845851918457, 0.28465541867457245, 1.5191718027760965, 0.9252547387524055, 0.8772972080774869], [2.400493139399658, -1.3494849236906035, 0.052047777957209176, -0.40203017780684347, 0.9151170437584908], [0.9429630183212206, -0.02410329104469729, 0.10439024951884363, 0.6243415657810423, -0.5662807225271279]], "d": [[-1.397082245691949, 0.4052103191780076, 0.12834087661348564, -0.9233353347755675, 1.9112241958403113], [-2.3829463638337423, -0.4239646449217544, 0.8396584389263275, -0.8876199672729181, -0.03193264099399735], [-0.9749649544915623, 1.0411338680221645, -0.7694013392804127, 1.329717546731019, 0.02149761316749405], [1.0518197198681445, 0.29887237290855906, 0.8944096469402092, -0.6937924991952718, -0.6055334977731963], [-0.4266710483043246, -0.38273350243971704, 0.8208266365516236, -0.8472785572207084, 2.2893920909114764]], "e": [[1.115149275410397, 0.30097134566751577, 0.37631986582424765, 0.5051539602655034, -1.1423205226748823], [-0.3153533357706123, 0.3046404747278433, 0.41643564908950687, 3.5775840202404257, -0.9669905052577583], [1.0563220137976657, 0.29991724315474544, 0.47052328152280587, -0.5328055731135596, -0.8258043436749076], [-1.5185040826394283, 0.6777788083112598, 0.34191997111174327, 0.4378763022243284, -1.4566112948372945], [-1.3365385754132786, -0.6879301594317536, -0.8300308485813861, -0.6730364456474464, 0.2798866987222684]], "f": [[-0.21948166744072106, -1.653205643225243, -0.002045053835318541, 0.41465471597185977, 1.643481964645512], [0.08231517552709208, -0.42479208501017673, 0.27212569140956916, -0.2609728906732493, -0.28264050039694844], [1.1868941493516376, -0.12923776749544028, -0.01568085938821272, -0.16254844298324422, -0.7114883639724026], [0.5321895280005188, 0.5224155359170859, 1.0373464846610443, -0.6997888028272244, 1.0066543699463308], [0.009893809020771263, -0.04713435565466888, 0.4932773810304317, 0.1866386751123833, -1.2569867810628796]], "g": [[-0.2713090465828466, -0.12934522145076005, -1.244162617131869, 1.3025134907029705, -1.0202207814078734], [0.4423637551004209, 0.4553221335747596, 0.5886573662696013, 0.9055249404788737, 0.5913490125654828], [-0.5423320528770131, 1.3304743881678203, -1.1936427073048144, 0.3893120466717565, 0.2936525626133218], [-0.42110805647750754, -0.03259069958441252, 0.16803123354246483, 0.8556929510814839, 0.02084104966213156], [-0.1125293667076972, 0.5326828879936281, 0.7582829172454416, 0.9402101838246083, -0.16611904476107456]], "h": [[-0.056072553729878814, 0.11148650142411828, 0.9122594436873855, 1.4916611467351255, -0.4020425847613614], [-0.4136898912108456, -0.7759750794106617, -0.46671474698974075, 0.8938998767148114, -1.1406889876183766], [-1.8818683592122099, 0.09017714322329964, -1.2884044051832027, 0.38024279811825756, -1.7913368450521228], [1.0268543243781427, -1.2181871193557108, -0.17688696160045866, -0.45186388581707243, 0.9718099656216069], [-0.20856979731732223, -0.15193736942269143, 0.3262758087960609, 2.8102599197981952, -0.1482792604278303]], "i": [[0.733316199611419, 0.21922147726910884, 1.238862763758151, 0.8495567634965081, -0.862273261737407], [-0.6255026264403384, 0.4305622562340076, 0.15125361778842566, 1.5258974003580594, 0.3698545270506825], [0.03305557444406253, 0.993599938741871, 0.6495550905139815, 0.24772791892594928, 0.20339014650555984], [0.2747237345266564, -2.3260073110778703, 0.7640429965844442, 0.8635881733458777, -0.4713783803224459], [1.5916696655198168, 0.44921969519853344, 1.904807788448425, 1.3029861852438238, -2.5949405004524686]], "j": [[1.913500415566456, -1.274592598893713, 2.042659125440304, -0.2763925667458879, 1.950191695355641], [0.4233983101970833, -0.28791466968714724, 0.7317302257208622, -0.7640863809281816, 0.9922470758080869], [1.2322437187068331, 1.4799770530598468, 0.3555436529798432, 0.43110157681717604, 0.14582727367395817], [0.5883027811575653, -0.42977960037489105, -0.5752953588548699, -1.017846679087576, 0.400318379018777], [-0.13899311323750732, -0.7017958766296466, -1.270478816453716, -1.2671250522331874, -1.4962409431306558]]}}