{"ini": [-0.8166331699906456, 0.4916695261579006, -0.6456277525451357, -0.22641800704197476, -0.39149895716143296], "fin": [-0.058073828117489096, 0.8544535117006106, 0.4841731744678549, 0.0533750417872376, -0.26576299959879085], "trans": {"a": [[-0.40687786734128173, -1.129715651842401, 0.3086937890980688, -1.302980238156204, 0.01835000587817651], [-1.1819254007290683, 0.031330180474974496, 0.5713257270955449, 0.4213191276361593, 1.4390577775700393], [1.563623702441198, 0.32551355748558825, 0.30499184376360444, 0.692082293905119, -0.5969706409731014], [0.41899739971443745, 0.5704936959128678, 0.22019157163239722, -2.476712821164522, 0.6859395369423], [1.1175034090558478, 1.8888638832762839, -1.046377955413606, 1.3183269493174277, -0.5472602110264628]], "b": [[-0.12375060262494642, -0.5689689739525086, -0.3634123069192677, 0.26151095437212313, 0.8061903790087308], [-0.6156878442361273, 0.03819677309383225, 0.16976265798105622, 1.007763182624819, -0.4310980973844477], [2.447447538908833, 2.096656325350679, -0.3700072555386195, -1.6690624664217704, 1.1316761884933433], [0.2660475435984641, -0.5159098625162181, 1.0438613554702996, -1.1859348664866562, 0.00023835970913422755], [0.18706448172661533, -0.20291185541736267, 0.5604017245019676, 1.5366979738176276, 0.48258127028991243]], "c": [[0.08674386812507644, 0.2291177438679338, 1.7773024593711733, -0.4301312359463997, -1.0606926577789935], [-0.3163604914667698, 0.624101963243077, 0.22596817029992147, 1.5803245345144084, 1.884031576418124], [-0.19274583112514881, 1.0664259400691523, 0.3095030854316219, -1.0226248353629206, 0.3910099632785019], [1.0692798366116467, 1.248813036219166, -1.1698591621345262, -1.4510540468253268, -0.5917519750411936], [-1.0056521778204348, 0.2127813888299021, -0.04710899101624317, -0.6494052270018342, 0.04794387805634443]], "d": [[-0.287498238198841, -0.8805724901199022, -0.6215464887029537, -0.12369277788534595, -1.5517523842434287], [-0.8567036718720804, -0.6057168939671618, 0.5522360196423226, -1.4920168332602965, 0.05719877046183786], [-0.04864602665998321, 0.7660109205749772, 0.8832884372046602, 1.3478809781408176, 0.5242870993208839], [-0.20610310301300677, 0.8463791549946518, -0.32040398363103484, 0.7712307002654029, -0.5577608183338733], [-1.3534208062223856, -1.5385885609597316, 0.8172302315746389, -1.5376754936415764, -1.01409665707127]], "e": [[1.3953089584267009, 1.018159002652399, -2.41105665143385, 0.297953850394641, 0.18597285002576008], [0.3948282689575348, -0.6888655349873614, 0.09156021728259969, -0.25511504256126954, 0.10888472726421777], [-0.060928250244796776, -0.2896360406369012, 1.1452334269078706, 1.3848709318722234, 0.7983664771907522], [1.3234079855125414, -1.4631667686873806, 1.3394532117179818, 0.5062672544793319, 1.3938777788805266], [-0.4450870139104499, -0.7142992428394186, 1.677953547434962, -0.20548777427824463, 0.5022702162202931]], "f": [[1.0175298062859177, 0.09210301178295026, -0.3938845938748817, -0.8665386015951598, 0.6234496833959788], [-0.4167337200298695, -0.4322664155925401, -1.7748741465213864, 0.27327515386366863, 1.0279923439601217], [1.9238438636448048, 0.17730007296813965, -0.4267433087328803, 1.6976772722275038, 0.5978065056094004], [0.6591831676795018, 0.1808119716477603, 0.3261749505539014, -1.1950725234518913, -1.6935737824508799], [-0.7682043787062217, 0.27428206430413005, 0.18423269311068888, 0.5638369186034466, -0.8241492020484893]], "g": [[-2.2415797625563676, -1.0503072618101053, -1.664711862393934, 0.4911863041058769, 0.39493241487011616], [-0.8352741473026758, 1.0449341458299384, -0.4460767557879316, 1.4377313605819582, 0.528410106214172], [-0.32745844200007573, -0.8051755703411262, -0.46065132373729606, -0.5136798333074766, -1.2741713107623778], [-0.26040961121746004, 1.4157044978629518, -0.21374742180178785, 0.47260741352078084, -2.110648148288714], [-0.23006084506077687, -1.700839102748975, 0.10704122713291774, -0.2514173259118608, -0.976156323440431]], "h": [[-0.02951460781279312, -0.62979145026371, 1.56672531821194, 1.1626575609931524, -0.5373223374101933], [-0.587419747688355, 1.4269585598818606, -0.1432553393861557, 0.7354252452107344, 0.3677240351039357], [1.1142896474781092, -0.8365099325212406, 0.5036226582571042, -0.4086690167624675, -0.7145267685401535], [0.431898642091728, -0.32882092967789267, -0.9180245081250175, 0.9652847388568953, 0.5983622820964501], [1.5221100930602507, 0.7205096276115279, 0.6141621381249918, 2.2967656391772997, -0.6852990165929015]], "i": [[0.07855837848296186, 1.3174580379971712, -1.002070618551055, -0.28787339776735743, 0.5633141612362073], [-0.6348779703929535, 0.640623762144159, -0.18627136622452295, 0.47750707007618604, 0.380349543262983], [1.4697996508549565, -0.34502365143683505, -0.8554309912244603, -0.2191487412671656, 1.3224120858484805], [0.870822789177826, 0.4044515492682642, 0.6205301752822154, 0.7427336978757255, -0.4900550774510722], [0.1432466828268333, 1.7212260116633584, -1.0869583277306374, -1.262559457748578, -0.08775979451581961]], "j": [[-1.155267609621997, 1.231489187287607, 0.15027810423506238, -0.1508760527085426, -1.1881350689434975], [-1.5026095494977219, -0.3006707166670943, 0.011295151290639847, 1.585317666913382, -3.448470238951353], [0.1921159576410459, 0.707590291041091, 0.5463745202087664, -0.6886980655106848, 0.22061582343120453], [0.24617719548523898, 1.14891664053168, 0.25413333225400836, 0.3573711788853969, 0.7626510947833112], [-0.4250821342534439, -0.8449044080227679, -0.7558925280714663, 1.1920715245160909, -0.9518303699719579]], "k": [[1.4414965004700298, 1.538459199933559, 0.2374586034439463, 0.32384921694956853, -0.9856248744221682], [-0.510670860413109, 0.8848688057085947, 0.636880267805006, 0.3681767084830804, -2.9771409935569184], [0.000900668505796435, -0.43357266320185794, 0.53043506398641, -1.1018644709534966, -0.12956807165500345], [0.29840751929896786, 0.2917459488207957, -0.20013339373557715, 0.3617157162374465, 0.7470770986761908], [1.4309737801681661, 0.25818284339182324, -0.8747784714887085, -0.8499969180884966, 0.047895269774275565]], "l": [[0.9451637609506903, 3.124453371174788, -1.0277565597895661, -0.4957528156152866, 0.1925693478704765], [0.45943232863563116, 0.16427149566888075, 1.3491913622996001, 0.49638621196049443, -2.1421255439149056], [0.3495989947751378, -1.447115194459729, 0.6647243660126585, -1.9360451601767525, -0.3469611586529292], [-1.7244678513694556, -0.2824683438296522, 1.5712963560046282, 0.5721530440080066, 0.02252994483700608], [-1.3379893912644494, 0.16091362177826132, 0.1389601749565961, 0.2693249583129209, 0.7354803257479928]], "m": [[0.0935977848984521, 0.3184768820289952, 0.533155054099108, 0.5167320626837989, 0.45471804393995635], [0.5650036564224403, -1.3322953230690255, 1.1462819090156893, 0.03127859756456994, 0.9871170926180637], [1.2014195804113954, -0.2288746883373404, -1.4738000941098937, -1.9826292422052183, 0.6147562152998809], [0.7047156363716304, -0.4311942612017252, -1.0252822749093893, 0.26380029837319585, 0.47943523073141053], [-1.7253928896708521, 0.20263491795925437, 0.650644143281549, 0.5839765318195844, -0.14636551788503466]], "n": [[-1.1341081519516067, -0.3705447339729339, 0.8687372520819112, -0.2990798302274438, 0.5335485214408013], [0.5910928082570959, -0.4300428814624525, -1.4986637200573585, -0.1331930170783605, 0.13040136197075106], [-1.2105134559649997, 0.7895028154261818, -0.9023132387112502, -0.7438535762268308, 0.0064945206328662596], [-0.5745694746547396, -0.5810316817444233, -0.46917954572239484, 1.2960014181115895, -1.6822772732490678], [0.22291426508426773, 0.594276267177951, -1.2241474578618774, 2.1402977261211964, 1.0362857148499434]],