{"ini": [-0.656394269412235, 0.790844591578093, 0.2558268928969987, 0.6915155096818725, -0.4223112897832686], "fin": [-0.7018262813976377, -0.5273077163430322, -0.43229982594249283, -1.4261512399277942, -1.1518668998251387], "trans": {"a": [[2.014536494622538, 1.0836106096621978, 0.40260776945093396, -0.8560292906199736, 1.2576939006800698], [0.6080592067860577, 1.5384798330343346, 0.3811699884594978, -1.6187983822687826, -0.3462081571498932], [0.34570681672256054, 0.9066839364178706, 0.7757026718290384, 0.33875318042957103, 1.6816957864959445], [-0.6294595942296879, 0.7514878911342192, 1.0075631812131058, 1.8946541154522916, -0.12105674444828457], [-0.7107954974440043, -0.6196869206193103, 0.16000638691907898, 0.23392203748116483, -1.2522403423353567]], "b": [[1.4761575522230677, 0.4265201132021029, -0.8738642346396873, -1.520927372133613, -0.04090586992861079], [0.32131069486750147, 1.5558124286538684, -0.03430960626511212, -0.4346193885428973, 0.05070241046303201], [-0.7258478747472724, 0.7640137990894867, 0.6754585256818993, -0.8582139603900072, 0.8692811668090583], [-2.3547072501318036, -0.015068257697878937, -0.789785549903184, -0.8871349599934268, 1.1869079747131368], [-0.033802114369123726, -0.9368929409776204, -0.4821996527755041, -0.572905489193549, 1.609539196964948]], "c": [[0.6985115463908785, -0.43984523500241907, -0.2618105312832851, -0.704020361128881, -0.48252197443001704], [-0.7429558711470822, 0.7363310104650437, -1.0453383928559143, 1.1348385861932337, -0.5881864046092629], [0.7443859650791315, -0.43614307704191163, 0.6346750660136786, -1.269045852697379, -0.4355703437394625], [-0.8544092078774643, -1.5345146367869027, 0.6694804427171228, 0.964406228767845, 0.19977140513672362], [2.529234639349703, -1.5018921795661473, -0.8456136690854928, -0.4843732985781186, 0.04302177049350231]], "d": [[0.6202123955469253, 1.4066917824093215, 0.6376557053751563, -0.28891026336632253, -0.438344387999762], [-0.6186858830718224, 2.372288340037697, -1.061755993079756, 2.7252935008846966, 1.402951258269027], [0.5817310045686194, -1.3612984451697445, -0.009824671657338463, 0.026292917323105486, 1.5462561731497486], [-0.9617080610156833, -0.46662559130990344, 0.08857027613203963, 0.595044042836093, 0.17088864456311356], [0.27271788780241013, -1.1097731309263261, -0.7638619311368933, 1.1604801890269427, -1.2426617498433943]], "e": [[0.20817621411934492, -0.41205230605730514, 0.7219108156323389, -0.0921000014182372, 0.6382362703559085], [-0.17916476098817574, -0.08140397710448545, 0.23236911286305312, -1.70820177886839, -0.7032154156233744], [0.3724249808650845, 1.2277270424473599, 1.3751055820378464, -1.4120793228080784, 1.3366834661029678], [-0.3235914559446523, 0.9662497109931361, 0.08812525289931523, 0.7220175889148369, 1.5437869969149232], [-0.48856184274586817, -1.0671280898398887, -0.5267826546791233, 0.023089533513040317, 1.7514745702648151]], "f": [[-0.8819983324868498, -1.4106238612805286, 0.8284248366553874, 0.3382900634657768, 0.8463724618280178], [-0.4008271911824725, 2.0850254743783405, -0.23951979803079998, 1.0034507026341941, 0.7353566990656201], [0.11391728512259792, 0.4696047732481542, -0.574358774257634, -2.500148907500754, 0.15270006453182816], [-0.7208300852542994, 0.9090925093372088, -0.8691338439883558, -0.3805652123787146, -0.11833260461318969], [-0.3387100734085083, -0.8249605883202249, -0.42506992099468816, -0.5173132904528701, -0.38904416057823193]], "g": [[-0.6793882472459235, 0.127511874340863, -0.012366863784758243, 0.16818127406123215, 0.7365205161612204], [0.606196615428555, -1.34176890053379, -0.8939594791411032, 1.3647707309791974, -0.11634059379716295], [1.8085611950835527, 0.48870793329828777, -0.7705050044267774, 0.1014227465141674, 0.6688869425906786], [0.017877984377756978, 1.132018309291686, 0.9063644416227792, -0.8085519127036634, -0.2526225909906574], [-0.8321049653133863, -0.6210296187114168, -0.8205564249464371, -0.06105554068165845, -1.1341589982148526]], "h": [[0.8226743236011905, -1.3509082184599475, -0.5745856708641158, 1.8661843855535942, 0.3543956675072087], [1.322370528840032, 0.3970603480134081, 0.3072854624416339, 0.5071459363380872, 0.3055362154945751], [-0.3211767259905179, 0.39704050976468686, -0.27350755671818505, 0.612457580126691, 0.8880392319050603], [-0.5555574213911095, -1.0235092423439556, -4.346902229699055, 0.44718153523408916, -1.442265013205178], [0.5788551950495158, -1.5049085262247903, 1.017774694170668, 0.4551335875269764, 0.0066267708856382265]], "i": [[0.7396074508163233, 2.1464560481973014, 2.450008683955353, -0.32820317813513206, 0.43461280173251543], [0.7175972413411549, 0.12100857647702085, -0.397825838116453, 0.21267968187186864, 2.3959658419157077], [1.5630566143369193, 1.3783932625981248, 1.2622953057100443, -0.6763040535622119, 0.7534438575302681], [-1.5195186091737878, 0.08979160132405688, -1.069239814865857, -1.1357640120924433, -0.4382222884225501], [-1.032235950943278, 0.38290078520877835, -0.1779216596829999, -2.178087789179605, -0.9602686257639529]], "j": [[-0.6844770530447678, 0.4763390171551429, -0.0184361639136229, 1.1510815901849714, -0.5026848932432055], [0.643834631218939, -0.015503135970324834, 1.2512201411448356, 1.0438474366507222, 0.28544912537848277], [0.642381705921573, 0.33094876062844236, -0.5211491974291731, 1.5663897024358417, 0.9137159853954123], [0.5732684559530221, -0.4531891037357345, -0.27581142174940587, -0.8243818055642491, 0.7608180626661588], [0.4013071343856622, 0.022850050035045647, -0.7760869998063067, 0.5386005831919132, 0.7279059113702767]], "k": [[0.26621395893777305, 0.549701873486985, 0.027683615474221487, -1.278364003873496, 0.5970710066623366], [0.09989581204936994, -1.131171224476221, 0.024230882389034727, 0.08039912392459296, 2.158367762875131], [0.9450041081884665, 1.4148747006538565, 1.293483228165779, 1.7284465548356929, -1.4833149894308604], [0.9905053458491906, 0.7821396359453647, -1.3081083722718005, 2.2123283502336757, -0.7496791606282407], [1.128072517657269, -2.050660445906743, 0.8362748444278237, -1.101319512379055, 0.29276292118469754]], "l": [[0.3689660621341566, 0.5990141457132483, -1.5848771654837928, -2.295209083031386, 1.4650011856710867], [-0.8891474668608725, -0.29169779618891645, -0.7190845409048643, 0.19412967911305629, -1.615571466604626], [-0.8686610635092333, -0.04318800708649472, 0.0859623316322257, 1.1556256835588181, 0.23086707919611338], [-0.38420249456113337, 0.7703960595844027, 0.8109971603744305, 1.362924347743362, -0.6387901517940611], [1.3559440837730996, 0.7224755595418592, 0.32861753000448213, -0.1910085922881052, 1.0866474349273934]], "m": [[1.1209193002744002, -0.9601604942649112, 0.9508435527972595, 1.4412904710725427, 0.02386152522992562], [0.5096876449111457, 0.0017655388931305945, 0.8145968040046789, -1.77543173986047, -0.46449555235626033], [0.4519324782672791, -1.1620177712288364, -2.322264028585373, -0.7573638387561166, -1.8286053255561723], [0.44478415168527385, 0.8756548142520046, 2.193565746889352, 0.3507817881960016, 0.20441931900204996], [-2.407605120873351, 2.1048527467792444, 0.3221084738535786, 0.5104654684452127, 0.47602477474545585]], "n": [[0.1340354536857421, -0.22811652428541224, -2.1871335225830753, 0.07013944904930323, -1.5437032504366808], [-0.08442133013469924, -0.034927128515756065, 0.8504985761257576, 0.7683756637852251, -1.2322001830157123], [1.3658612959260499, -0.4319680952881154, 1.196197608999778, -0.15575331330394354, -0.012691934320914207], [-0.8741001632136307, 1.3456111853496764, 0.0843639121397934, 1.137046990064709, 1.5482282168627466], [1.0066979168854047, -0.8876005246219739, -0.500876867105529, -1.1529957034688634, 0.5304981463760425]],