{"ini": [1.614520612477242, 0.395484193192388, -0.08590641632399154, -0.8173651445389943, 0.6911907281134827], "fin": [2.008637694810171, -0.5272243024312963, -1.610292286980314, -0.9493466614126774, -1.1699283928890347], "trans": {"a": [[1.3171474950285922, -1.1462560229512515, -1.5173626174183905, 0.5046278874576349, -1.0381361456304812], [-0.2476144759432326, -0.35241957201609125, 0.9330575244172667, 0.14623466853055525, -0.3091185138544808], [-0.20951154112552825, 1.1772453815681736, 0.6648155476647252, 1.0431823182448652, 0.38626844619693573], [-0.6019806007950431, 0.2411127762646883, 0.08039176342996147, -0.13872792266866668, -1.5587963333610337], [-0.012964082344635069, 0.44582632450691423, 0.8587965305653086, -0.2894747162484388, 0.13980318392301136]], "b": [[0.7640963733491877, -0.7248631644064684, 0.23619992284893715, 0.44156422434205883, 0.7278618187896191], [0.5071804507245553, -0.40156246994058087, -0.07903434693036634, -0.3647631786059255, -0.9678599807389869], [2.3244295660508576, 0.37089620778898424, -1.167862304051311, 0.41272807825829305, -0.554559753599063], [2.1331071577213603, -0.9719932702743722, -1.1618217396639625, -1.462331142898285, -0.6052205230549971], [-0.6683471694977464, -0.6172865167119067, 0.14306198682253618, -0.2601735052538404, 0.9712430042020508]], "c": [[-0.19673716353150078, -1.025876558214446, 0.4434371605993484, -1.1508908889007456, -1.234996222779841], [0.35567743123472934, -1.0695723437439548, -0.1794770776314839, -0.18324314950419515, 1.0564204451353478], [0.330888636294883, 1.003390953695962, -0.3418546113192702, -0.7718249649435908, -1.2646205552013503], [0.9459037115911226, -0.5082476750809456, -1.6681214723018971, 0.9852692650390839, -0.16161938521014418], [-0.010801042380773975, -3.031543256222166, -1.0085346301953348, 1.0943535659750736, -0.6522622725614616]], "d": [[1.4992885432720207, -1.3268236029763336, -0.5747657674575632, 0.8987494114794745, 0.607233267859639], [0.9191397858140674, 0.04042626615903234, -0.7692041486901565, 1.412286750774824, -0.6987973361863264], [2.682483479536177, 0.8262665354649322, 0.7869769290531592, -0.07222320693599833, 0.5185631983886843], [-1.63506497924009, -0.039423801192186095, 0.5822737117654906, -0.9440468388735652, 0.6121851732885485], [-1.4901968162522827, 0.10856690255192841, 1.7321310011728157, 0.6338735481304884, 0.35874183230473033]], "e": [[-0.2895459849164873, -0.8264214366943025, 0.5712998605652303, 2.743228213258107, 0.5489144707203298], [0.4730368724941882, 0.22862500581458461, -0.3014528514179267, 0.6939401890099192, 1.1569760774390845], [1.1886757986562537, 0.15825843216492663, -0.48302264629040154, 0.46375972796412174, -0.904790443777545], [0.9682837980309297, 0.1628177103847216, -0.9503364618451946, -1.737995025541492, 0.43225169630244026], [1.3988260480519226, 0.09405968849856543, -1.4050767624669789, 1.7215255239842353, 0.03004785476263358]], "f": [[-1.49953423869776, -0.44966625786724684, 0.4823923252593457, -1.9285048537284184, 0.31741083094779227], [1.0289446288258441, -0.5944595203158957, -1.4423713329215513, -1.4356288813294285, -0.1292512953061263], [-1.867572599312194, 0.7662808089382784, 0.221299310749032, 1.4766590471639363, 0.8271659704303845], [0.7676122479980424, 1.3288224865150522, -0.32461588042740236, 0.6515850269873743, -0.6447197535959268], [-0.19963045855644548, -0.8933508556029007, -0.1952732774975118, 0.9580051305407713, 0.2567017749104099]], "g": [[1.6875742811014345, -1.0292466233679618, -0.47254373257472454, -0.5701359141187347, -1.7361489443114981], [0.5457619317606249, -0.6485372502919284, 0.30262794478496585, -0.5537009008277542, 1.030379276183551], [-1.4865880845618107, 0.15282763867997806, -0.7707843217488372, -1.309354130241662, 1.2653984066148962], [-1.0365529616337068, -1.3116820820378337, 0.8183990351402382, -1.7869670630748733, 0.7553461453704582], [0.8665273915488079, -0.08220402958909939, -0.14366642797879273, 0.45207727070321535, 1.128724215399114]], "h": [[-0.8888714074102392, -0.013969026750596825, -0.20944015356746748, -0.3963482964545322, 0.03797427086608338], [1.5923782451896318, 0.41383149362649685, -0.2509156975470988, -0.0460891278708233, 0.10184934232148829], [-1.4138635207113008, -1.3166896933315904, 0.19091218415366806, 0.05592337442151449, 0.6348847894421891], [0.6801099076955548, 1.6527413654353036, 0.44941421025614114, 1.8181566268402614, 0.02535775485864955], [0.5860162031253754, 0.4311842608070984, -1.1438318427033825, -0.2988248676740268, -1.1935701105587986]], "i": [[1.1355519025495788, 0.14042296542993615, -1.1941441020650616, -0.6292894892985897, 0.7271442148094187], [0.7028279917851498, -0.5283215318623015, 1.36635422827514, 0.3669235998053435, 0.897600276047774], [1.5204607082810628, -1.3005057407904645, 1.021074879922425, -0.9881672492983578, 2.054936248045733], [-1.4239840887936128, -0.8278197702115252, 0.6317033324222269, 1.5667063137762192, 0.11476390350943755], [-0.16606691031199786, -0.15439747852564348, 0.1484372224768999, -1.4955713932327113, -1.102204981274041]], "j": [[0.3553479941603993, -0.5826326917336687, 1.25263564290264, 1.7883374634213913, -0.40849197021698613], [1.4257026920953915, 0.40926063376872546, -0.21584031189817252, -0.12566464455500362, 0.7597041979092246], [-2.766397622454893, -1.1059819931147241, -0.8672472527271896, -0.4970121374243357, -0.5005458295034608], [-0.551058150785441, -0.5144375320032232, -0.09518737726882757, -1.0555766500821087, 0.4909253220114803], [0.0996443759014268, -0.6071619828281549, -0.10343130494401577, 0.17479521005508758, -0.5970202634088451]], "k": [[0.7321231758861695, -1.1449236480337521, -0.4218714591505405, -1.8092345897879423, -0.7732135908219244], [-1.547403751612561, 0.813644745415419, 0.2636922874374575, 0.9732685104742078, -1.9006610309996712], [0.41825092316738127, -1.733625580240237, 0.47852317992785537, -0.030947508300029267, -2.435825000831575], [1.7620208524976078, 1.6339193086405461, -0.8687902566021057, 2.095324761889021, -0.40156345347081635], [-0.1957663379633057, 1.9302825593061526, -0.7121969633963902, 0.5476387560987835, -0.7239729321914983]], "l": [[-3.682378017472656, -0.4030439010225703, -0.09664951379166116, -0.44570696515466934, -0.5934746745156866], [-1.9478652857243106, 2.0225536329504816, -0.32225750474290427, -1.024090409945974, 0.2095921824188828], [0.6100438110845239, -0.5574267935839795, 0.4604599450417245, -0.07933052998131239, -1.279161780682315], [-0.25406206163676914, 1.3863866567145893, -0.13196997734889518, 0.3370234718776909, 1.4405858594730858], [-2.0475753809944206, 0.6528002440991001, -0.2899356260386605, -0.657157306226506, -0.36538843010481115]], "m": [[0.61370487293512, 0.14222124359493651, 0.8610896027893724, -1.1419828299812218, -0.5592128208319919], [0.7162755619928662, -0.7142184301800102, 0.9215361784884772, 1.379934065809716, 0.5506189680006837], [0.0633257920782275, -0.3541503155786543, 1.051613522455607, 0.3546242090798681, -0.22205928039989398], [-2.1746482590542993, 0.058785152478373466, 0.14070832155431104, -0.5383674729339153, -1.4275623415715983], [0.1900574274620987, 0.28922326985820107, -0.14906212985037215, -0.5333059162028405, -1.0353323800222938]], "n": [[0.5448048078665981, -1.0888107366258544, 1.4344588886105325, 0.8305958922364043, -0.5012404589150001], [0.12000357704400834, 0.39588535148493015, -1.8322073390975704, -1.5059251793393083, -0.710854035255868], [-0.7561496778154714, 0.4363089887699302, -0.5243226802177162, -0.7171996628688829, 0.15723546130215157], [-0.17032334099458654, 0.09926988517628435, 1.850320094719153, -2.0167950725251216, 0.3433192707175673], [-0.36867912859299334, -0.1410640625552747, -0.4279839380942581, 0.1769320886619117, 1.0830432088233972]],