{"ini": [-1.3009950390919582, -1.0049361449166168, -1.2998128713934216, -0.3687578130730909, 0.6677883966922843], "fin": [-1.5610061517175788, 0.22892890993699638, -1.249499567373471, -0.32799895819097014, -0.015312715890724794], "trans": {"a": [[0.15227416373009586, -0.7732957989648631, -0.28917586635927783, -0.14884303405909477, 0.9016703008102591], [1.9459056885293635, -0.45109882660337874, -1.4339803900187715, -1.0065258534668686, -0.3984470457624679], [-1.4547451032564394, 0.26133046837523005, 0.9702773060744798, 1.3721474313028887, 0.5664584881624589], [-0.46101155320432896, -0.9385497201646372, 2.7753506471682448, -1.0897465880335548, 1.0369041112057493], [-1.951594082528848, 0.7540639365823231, -2.7481268560956127, -0.440603518185452, 0.20010235700778828]], "b": [[-1.0001962433826739, 0.6214236997723754, 0.16200323381867215, -1.0224567874768915, 0.31780442409993803], [-0.09229695261980751, -1.514119791121702, 0.232539365013915, 1.3079818309082707, 1.2073421343660307], [-1.4943013806728527, -0.037117060445225586, 0.43980062382826, -0.06047275240951547, -0.655652680066616], [0.023537840971463577, -0.027835411841517107, -0.028681474026551537, -1.266881588091404, -0.5524348213850984], [-1.9885114695906407, -0.8831921957568178, 1.5057548539041363, -0.39554728727136457, 1.1204295671250353]], "c": [[1.5407753873117087, 0.2432245204960991, 1.4524806026763912, 0.6770984872888807, 1.0533078136841179], [0.49874751439409204, -1.0619209724528618, -0.25522727263058204, 0.9333985162116857, -0.3009752980866681], [-0.9615081306350902, 0.6843829182207009, 2.6582347204123438, -0.5998825676587745, -0.37984271888555343], [-0.46949255246169624, -0.8435807744424896, 0.7336830253810134, 1.1057105977909096, -0.07773097226826184], [-0.8758528130827394, 0.5297216154994967, -2.778604388389723, -1.9305510049794938, 0.20401623819752515]], "d": [[0.5149520321117439, -0.5684384408717731, -0.4449756760464628, 0.1397050843261679, -0.35989277428100824], [-1.2713623705666097, -1.542809173535937, 0.5102110887715613, 0.7052258158334139, 0.59086566282392], [0.5631988987228552, 0.8301313012531714, -0.2670977925905917, 1.6081264385587093, -0.5139767475799512], [-0.058937348544732725, -0.19563622569987815, 0.16204052771808813, -1.4691931743253914, -0.7065195513590995], [1.3602525095748828, 0.8835840328191193, 0.6535014401727662, -0.9974999077730532, -0.04052633068778826]], "e": [[-0.8470246404337289, -1.7798260667623504, -0.41995565522243633, 2.110173691168611, -0.1391632360720263], [0.5980855093113608, -0.520752003496496, -0.1404147543392184, -0.22388423508173566, 1.141611901863821], [-0.9476389529117784, 0.6112041185271302, -0.9672111848889973, -0.44951129840510395, -0.09996836651913547], [-0.8736698345088058, 1.96530351079844, 2.1043624152341467, 1.1739185648069106, -1.106071505417415], [-0.9206160294284098, 2.389422985609576, -0.11698281651482342, -1.3272133348647985, 0.28547105394998584]]}}