{"ini": [-0.8499648116703118, 1.7814025152883721, -1.1137325843202612, 0.3638847114493238, 0.23597558633594037, -1.2768010506015426, -0.9303493731303417, -0.970966071688474, -0.6499832148569802, -0.2622432953025915], "fin": [0.02905988148286591, -0.6437475675355712, -0.1729358732770123, -1.4612904511473095, 0.388692387866387, -0.5058450671370471, -0.7988536868761724, 0.0793594118342629, -0.16725284476545169, -1.7450817276520312], "trans": {"a": [[2.6072217513601563, 1.6427152176877968, 0.48695697944749305, 0.09895610155775876, 1.2579981022787963, -0.23532427094940028, -2.054063217102124, -0.1877309859995857, -0.04056406257946126, -1.6070647605624784], [-0.1492376514233031, 0.5122477341079029, 0.004061463160576954, 1.0259725068259746, 0.4060323023044778, -1.4516144500996009, 0.5641220655697952, -0.4028964121578015, 0.7900554305163386, -0.10158177752169419], [-0.36368892954918536, -0.12351445780444213, 0.5792821384305612, -1.062706346615491, 1.042398127380864, -0.10667450940362755, 1.7921329277527303, -0.6427495914192285, -0.6806794330948838, 0.04380466073522482], [1.1859278316318016, 0.09968300071268159, 1.3292595969425067, 0.12896584208862372, -0.23242553116437104, -0.8569102755498612, -0.05667880042561121, 1.5011389197602523, 0.6469740881445495, 1.3450316426703253], [0.2631606079589806, -0.14833965882187702, 0.24335298759423943, -0.7383881177713402, -0.9677214078580059, 0.8710249303744054, -0.5350514051824141, 1.8644817975098862, 1.2445322193228352, 0.20681468851779206], [-0.9993836358847901, 0.4057638241268578, 1.0759878427849714, -0.25063291313857033, 0.9302452595575363, -2.076432896775428, 1.1367891608825114, -1.0153932561085754, -0.4012996566474376, 1.5466059430251478], [1.5618202876440408, -0.5034295334091295, 0.6427839214039733, -1.2695328689671244, -1.361733907371796, 0.7869056705335254, 0.26607580469430114, 1.207197355746126, -2.044556534681141, 0.6978476084495849], [-1.1805327404429136, 0.8867942496075708, 0.3404346758099101, -0.5521692116547045, -0.12297169771985976, -0.1279516120222901, -1.6122349354142, 0.6361226973708028, 0.05320288402804363, -1.4055959190957596], [0.2275844845063664, 0.4169615374566014, 0.8211022942407888, -2.1449244826460263, -1.22716810456875, 0.00418751499333657, -0.49114834167810334, 1.9889219393835595, -0.01046921196002897, 0.21450038930624607], [-0.15338363565764154, -0.9912325572811976, -1.2137787016212642, 1.2074694275525457, 0.7807540701651263, 0.321301833912221, 0.8555980335284449, 0.8668501584441524, -1.0499919451645165, 1.6274643526832262]], "b": [[-1.0364806308812522, 0.12121287137043994, -0.8765335227289417, 0.45788667864778015, -0.2929163330825254, -1.1055241080720932, 0.006511126530738503, 0.504501342512968, -0.5063963677554121, 1.098530569900101], [-0.04776756384942771, 1.4578224585950932, 1.627736948429887, -0.9896127899802802, -1.8728497413004748, -0.24423659181469676, 0.4179737489341531, -0.5300870673037882, -0.4265713783922268, 1.0265454362535988], [-0.8648073377864346, -1.6618600058896675, 0.6537317451636766, -0.29746721802765286, -1.412064357401403, 2.5948612263128403, 0.24338849033541862, -0.21737902438942489, 0.5369354356337167, 2.2544807236611204], [1.2005833830871575, -0.5036179229330405, -2.1034529530257924, 0.16084264492142916, -0.6326010721359568, -1.1199143223623043, 0.009535255400183868, 0.5076595922529961, -0.5767446035867574, 1.3703498376746608], [-0.9765236802846693, 0.9208811434116455, -1.8639937552866785, 0.9213713480012935, 0.9750594879335548, 0.0013428604648931368, 0.3797454628605309, 1.3318724865471985, -1.7799865281621212, 0.795326785429163], [1.4470366087409585, -0.5075779893197105, -0.0188213662711687, -0.4247119993702819, 2.0724693456484715, 0.41077440339703336, -1.590903422015684, -1.1671775717614923, 0.08552853446713371, -0.264240685812328], [0.2789113329834964, 0.3106597925008856, -0.7648484872426304, 0.8314993337032633, -0.8887684123149773, -0.35281937470598096, 0.01041651243495872, 0.7677334390896537, 1.1261184846506056, 0.3817089039642101], [0.3058468313766517, 0.1876845058149213, -1.4002806903959342, 0.5070311214112213, -0.5874552872807265, -1.1227080835784171, 1.0223131333302833, -0.8780947546755044, -1.691507303236466, -1.0804040347910877], [1.1120665434181245, 0.11714268677354708, 1.8630162357450057, 1.487618118408402, -0.23289607695175651, -1.2275263682584439, 0.9470828715815278, -0.581891079813815, -0.12357607488393278, 0.8602935294151636], [1.8249783713902081, 0.490871907368525, -0.2658949124926346, -0.3495078214798787, 0.6331371290924532, -0.5777787752256985, 0.5855575811168942, -0.7851891427997325, 0.36353868190596256, 0.34342052246683585]], "c": [[0.2951257086899401, 0.8360643320064187, 2.8671539098068037, 1.4869067151858064, -0.8362807455936649, 1.372098463109703, -0.3026449515502036, -0.3475908616613452, -0.027013644546691615, 0.5133423441256972], [-0.37437148719764274, -0.3587076653534417, -0.9345515176705178, -1.1019673368828498, 0.5855006113061774, -0.3219164261159569, 2.8136789515069487, 1.1790656884090922, -0.9924433567195982, -0.3140970464125013], [-1.0765026713794157, 0.16668704100587556, 0.2312730557327032, 0.9835474744100303, -0.38561059486323107, 0.7797230334354928, -0.29363387520972134, -0.7975256988913016, 0.7136646486155401, -0.6927620254404291], [-0.2269521490748881, 0.16379258438726169, -1.0564734489019796, -0.49971975268325375, -0.8893860925197186, 1.0790564898857695, 0.016403280344650717, 1.0519963208920973, -1.1966080840741011, 0.08954378864037556], [0.4400717756792601, 0.0454770177546639, -2.558728991746174, -1.6508741165433936, 0.3486971910229289, -0.8974927331906135, -0.05261190069605659, 1.4872312830076655, -0.5917692778969194, -0.4104441360607885], [-0.7996828438925658, 0.3933639090689496, -2.1351907276220286, -1.0511390908314033, -2.1704308946145465, -0.6153178685280954, -0.8385428338553946, 1.066640110851458, 0.171888206860647, 1.726648682368343], [0.04427932290223253, 0.05751516299822837, 1.620918965143022, -1.0259574824594522, 0.3065593920450637, 0.3729817541432679, -0.5610327637060228, -1.6242141421887397, 0.9925035764028978, -1.2386332379319305], [-0.8035076330957434, 0.7853253221095505, -1.5077194555688007, -1.3259304747621965, 0.07779556083275961, -0.26603027502588844, -0.7063676880773637, 0.1339675475468968, 0.1192727568528491, -1.3137156134609624], [0.556850234682823, 1.8497602091333523, -0.7227700938290993, -0.5719317358876589, 1.6782414746136127, 2.0211029261142115, 0.8167965469218199, -1.2768180920730423, -0.38349616777510254, 0.22984601996148846], [-0.5634224480076165, 0.9812060585089191, -0.32705235341660716, 1.3898406710728557, 1.475662488333316, 2.034671853615153, 0.9081525532637752, -1.110981623312126, 0.6363080490367071, -0.02543725000145997]],