{"ini": [0.8965225350651553, -1.0437029831179994, 0.24204378978081037, -2.320633577938222, 0.0055415478542893476], "fin": [0.38480492617413015, -0.9252854758989076, 0.2767964732457471, 0.4459064814621158, -0.5713192922160911], "trans": {"a": [[1.7448289014905045, -0.8919897427833604, 0.33433225778794, -0.179947549568863, 1.4428417339063102], [1.4119054093143475, -0.6067114253865945, -0.23221671248543324, -0.6338003663475593, -1.7201351639645466], [-0.40505971674734265, 0.08903018368141702, -0.9824258490480062, -0.13640247346874665, -1.7866572743788185], [0.9301308771136215, 0.3580828001881543, -1.5618184264730621, -0.8744471054626264, 1.9962794999631652], [0.02234868143399169, 0.564642171386247, 0.7843430057628787, 0.9313262486666959, -2.167535370694235]], "b": [[0.2572048916000555, 0.3334577631863822, 1.5503239693831798, -1.2022307419967837, 1.2573566040102204], [0.8318768597427652, -0.4220722668156044, -1.7219892394830274, 0.9247575787871523, 0.30206467837670525], [1.4877705264303902, 1.712103184007372, 0.1473699756877006, -0.4819404626897445, -1.632618692757707], [1.4221694143024763, -0.7030052855274018, 0.5850992060327652, -1.411855873204361, -0.46754508227627684], [0.7989974827332086, -0.08025696571642787, 0.4203820028327651, -0.6604689645382652, 1.1597075085295374]], "c": [[0.7552032713663736, 0.010930010220806191, 2.463682277096544, -0.11111102204744999, -0.28965806762636215], [-1.915980759817246, -0.3415374464603086, 0.12566602585078837, 0.25696172878148127, -0.9736124729778194], [-2.5371443639090603, 0.11589612757000882, 1.0532318401245455, -0.4798138546082198, 1.1003795491283535], [0.44699413442720454, 0.21296945309811025, -0.2035378073920776, -1.4166365315499845, -0.46453028212387537], [-0.4513288912790136, -0.06693501691899566, -2.0744441081800056, -1.0036388307189905, -0.5126342689047555]], "d": [[1.694945799183812, 0.03847015493641833, -0.62345093816867, -0.24680684962405244, 0.5950715662317368], [-0.6391018101873643, -1.1043314336870176, -0.18057098991079357, -0.23228130354844465, -0.7780314311430996], [-0.6825156743465256, -0.9109303588436811, 0.7142921013054349, -0.5312416555094143, 0.23694413223992125], [0.5035523925230716, 0.07226983148431475, -1.1240732986910997, 1.0877313987830057, -0.1226891375351246], [-2.5956110019084084, -0.17612029609586607, -0.9725521345899169, -1.3706610487643636, -0.04577119356007706]], "e": [[0.1401345457608589, -0.09846879341781584, 0.999454382010318, 0.5971683540905902, 0.7877543445767121], [-0.6853039210805616, -0.18525037720566262, 1.7539703967150644, 0.6351745945027777, 0.4202770093247911], [0.6216640870053254, 1.5191232535284798, 0.3356266971318457, -2.0218358311117193, 0.7824121305497064], [-0.9837739967472057, 0.898603379009358, 1.2267828095068944, 0.05973364941911322, 1.4686869402687823], [1.0197661218995113, 0.13603806765908433, 0.37386079533455896, 0.6871630330980729, -1.3701242750286613]], "f": [[1.4515399178560309, 0.3579981248393878, 0.49247909385880606, -0.15791790845409245, 0.46778137358591804], [-0.09481978345129784, 0.0714115435820507, -0.003602592217026706, -0.8850403795648805, -1.2233620529002367], [1.2827419543667875, 1.6621154610718802, 0.9425413753060009, 0.2947011813085402, 0.3793632733354872], [-1.2581621003802588, -0.74227319675604, 0.16113480872784933, 1.8014435831688589, 0.3154411020031008], [-1.7856232362662707, 0.10755554035568793, 1.8423018986114146, 0.799679513029225, -0.09154081391708603]], "g": [[0.8770163696110271, -1.0223339980610127, 0.6092041627964845, 0.12166344066034716, 0.2861383509675718], [1.1170245967985657, 0.6097960232154345, -0.37878527559473846, -0.6628332732244471, 0.249457726818807], [1.962785882780124, 0.3879785842136286, 1.5976848788624782, -0.9163783280849797, -0.7784935016798566], [0.9932995983312065, 0.7377256621542301, 0.7536145683636422, -0.35603858990270576, -0.5836317367385095], [0.06426466925618113, -2.349381542138426, 0.4727994940273358, -0.15834555084230864, -0.1619134664402715]], "h": [[0.28538916417794785, -0.4862294795897689, 1.7237084718574722, 1.3854282475391995, 0.8425908363448041], [0.7649858995721875, 0.5148293452350406, -0.8198309774555785, -0.43402953822390733, -2.059272081742194], [1.001338124536725, 1.3370014660841596, 1.1496333757987032, 0.37001383525475107, -0.11065126846262076], [0.2872457524250611, 0.42060324292415335, -0.9717982180887033, -0.20316220525353523, 0.5887463335748836], [0.31050449007108094, 0.7316385867293094, -0.6536393564508229, -0.6349306449859777, -0.3254051981394706]], "i": [[-0.8480309457124322, -0.24798900101408036, -0.39516894928326374, 0.23950297447586366, -0.8442570983286447], [-0.3333480824237636, -0.1415567165209896, -0.4228140064266115, -0.7163690470121475, -1.1135373587940514], [-0.11761973227017673, 0.915661140447661, -0.334457104651524, -0.6724009885811486, 2.124317493084864], [1.4484490731976325, 1.4403848056058357, 1.3833834791264759, 0.3577126246245634, 0.7057992739291592], [-1.1960517755600097, -0.014466462894847933, 0.08595716954419216, -0.6347535451022528, 1.6347935007082461]], "j": [[0.8351818675392326, 0.4700934686757339, -1.0734981365346907, 2.5110644850479176, 1.468730101107712], [1.0569877991730394, 0.6398856546119043, -0.9765886257578101, 1.4257725503870362, 1.584729159543109], [1.3548406736452523, -1.1003373303491721, -0.7891923299990704, -0.5140678986382577, 1.0971367605496805], [-1.3904806901104452, -0.8268206789538939, -0.825162187694051, 0.9021929673820426, -0.662389628249064], [-0.0537081537452575, -1.2690162369575728, 0.63998392720451, -0.41194440152228634, -1.1838026876777221]], "k": [[-0.44807238731500965, 0.8298689267846936, 1.3500412737143972, 0.6342675412600768, -0.06482870415292558], [-0.2655995107839018, -1.7960605365759021, 0.22262562030853594, 0.33861036018959484, 0.6784608392830102], [0.007569919888335431, -0.5148161700711371, 0.697829281492565, -1.066701451624936, 1.3929388580087612], [0.5324763928712034, -0.8015510759202683, -1.2598557879382446, -0.03432441578724427, 1.0467417173452624], [0.36339259858293044, 0.6188796145509681, 0.7503467457941296, 0.8992285704263794, -0.5893714707656471]], "l": [[-0.379066411773939, 0.32919747364845847, -1.075365041355226, -0.8457660610497749, -0.4523039926643745], [-0.36373140643661367, 0.7100239452418586, 1.323366499504672, 0.5865331772627275, -0.003416072235246913], [-0.40023684890181516, 0.06168467155897752, 0.22090975171745814, 0.14099558565307282, -0.6987039639877335], [-0.39354050462426915, 1.553193670669156, 0.16380756504975796, 0.6741535748560369, 0.25359114559201806], [0.5552214021985066, -0.1916007805907467, -0.4426043462438609, -0.13276702886009945, 0.27469862186809213]], "m": [[0.2907173645330453, -0.45970081270654567, 0.9262469780059303, -0.18769804874024137, -0.5963357641321461], [1.7602764550825167, 0.08021669636290811, 0.34918241698080016, -1.0583705525197624, 0.5004720357176847], [-0.738266722619819, -0.36966259677499597, 0.9475606615517875, -0.9717682577504537, 0.23528311820665157], [-1.316188964104195, -0.09778007934075116, -1.3172764244051243, -0.6074935267715528, 0.04728976535856327], [0.8408136136193206, -0.39265074931966226, 0.5769362714925416, 0.8252568166223058, 0.05983624933162992]], "n": [[0.6184367940868637, -1.760046293557233, 0.5955106024768798, -0.1807271186826872, -0.965811943936627], [-0.14461716529348612, 0.7311335156566925, -1.11259797459109, 0.47243001541220037, -1.6828606028831494], [0.13626870175140018, -0.09115367175854348, 0.600680685132969, 2.199235962790746, 0.27158328610053034], [1.4477667205300975, 0.6883081607445715, 1.229084659809816, 0.8697616653859482, 0.03244146109496445], [-0.7892722212989928, -0.835708472364234, -0.12940950986288743, -0.7315548055217037, 0.3044318017509824]],