{"ini": [0.7260499290116093, -0.21647072787913849, 0.10344375051684813, 1.5860571684616196, 0.07211959475248707], "fin": [0.7723181753877322, -0.23050633806007165, 0.0670445946557746, -1.056670168014341, -0.4450266359271456], "trans": {"a": [[0.4860421406391018, 0.7862451464519399, 0.5476990897348063, 2.3235568518406167, 0.08264845095320429], [-0.3254073859112792, 0.18857746036331727, 1.645966375647751, 0.5268221261876324, -0.3526142498632481], [0.21188004527930276, -0.4949888531882559, -0.8169100632114742, -0.7174152582776733, -1.7110383144998262], [0.20791985753419656, -1.2417179863666925, -0.18331093680161484, -0.8783146669051648, 0.6995091139121308], [1.175109125672196, -1.4740700712825296, 0.39107698338203717, -1.0806720333432942, -1.467179597620865]], "b": [[0.1968557710752506, -0.6549130345572379, 0.39495303349371136, -0.5057700076745504, 0.0029556177417270164], [0.08810881021282749, 1.7127593116536037, -1.1097449629037741, 0.4894900648134928, 0.3613745118639877], [-0.7413300657113974, 0.4301786936003346, -0.3884396447571631, 0.1810508464090993, -1.0789385030983452], [-0.6013653452950529, 1.0417611960635185, 1.0647976765574985, 0.010592924637045054, -0.02834452819141662], [0.8994178284631058, -0.09038138161516686, 1.2972746323050144, 0.9412178455429624, -1.2395880663396381]], "c": [[0.048036634197215024, 0.4058104232025361, 0.08792278157831299, 0.8113460016559577, 0.10290145164348298], [0.5103003640087461, -0.6689011221463694, -1.5808824218679882, 0.09919121710722925, 0.4940297645052956], [-0.7278987351250003, 1.696086909016851, -0.47353024535301985, 0.8648920053718696, -0.015865815539194132], [0.48090237072382036, 0.030969181061910007, -0.8042619173619759, -0.868191387041383, 0.06056837702887048], [0.08134813006842825, 1.1577768169315354, 0.16438395757251875, -0.2850712267507138, 0.22300724907002406]], "d": [[0.25026838939738955, 0.5533745207113119, 0.6675746252597263, -0.59777335173346, -0.22728939574169083], [-0.7647324425329386, -1.5430809029790813, -1.2526155755426973, 1.3353403802886379, -0.9207165282795882], [0.8569149083903631, 0.9388254929319915, -0.49644612561569473, 0.4716310342465131, -0.13099551434687515], [0.753611857106998, 1.6174012184290172, -1.2928271853628168, 0.8928260261538413, -0.015874269110433832], [0.33255799226916155, 1.9685776201781122, 2.0228003947592055, -1.4111526860882342, -0.6240673230336746]], "e": [[-0.8883533670203873, 0.3327678263172496, 1.6467289455616196, -1.03499995495354, 0.2992710069894001], [1.4428106034917878, -0.39745073548246274, -0.8363261965057828, -0.27353926217256225, 0.7634289630068851], [0.5087004441488445, -0.08296308635929305, -1.4443435600629497, 1.4102551122042057, -0.0925789201187478], [0.08071505733370121, 1.7991032211655804, 0.8291418158530022, -0.3042019310783157, -0.7204385619634495], [0.7560718467739208, 0.152117962993016, -0.7065311748658434, 0.15864125418062427, 3.264717783194686]], "f": [[0.4390173623173597, -0.10047954451156038, -0.7214332349337627, -1.0205282216420295, -0.9061389393095637], [0.7679353976860633, 0.2259624958010376, -0.6859712858669617, -0.05785754195020528, -0.9382712963833221], [-1.060005184412126, -0.627704588686806, -0.8193597281038977, -0.8524215665038481, 0.31748322160108244], [0.6533402087406167, 0.44335272963817224, 0.8305378557136952, 1.0028870454317453, 0.9089947072679411], [-0.3079970615959932, 1.4833472912945045, -0.5531115012270736, -0.4517018469964698, -0.37412820160533095]], "g": [[-0.42179032133001376, -1.0067114187745547, -1.6062009123602128, 1.1724516892213401, 1.6736342442818233], [-0.8756176154011873, 0.3526121893139406, -0.8682266589244957, -0.8889435621015004, -2.0776787658086495], [-1.0408430050529234, -1.2080550835820079, -0.16619048463062652, 0.7740161709348969, -0.9504929543779562], [-0.9318249832014389, -0.025327937710060464, 1.2593081300359765, -0.959254676832255, -2.2157439535745915], [-0.1480806208639583, 1.4067150368287162, -1.2051619495509536, -0.6526863383640575, -0.019963870064942796]], "h": [[1.246723232250539, -1.1940640830806708, 0.0011023258127669444, -1.2728238851328137, -0.8007001670688253], [-1.2161212694792176, 0.4612330016474293, 1.063684200612653, -1.2456086245737015, -2.058250993962977], [-0.294308998251889, -0.21602948503548763, 0.2025441032428125, 1.489730178580169, -0.7653196882581923], [1.2283533281069396, -2.631992815749765, 0.6828699199877323, -0.9370254204636324, -0.3070407076706736], [1.5078524454453894, -0.36972688737554144, 1.5487113032060673, -0.7849469739818826, 0.16318902217634376]], "i": [[-0.05294704416148571, -0.6920625623211287, 0.36656272874480084, -3.031201888066248, -0.0356290863242969], [0.2784487686038029, 0.3620827782626632, -1.0834445694309967, -0.6951212043442422, -1.1133224038150313], [-0.15816234138973098, 0.9309660989496448, 2.217882897746653, 1.4071711359435444, 0.2712975701946507], [-0.5069712485668627, -2.2941453250146955, 0.04983704466299121, -1.1876755506732088, 1.507184399683674], [0.3327117789223964, 0.7023007057884516, -1.093571583503991, -0.48240975967073624, -1.427640865866478]], "j": [[-0.7833468014213787, 0.5206106482247388, -0.2290218318759559, 0.4282741477732861, 0.4072601116067466], [-0.7021994750842528, -0.3875422279145235, 0.7387925097415089, 2.294701982249407, -0.6719944352938786], [-0.2309384628526306, 1.1804874362736875, -0.5810801281287886, 0.5713926863599988, -0.7913175429713295], [0.9484230113399857, -0.3515504064451034, -0.8458928621388949, -1.229659127398506, 0.36178492450402905], [-0.08987071322562039, -1.1494615554522174, -0.6387167886714198, -0.7425415192663464, 0.017553648753172776]]}}