{"ini": [-0.2957869036130842, 2.001662873362566, 0.1621216647554323, -0.4663347191382991, 1.4250389940118258], "fin": [1.9497295810756325, -2.598250698779003, -0.46003518477485406, -0.3432898664765098, 1.113033562039444], "trans": {"a": [[1.114380194765217, -0.802506727147101, 0.05059406139511227, 0.61874176022313, -0.8408710642327804], [-0.1962041986880178, -2.590850725283861, 1.7950959616377289, -0.2206765268775482, 0.5715173371085559], [-0.8062927931450931, -1.1237614029792915, 0.23562008692235903, 0.8063842742306284, 0.0018943453745804474], [0.05279563774889754, -0.336373991762297, 0.7305332736393844, -0.31345193676134075, -1.8618107842040075], [1.9607469096539487, 0.21271014994931334, 0.6879497659577265, 0.584876039032551, -0.9032213422503409]], "b": [[1.6573400287904632, 0.5078726429530334, -0.8429030627785784, -0.3545534624396951, -1.3589732776534174], [-1.2412448494207473, 0.8048406751128088, -0.5565645103150345, -0.29387981172311695, 1.3964569621506047], [0.17322594773098945, -0.035132242939142244, 0.007189276487546695, 0.638026524368847, 0.030970372369390122], [0.14614529473550417, -0.0334220294619932, -0.7525147645286466, 0.13922054639175982, -0.1416211118292741], [-0.42045422731614235, 0.187606986461821, 1.0073844706047355, -0.9850423940151585, 0.622187109489356]], "c": [[0.9962851233868787, 1.2961767616702902, 0.8649339293770337, 0.13169052324651118, -0.9830946777815404], [-0.05693768690999166, -1.0545399494827103, 1.5837387556801938, 1.7750902824268149, -0.10706992941710833], [-0.6905018300580394, -1.6480868166370641, -1.1174234399975624, 0.34833425818101954, 0.6200140194565], [0.37538859049887047, -1.1525144098828157, -0.5681618360895099, 0.9551766166719992, 0.21297574092696533], [-2.678928479847131, -0.3769776533530348, -1.5384721745819967, 1.755590110928521, 0.12187368886008697]], "d": [[0.08425518266437335, 0.5311453623832599, 0.12105083250735517, -1.7087374124024748, -0.7444041515271848], [-0.0008764071723610004, -1.2982274610342794, -0.7944549444531113, 0.7896532652880613, -0.9075495543413388], [0.32416233171704795, 0.5436332232711646, -0.6942132555184639, 0.3538313491273608, -0.9162595073865936], [0.28212474395884257, -1.6694996924366652, 0.49109347929620384, 0.734721588809883, -0.06488080203324045], [-0.1653416852655758, 0.2680910625878472, 0.014738705738732982, -0.243932275416634, 0.25154468190765183]], "e": [[-0.19996663321238722, 0.6478585753267382, -0.35903671295301703, 0.49843593986082085, -0.37130004628328517], [0.7772536864794832, -1.3139948518047044, -0.6878647980076735, -0.9282656393391806, -1.7129542314488606], [-0.46660734162112166, -1.2518372798175355, -0.6612786934975532, 0.11285233894713446, -0.6790201364579611], [0.5220778643646977, 0.3194572890785401, -1.4872821002556549, 0.29334428158617437, -0.4271479329076103], [-0.2560990189927851, 0.8880979954615453, 0.6015058669327586, -1.961386721019203, -0.26606287128123374]], "f": [[-0.7628879503583845, -1.5946921565613492, -1.3955692219069022, 1.1404975225101626, -0.5941747378578872], [0.4969925061182632, 0.4697009946833813, 0.9441935312179899, 0.41474441018426095, 1.6477031022688027], [-1.1709601201213504, 1.2959951358308524, 0.5905979359488986, -1.3603439152492853, -0.7927791784350345], [-0.9943587685382715, 0.1178497629462255, 1.6523136430139227, -0.693298425188118, -0.6027868245893381], [-0.966614182749347, -0.40326359603086254, -0.5307788881731985, 0.021908706833646742, -0.8054452732288235]], "g": [[-1.6543927096014865, 0.21842612759731467, -0.5374546687141671, 0.004121621595562779, -2.3248420867570223], [-1.4155708073788882, 0.6673044279624846, 1.0454600977337043, 0.21068912414520588, -1.2345145533246724], [0.7373729789496485, -0.5351712933973819, -1.3359752968261338, -0.7064676461765174, 0.36202340090562146], [0.2512764096026045, -1.631913876497794, 0.8532824152159373, 1.6210214128161107, -0.6022662831699117], [0.4510646671623458, -0.5262899167660092, -0.17657665172638623, -1.0761952561646606, -0.4618906486068993]], "h": [[-0.1666506925411413, -0.37349402149961525, -1.0012847477799622, -0.6170552189451376, 0.8533445028499319], [-0.044021752001303004, -0.5679084562398398, 0.5326078036108419, 0.8493665239752497, -0.6045551407214108], [2.5129273101803484, 0.6027075768528632, 1.6587606633838758, 1.1137048729714245, 0.34339568837229306], [-0.17234958639552886, -0.179622868784643, -1.1653618568957556, 0.27954330856046744, -0.697233203521241], [0.1345885217828172, 1.2418338425581157, 0.725108336634417, 0.059903825377538356, -0.9406264779750413]], "i": [[-0.0936902082634409, 0.42980055333842265, -1.4976705143744644, 0.9443247437791383, -1.031311350516408], [-1.3351776620473947, -0.20166231856522904, -0.040190839718151884, 0.5195853231094509, 1.5022275016395714], [1.9257318289692162, -0.8096237716875201, 0.3590713308397497, 0.0625843545247118, 1.3953335714155415], [0.7341252092294626, -0.682241437001777, 1.330072203295021, -0.9212289227824957, 0.7623347287780695], [-0.8906394452378633, -1.097322883738674, -1.4650614282165066, 0.9578168056409566, 0.4294191662276074]], "j": [[-0.19703282831937502, 0.3118837514504125, -0.8003742040815206, -0.10688132185416183, -0.038936337034170085], [0.101460486170475, -0.20345280327376866, -0.5706012058479061, -0.8531413315250514, 0.17927780757512718], [0.6513267392098498, 0.3815423506693348, 0.8652209140740731, 0.8717480481887903, 0.7745335992394452], [-0.28958404654972447, -1.654581722238924, 0.5408151186409819, -0.6614143849317075, -0.11449209613574435], [0.6546896727056181, -1.6772896631019985, 1.1419053220101447, -0.21472695724142837, -0.4272168585276732]], "k": [[1.026111599366979, -1.8855735074304356, -0.7234666030430658, 0.6586764677284132, -1.0071924132298327], [-0.07945204231091625, 0.24292256926107858, 0.4678480506788805, -0.3462429935615442, -0.7625960561143577], [0.12166367574239038, -1.4674581179989412, -0.8298226967824057, -0.8545471673282791, -0.9580076435675171], [0.4275121073733784, 0.25330238287373874, -1.6306465607509935, 0.781888432987031, -0.8261919452845606], [2.4815874801873408, -0.7572471149075074, -2.3741043697962887, 0.05090826576774706, 1.1675034609394535]], "l": [[-0.9110506502217173, -0.9331497259321124, 0.4643358395384329, 0.5574042246515449, -0.43389329724320524], [0.07776556529495027, 0.32601205538157596, -2.474615536149423, -0.4554116330183888, -1.132029098944303], [0.8176186419349468, -0.12059675763230933, -0.6206592914535298, 1.6773068433390044, 0.03075325917772661], [-0.3121492469878661, -0.6834110624246118, -1.118357525254941, -0.03966807724734671, -0.2509557355668832], [-1.3127530875112723, 1.182759587859782, -2.000497465842155, -0.8604417099991136, -1.1624645713443116]], "m": [[0.2662494987156624, 0.8476635217371843, 0.5772288270002114, 0.6023752072181052, 1.7897773070226608], [-0.9662529560215677, -0.12178560446460009, 1.1149909466454264, -0.9902878205337613, -0.6594660482803122], [1.7893577510810845, 1.1931010659826968, -1.8349877643930776, 0.4281247564639792, -0.15009134863359164], [0.272813128354742, 0.5785483086931642, -0.2126777769044997, -0.43136407547293537, 1.942437992344345], [-1.457613733741626, 0.03136021378520392, 0.5925092824046083, -0.6742807655392246, -0.19583888497177993]], "n": [[-0.771500315631835, 0.7066554988712987, 0.4299007897976209, -1.3987434291143204, 1.5514189958810554], [0.022854909446641956, -0.8038146878608914, 0.0675023031602968, 0.19791351689357237, -0.45624610092930873], [-1.553400824757483, 0.6670427466351199, -1.3069795054044178, 0.012884895706350723, 0.25003487923411416], [0.41892223961143776, -0.4626735781643983, -1.3328635904037351, 1.4188095505752991, -1.780508572922746], [0.18381074519560744, -1.3328635918686271, -0.743456626757481, -0.7584154154289243, -0.12917030943354202]],