{"ini": [0.2774590024945768, 0.6118392045802596, 1.6360048405560463, 0.08116717779851619, 0.028498402121182473], "fin": [0.021968185903633988, -1.177588906723981, -1.1060867409192225, 0.2598651696218801, 0.9017154845752879], "trans": {"a": [[-0.5239032335379976, -0.6554690534734432, -0.3874113715661565, 1.3923728934134096, -0.35713213322674536], [1.3372320142791358, 0.4510913078927169, -0.1649239337564466, -0.04179649949684663, -0.8494606551247258], [-0.38957337227697053, 0.6521323917714427, -0.3786875454546331, -0.5735874593019196, 0.018334404022066854], [-1.3374895161438827, 0.8443964647323198, 0.7042586371677906, -0.3214554629736897, 0.7159811735757181], [-0.14537287656303768, -0.7314876094128088, -1.1975477602606153, -0.7219554890568569, -1.1755914416020785]], "b": [[-0.3595368485471574, -1.1478250215810257, -1.0817781993992053, -0.11115187522886845, 0.5863401164604126], [-0.1214401620860453, -0.8280154344424447, -1.3114504327017926, 0.6258480558622517, 2.2304355004750844], [0.854940687468775, -1.7681076463111143, -0.7624843133559929, 0.6249396809993921, 0.46128642191762476], [-0.8504210323081319, -1.523117764724686, 1.9200668917619088, 0.20709660807966795, 2.011084678499167], [-0.06699056226167718, -0.3119381064466898, -1.8383833529750528, 1.1509310456250446, -0.9254603756616964]], "c": [[0.6276949312187787, -0.06190263967504273, 0.07550630432122261, 1.4612205492385402, -0.4628476448337138], [0.27083225871318767, -1.077027109225479, 0.62664982631952, 0.27112844451265616, -1.2886461523268322], [-0.1826165617864716, -1.2911137761281135, 1.9807306364924993, 1.7013745170173202, -0.09446473706961096], [-0.599680058347402, 0.9548050983459541, -2.015555810340252, -0.8232129580280475, -0.11438611598543066], [-0.28327474561862936, -0.3696945906416973, -0.23763804392114715, 1.2664748952308007, -0.23503015877031944]], "d": [[0.34955194515859167, 0.8088867575520323, -0.07329138647563252, -0.6461055505832851, -0.7918532019678513], [0.3529117922207679, -0.3359862937220266, -0.23550927835472063, 0.07977070474127881, 0.43424065297169523], [-1.3578633561720943, -0.03075748435331813, 2.556478266717525, -0.9308422071147818, 1.7048933520550789], [-1.6217825399106387, 0.43994812369663316, 0.1763598610804882, -0.26429965261195476, -0.32713112589426924], [2.2152193226247388, 0.879039200308899, 0.19905352476659693, -0.1434650951673107, 1.2226304979637879]], "e": [[-0.597620227006482, -0.176833966396184, 0.6404944737663752, 0.36090818917853407, -0.7269455026821492], [1.2249549300020042, 0.3617277423693346, 0.24429441501698554, 1.8306062968870715, -0.6004040039979429], [0.10136084148530995, -0.6713461045505341, -0.11980569223648223, -0.11445860753622333, 0.8830845825608686], [-0.3423720283397705, 0.3994457239576025, 0.4675193110025709, -0.04727333601473202, 0.34336902574769307], [-0.9043946840061479, -0.9908668393895391, -1.6072440063983897, 0.7582773352193509, -1.7519517070957251]], "f": [[-1.305477762460914, -0.27200585807774313, -0.0975605869689938, -0.2649974349878138, 1.2082997806647446], [0.08664241995571466, -0.48989460547465347, -0.05762336832052838, 0.765487108219511, 0.6103804824986978], [0.40590860667539036, 1.5746168663603228, -0.19431327527108214, 0.22104408125716168, 0.8961912651282964], [1.8182589792226274, 0.1927378717891998, -0.5250214675523126, -1.3898453114472682, -1.4297319849762569], [-1.0080510578833166, 0.2754230744529879, 0.23561104951101983, 0.9701633826187078, -0.7998407759545069]], "g": [[0.40210811755300846, 1.8140253526026349, 0.35517806290069165, 0.41719576771774214, -1.5560919893184972], [-0.21412608205723227, -0.6570370819255846, 0.6159008076905216, -1.4320726521751646, 0.18680857772979734], [-0.21343447635962898, -0.6767382412906119, 0.8299265992171743, -0.41132592086559266, -1.1580672878637677], [1.5160843058393005, -0.5924266554972648, 0.5107664929677748, 0.06539013380591129, -0.4122841308376103], [-0.5932499919877544, -0.7791077667268156, 0.6294328046376884, -0.23029087458179356, 0.9373776401067174]], "h": [[-0.11345439962602911, 0.6806783722954851, 1.094595316752681, 0.20750443765473126, -0.6248706583615847], [-0.6352803883343878, 1.5844401372751402, 0.32831801336973954, -0.1430312062226923, 1.958996476824449], [-0.07869733019819648, -2.5464103727040097, -0.0873031161534291, 0.217277684054503, 1.8558447228835746], [0.386984999011272, -1.3725240425277614, -0.5699571615953846, 0.19280509918786531, 3.585410441610678], [1.3449446526908664, 1.0509788352957812, 0.13630020215948713, 0.4803784759994704, -2.2139937854397638]], "i": [[1.4231016900458804, -0.9810658333959891, -1.651825116528622, -0.5402725877111525, -0.8866359423026817], [0.7856777728636589, 1.6629011139837282, 1.1919751193718895, 1.3235355394530393, -1.318476943343214], [-0.10390392080954064, 1.676130223797573, -0.5190295716870886, 0.052756792367350855, 0.010380947447017905], [-0.3409023491026517, -0.3218870492138514, -0.2768082368392732, 1.4814236778811567, -0.8173250582511415], [1.2350518042857912, 0.8746025710933123, 1.5083206100697795, -1.3541299538518405, -0.2032314582009094]], "j": [[1.2956003535329772, 0.14766229172720552, -0.03574542896424481, -2.389758165639069, 1.143579714515443], [0.09061748633555075, 0.807399011762727, 0.23640818972450348, -1.196811994929187, 0.8776833329266406], [-0.8540478821111002, -0.027495701433236482, -1.557392782404643, 0.31245246576504043, 0.41714600804086416], [0.5612801926573399, -1.8022019353075773, 0.29014404150497164, 1.1318886580997143, 1.0114460830222016], [1.8111313809072827, 1.6401915833737948, -0.8164705478930296, 0.12213827328288468, -1.8218461135120894]], "k": [[0.26650040039349704, -0.45062132067900446, -1.3057636288362144, -0.06971864050803332, 0.03231942562955554], [1.919849066296786, 0.05889667938726873, -0.8051315410547799, -0.22178294749095892, -1.0889512696367925], [-1.453379237413845, 1.0648053114691443, 1.1254686249015207, 0.09313968289007334, -0.4764407556558587], [1.2604779249613267, 0.00615523055641425, 0.26440743559943736, 2.461578992344361, -1.0661416709962306], [-1.0310811617375615, -0.7238466814711634, -1.111552720317065, -0.20240369931805555, 0.22013136946655953]], "l": [[0.06973028678758666, -0.9442759938542054, 0.23495437019502685, -0.6173307679255282, -1.0991174536698975], [0.43167757158082026, 0.8824802934425922, -0.3794352709381264, -0.27899609507877277, -2.3793951878897266], [0.15523941934750823, -0.9755928314586493, 0.6670879869075202, -0.5180935863927375, -1.031229787454468], [1.2420920343603021, -0.39846548289595674, -1.582320079777999, -0.660612771504268, 1.6150346618695168], [-0.18118957016073, 1.2965117631985843, -0.6401895975111375, 0.8710911212707463, -0.9036562671854516]], "m": [[-0.6411613153254142, 0.883451635011492, 0.9127294909479364, -0.26322704907949035, -0.5028360523954593], [0.04101832055364213, -0.5606794402687547, -1.068020373572874, -0.6082503226282922, 0.4640562840408083], [1.0067046648771452, -0.22595918898470202, 0.8495138682708342, -0.6545366661690055, 1.0390370724678544], [1.0168619511568842, -0.42726155167966323, -0.4301270550608275, 1.0580793521229637, 0.2342452187402746], [-1.213085940877742, 0.8605826030445495, 2.036132764402387, 0.04107515024181509, 1.9225920689607967]], "n": [[1.087275289809421, -0.21189248206974715, 0.6354900353152924, 0.4409908057553551, -0.9778427901906342], [-0.050680882067892404, -0.8983342829221596, -0.17498728742443093, -0.6595927708168006, -0.3105858380840325], [-1.1321295950570947, -0.7082507650533022, 0.3557363907064181, 0.6382841748988434, -1.7932609795239818], [1.5565664948140518, -0.42287017723831594, -1.0894301309708545, 1.582593877463983, -1.3587228629855315], [-0.6979536410037412, 0.15961306367314057, -1.680724238457672, -0.6195910843695348, -1.581351422244644]],