{"ini": [-0.4340653353988489, -0.6474071285678696, -1.5486771227665674, 0.4215742958454257, -1.0216492180716104], "fin": [0.6288698899182236, -1.1123474249652452, -0.1078556397852141, -0.11638153302545455, 2.0140647792268607], "trans": {"a": [[-0.9633553082468806, 0.5480088561631906, 0.36292972805870816, 0.5761062787109534, 0.1735750027121985], [2.301496272579729, 0.23108871847579543, 0.5994589918850076, -0.5375441043857853, 1.1931280237773698], [-0.1639458020540979, 0.7759910090015469, -0.0059871591656741096, 0.4375168055833441, 0.37746990794203], [0.08284984518090327, 0.25080272527565656, -0.2589076393880242, 0.47971351937306117, -1.0804042957417035], [2.1735875635014494, -1.3022898314050273, -1.949238794124592, 1.557013951827, 1.0405076200188499]], "b": [[-0.17978254336393867, 0.9127636466902439, -0.3956753768822967, -0.941681501638052, 0.9671685428493089], [-0.9188955325166783, 0.06035138960053406, 0.8825529780350294, 0.34765023305422665, 1.6654415872275845], [1.3624609828794134, -1.322236717054818, 2.104365010156983, 0.14703935729322418, 0.4697719498974951], [0.9880428464914612, -2.13284540307408, 0.2623037681247346, -0.2778063960255881, -1.6264082767801846], [-0.7038344291672439, 0.2076191097345246, 0.8306176140908473, 0.6514867888251668, -0.301192817480009]], "c": [[0.6035183331498672, -0.12799670289106624, -0.9667648858488911, -0.5853797951130117, -0.871789648515309], [-0.2940893638058904, 0.43165788001371885, 0.06343085508592604, -0.6101143426603224, 0.3512686618257928], [-1.195065204945708, -1.2400942850500276, -0.7152427289481849, -2.3490134331188397, 0.47296818505708843], [-0.21707921467373995, 0.683068006208149, 1.096725643956621, -1.1251926930087792, -0.37556390885551655], [0.33927291892702593, 2.4911129110739427, -1.1457671981540127, -2.312263934960652, 0.426509863621816]], "d": [[-1.1382306375016702, 1.395377676484272, -1.1047199217982366, -2.09055712088783, 0.6190288838773629], [0.07120703289614154, 0.7620124376336106, -1.4876122803630454, 0.6874869837903351, 0.5819118259105649], [0.46406293233124535, -0.22420823042883437, -0.3231529258850469, -0.62974449207494, -0.5424017255166281], [-0.634379737703786, -0.971399550187524, -0.2248885684315056, -1.3859486945107116, -1.793610778984047], [-1.235097368813445, 0.7086889239511445, -0.46069708816977545, -0.6011779841442574, 0.5284297169437886]], "e": [[-0.2616742112991113, -1.4676249656418248, -0.07533241183950184, 0.5945984818134143, -2.308785797480379], [-1.3372935926681166, 1.9119456936767658, -0.4080807394667711, 0.5446537561215125, 0.4368395759285124], [-1.6347238903858388, 0.03663331681646055, -0.47170315163504173, 1.5698124313370632, 1.0417044685944388], [-1.028199505490386, -0.6733546203322582, -0.5820907391241733, 0.3850872632226137, -0.8895709678653662], [0.037829970144092645, -0.17889937536773348, 0.12784367629325888, -1.1301169332650738, -1.292571135595044]]}}