{"ini": [-0.8239429511952396, -0.11197898520036323, 0.21996308826169306, -0.778790024973088, -0.5712513747453045], "fin": [-0.23054922411896203, 0.29232122720133963, 0.6973354235949161, 2.0006720537005505, 1.1089688800970245], "trans": {"a": [[0.08695800199075507, 1.2870732197742107, -2.103688904724674, 0.7413797608173652, 0.4638675601588829], [0.5254520531400417, 2.7090908378709817, 0.6440889192505301, -1.2609732083660488, -0.00040755599955471725], [-0.5544100048782836, -0.7459473972617812, 0.717663917381943, 0.7471672960562035, -0.7899758001157322], [1.5823229506063545, 1.6356621740940889, 0.6746093451691386, -0.06425381999928449, -1.1059882480901033], [-0.536731061872833, -0.4713543901769383, 2.5420775742103436, -0.807374633345774, 0.38129346321229823]], "b": [[0.0926678944661154, -1.3718276287380027, 1.5793792216611058, 0.9390317280599928, 0.3474724919343446], [0.4250258401120007, -1.0316575640449406, -0.00272587568751046, -1.786908658079436, 0.43516981754340833], [0.005351177317222618, -2.2820490736303545, 0.17909500523367564, 3.2045744804269245, 0.13404459116115372], [-0.6735213796355835, -1.0910724673873697, 0.9869594181094221, 0.7419358111950186, -0.4471250645540483], [-1.8640625269047928, -0.6628833244241623, -0.619177428650309, -0.6249078654602, -0.37964965515637367]], "c": [[0.5016028264834929, -0.8765635783054792, -1.7258127618636023, -0.38872039952409987, 0.25345508851971854], [-1.0651440830009726, -0.5732842370450257, 0.9797761180158696, -0.5743005531312927, -1.409276907169025], [-0.46858093213505825, 0.10771849948088762, -1.3352695361010574, 0.9841519700241057, -0.8774847847692682], [0.3544737552961111, 0.21263534274428678, -0.48543204240944005, -1.7400852614071811, -0.30971236731597435], [-0.5534170159338663, 0.8116161502522833, -2.140797915797086, 0.5895969485650095, -0.1919224782505938]], "d": [[-1.45980244977964, -0.045049279082261806, -1.2849538705855885, 0.07600413587652528, -1.8146068148762329], [0.2539864086289262, -1.531109273887309, -0.07142894118561344, -0.8533640810732943, -0.7534809580639933], [-0.506106544137359, 0.0002778071491608964, -0.8897538519675852, 1.0831028544241728, -0.3143720619963157], [2.3196171642692005, -1.8034031495542902, -0.4649964384417083, -1.1517760134589006, 0.453832306693945], [-1.212665028387967, -0.7159257481624663, 1.0576704143664704, 2.1341340024214417, 2.2496153864056754]], "e": [[-0.8757609833855104, -0.021353074700204623, 0.5234466166860633, -1.7130153589897057, 0.5173126508264367], [0.30362898431727287, 0.32263039043373026, -0.9795693620575865, -1.0547521594946359, 1.022066660265597], [-0.09919678482106639, 0.3121901349447972, -0.43694916985525817, 0.27817869496884384, 0.579581593745682], [1.9818156890364644, 0.9238830122486127, -0.6581112788929324, -1.0696107702341828, -1.4656809567639815], [0.9907383712266159, 0.42662268438322903, 0.08886286032855266, 2.064906545548411, -1.9788113724415666]], "f": [[0.15985905877440468, 0.22779493786904714, 0.8534346622443945, -0.8197084877208226, 1.5391365412401878], [-0.5712339813936829, -0.154954984112916, -1.1187005611557228, -0.22359020004984276, -0.02844586207064514], [0.10566032663938058, 0.21222775912565495, -1.1028570312780828, -0.17564604427695632, -0.08676938848687209], [1.1139990236523398, -1.6338606813748033, -1.3719304869792392, -1.1045190533405274, -0.6882887440594769], [1.5841971155725414, 0.5871822109708925, 1.339263021594906, 1.5117895122082619, 1.5235211736940542]], "g": [[1.8026108981922917, -2.2840457299294856, -0.20969057759811904, -1.0957336922942023, -0.4573149959350526], [0.4682768172909896, -1.0482564561676446, 1.319949828423608, -0.8757135872961355, -1.4763618314554268], [0.3301703005041758, 0.2431034182058854, -2.02144794793137, -1.1005300959816844, -1.2786241752099594], [-1.2375340868141629, 0.01761510619248735, -0.6250377475751996, 0.08804683658363432, 1.9815994676105966], [-0.07486887974251737, 0.09100044862278323, 1.3687917418910773, 1.4201457533118214, 0.216402504938011]], "h": [[0.31162128089086566, -0.04145978523633172, -0.6392088730695161, -1.1684003348127714, -0.3881650136225595], [0.1083893778422492, 0.22267961263542918, -0.15622120124642305, -0.42160844704497996, -0.9003191182681931], [0.9351023067199892, 1.0036664615129123, 0.12180983567896757, -0.6481693337406637, -1.1241290648947047], [-0.05088104676535624, -0.3455154935898308, -1.7192033207117055, 0.5254065617569057, -0.1373673430652578], [0.3144617384012334, 0.25513252437301726, -0.8068820697607234, -0.28227491086922, -0.8945848615783896]], "i": [[0.644334764597613, 1.789762707644463, 0.0022929637016417728, 0.8186658112251058, -0.43457837611509137], [3.256006601105236, 0.9009003295398282, 2.200274709976006, 1.9430360289418789, -0.21872880213423765], [-0.1738593508944308, 0.4231049633959927, 1.5914321766337278, 0.5389122085739719, 0.9629253174208583], [0.10526140597605423, 0.19511623811188988, -1.8409091669154967, -0.9281279229317889, 0.44611867545215844], [0.07540900427479238, 0.5898951133163137, -0.7298493459689838, 0.17163329330142468, 0.4685376692405473]], "j": [[0.09130221507563899, -1.0293613291370725, -1.9217498600539642, -1.6020024748280424, -1.9439106344472896], [0.767395489594916, 0.10100379346126882, 0.5528652249280017, -0.046942421872644746, -0.2055772301321248], [-1.328919824044258, -0.031818392101951046, -0.8826485069989876, 0.3460386709853536, -1.0171472194126396], [-1.6335149904039163, 0.758596650225471, 1.1526664245601512, 0.48971002219214127, 0.7294113851530457], [-0.5548487077975532, -0.9521232301379764, 0.3803847837869227, -1.8231357080483575, 0.9839970634321357]], "k": [[-0.48222736431664365, 0.5415391128969951, 0.4280727189197714, -0.4943487540006042, -0.08099600111587164], [0.1770640438328495, -2.056744995227022, 0.9519435755433174, -0.48265543194336463, 0.22322927681943666], [-0.24261711637715164, -1.5009260741611963, -1.158701582496924, 1.8548458738770703, 0.6529630579456754], [0.06818825098828225, -1.5199520984245136, -1.0583587462163317, -0.09589610116439043, 1.6901772902932435], [-0.519407681064478, -0.5372690349013964, -0.6543010001889885, 0.5411492886953791, -0.30468467749726336]], "l": [[-0.05608209784906482, -0.5556131422495623, -1.8395119425287996, 0.08887013400039595, -1.0825175825433673], [-0.540838758554741, -0.1557277421790668, -0.4757489957072436, -0.04415112910234325, -0.5984747898979297], [-0.6027887280367757, -1.0922482624347327, 2.0375461907820345, 1.0962478408712593, -0.42733364557340126], [-0.6014443805239962, -1.1051061548096166, 0.05675550885822997, -0.5767488080231732, -0.331611576564953], [0.6747281713552657, -0.11556858382680583, -0.35113869178022, 0.8116758730069733, 0.16415012835580717]], "m": [[0.519033563811201, 2.3616425200652795, -0.2214551683904785, -0.5171619680939685, -1.0146790445865335], [-1.507526618971365, 0.26921459830258454, 0.12199436288892365, 1.0432743293807096, -0.035186491188468824], [1.6440396916216256, 0.32110523966596266, 0.024690079324460986, 0.623889394091021, 0.31732321826571047], [0.8076849268472407, 0.5461209561257245, -0.2975523616387816, -0.27440418325992, -0.6648919311595396], [1.0302594383068464, -0.2895298957186267, 0.06135944454791708, -1.5288459256484714, 0.4963612958312737]], "n": [[-2.252672299793971, -0.522008720034848, 0.7462532364468666, 0.09434689259861449, -0.6770035439146427], [0.27868881457341516, 0.3346603613726565, -0.8614552470381296, 0.1312782450319027, 0.43302555172328144], [-0.5362497337638777, -1.4936853346131373, 1.0583410321955626, 0.15160550665173073, -0.47781444494630737], [-1.2790036879440787, 1.2667027473631016, 1.3930206576313224, -0.45519698342869114, -1.2521434019742073], [0.484429650087482, 0.5059579104447623, -0.8568528063169686, 0.9127196905941106, 1.4439078313664613]],