{"ini": [0.2972454556992246, -1.2504570254667944, 0.4491470642697818, 0.10943973798370188, 1.9069106861375849], "fin": [0.16603869736615193, 0.56546236456104, -0.16275658856001404, 0.2964779346005687, 1.0674558728033976], "trans": {"a": [[0.546449483857271, 0.24654327714139238, 0.2238818617710486, -0.3250654299296424, -0.30146345612953906], [-0.9629294953289411, 0.7879140784845575, 0.7949044649660791, 0.3607399267953299, -1.582080179626873], [-0.7900227459523554, -1.2886287856120187, -1.343224294480263, 0.22247213779668207, -2.4446861633183277], [-0.7399957779136025, -0.36690281285792625, -0.39738997524861325, -0.7377546254927818, -0.6660883247913665], [-1.7337097931811436, 0.5385237729030419, -1.485746038652031, 0.626050489832195, -1.320518995698471]], "b": [[-0.4246052214918044, 0.13397847218735884, 0.8134356158834958, -0.0754146461812151, 1.2277062477956584], [-0.3799162346628684, -1.2260472192867924, -0.6628044293915785, 1.0890427965697984, -0.17005032207610882], [0.9117811959375463, 0.21846006491907546, -0.11533343728584068, -0.4009326005355983, -0.0007169008057173322], [-1.6140631355423822, 0.3256618080396811, -2.161437990802922, 0.8579840538630533, -0.5767785272798629], [0.9251968821718971, 0.012647951885777945, -0.13282508331431406, 0.008394318909128264, 1.0307194588300266]], "c": [[-1.203454907250533, -0.12164217632130882, -1.0766916379731784, 1.7230450372933255, 1.7002714335534785], [0.11574648871381298, 1.385478907940475, 0.6588708799299785, -0.20463956158103025, -0.13663750866383081], [-1.4939612332954322, 1.994627578298731, 0.892300440543571, 0.7635790836920407, 0.02530127929332091], [0.3622086954291614, 2.1171917113340584, -0.5830786502677797, -0.366570102447782, -1.0900929326131605], [0.09074852889027545, -1.6777752071866603, -0.3254121001609928, 0.835532446927858, 0.3744304008159477]], "d": [[1.0012414030319436, -0.5517136081081873, 0.9390663565443624, -2.210224030495104, -0.9665490609614191], [0.27929597917253524, -1.3144222412038198, 0.2286828673529896, -1.483749243394401, -0.06047830148479909], [-0.1333247321609227, 0.6738272380285802, 2.9183495707101477, -1.302693832050506, -0.04104348039602114], [0.13922614609064712, 0.5294009288482617, 0.15684402213936566, 0.9689528465903204, 0.42142689527353033], [-1.1298340793965589, -0.7756088419631926, 1.3748068926846764, 1.2058484775487601, -0.8502618015401441]], "e": [[0.175550101811505, -1.8691796683664073, 1.7027610851151715, -0.4768446065182604, -1.277370833296108], [-1.5774791259631078, 0.38959187334574513, -0.4146468940419796, 0.5856624689087667, 0.06029006508370851], [1.8216409098940478, 0.9673705601375016, 0.2786231463549102, -0.10522104213217157, -1.2156943868032788], [-0.16867206457336165, 0.7564630530655709, -2.649833120788136, 0.4079557415890291, 0.3090364816812685], [0.6129852920783504, 0.9519214967086704, -1.0537666411893185, -0.5599281616989011, 0.6684600948115277]], "f": [[-0.10522521235141293, -1.2685000693745394, -0.8088980159531571, 0.9347525677410501, -0.7372533667278321], [0.4323840856411429, 0.8904441431851293, 2.1626276356519227, 0.2176986750728874, -1.0433109879415958], [-0.26004321087828314, 0.6957854524762249, -1.6831617930531249, -1.0096828475282933, -0.45193624018246525], [0.4431376518641858, 0.16815458602130293, -1.8181601087652932, 0.351231677798707, 0.027260863368252838], [0.8597520625565406, 1.701727709500543, 1.9351350226040995, 0.14199543032134837, 0.26696720012877756]], "g": [[-0.7451086156907877, 1.674450306237036, 0.9659514368156067, -0.39928033288413917, 2.8911455575898852], [0.5442726099665651, -0.7359949986895101, 0.06585395011807393, 0.17252483594319626, 1.817175918318411], [0.8963014418795823, -0.5444821769585412, -0.7546514302567576, 0.057171389120117724, 0.4301140370349088], [0.6926697193603981, 1.0046041625060802, -1.5873837954227452, 0.5496102295566192, -0.0217932694988254], [-1.1603271364863437, 1.068059463698657, -0.5480651592804505, -1.1017366908446111, 1.1439396800084733]], "h": [[-0.5959330210776147, 1.1186841814240798, 1.3912238156456616, -1.187009727553729, 1.4730343270818174], [0.6496463159120007, 0.4849750882293349, 1.0350438678387024, -0.9229051762174085, -0.2232921589431562], [0.3109643779182439, -0.6335132733236489, -0.19776630376954019, 0.09494783412576255, 1.6261182792487068], [-2.5374179796444034, 0.5121730577322866, -0.028054870800084168, -0.9139489333732073, 0.6676084517587327], [1.2069106952232491, -0.7158929811610267, -0.12478220753216346, -0.5815423872431805, -0.4006494171145859]], "i": [[-0.07128622071670718, -0.5712331688597302, 2.762870374821651, -0.6702611808234817, -0.46679531934452817], [1.8062395969165388, -1.1864503889072355, -0.2499636756845648, 1.3950412318453713, -0.4817274628922256], [-1.107751886304492, 1.437501664269245, -1.0912255246131457, -0.023199233198850904, -0.08748621186065557], [-0.37366519804645176, 0.543345238834833, 0.4958405876938387, -0.09043822987073226, -0.17091750680812837], [0.5543294349576021, 0.040103889439165756, 0.3378760330220591, 0.19235784759571378, -0.33819928834628055]], "j": [[-0.32097202230943334, -0.8452661270631909, 0.29426389856275065, -0.049836680196313786, 0.5340502853297133], [0.49101814048920633, -1.4752906623389184, 1.0926502860382525, 0.22832660514202474, -1.2633383028386178], [0.9635302974859133, -0.642007584414407, 0.8808149513311423, -0.506480255501604, 0.40996802899219337], [-0.18481065036300046, 0.46805511457337134, 1.4384143885534648, 0.7941359112804455, -0.303695695918198], [0.6907625813794774, -0.3383154257748759, -0.07465220374790386, -0.9772148121093887, -1.3733589871249643]], "k": [[1.7830740209964377, -0.41073809176351067, 0.8237581791152637, -0.5398243154521242, -0.026658483223993317], [0.11115505061000128, -0.0032211894198723758, 1.5493094547680828, -0.8008333627638791, -0.39936385146089876], [1.1052575878927096, 0.3575395106135044, 0.3073452217116857, -0.12873177762425164, -0.7952727088396229], [-0.013644527636319905, -0.6329478144701204, -0.1101247791861139, 1.1546617675585082, -0.2546219788215547], [-0.055453382973772544, 0.8553403240993768, 1.84512280463906, 0.8316535807569828, 0.7272907812349237]], "l": [[0.35050182101180194, -0.5167066108407203, -0.9108534256862013, -1.7037748703147373, -0.7621507125566366], [1.3147958331847733, -2.08811234017871, 0.5046960350293647, -2.6441835229026744, -1.293081680090409], [0.05713433576921834, 0.4034725796951772, -1.9816843789239038, -0.7399325578047746, -0.7970619303443452], [-0.9750499777553572, -0.1806416702207459, 0.6158714437731171, 0.8290777347427971, 0.7378390463138563], [-0.8901451113765586, -0.2213926466371286, -0.08666358605512688, -2.156238120196521, -0.256425132362248]], "m": [[0.3395781512707984, -0.7396923171996014, 1.4658037444173904, 1.1144487112048194, -1.5840287601724552], [1.1920744114664432, -0.7394993129771419, 1.0740858380318865, -0.003884098759171302, -1.1514362986175415], [-0.9244646444589962, 0.9853107747581343, -1.4889004093992462, -1.134381079980249, 1.0282597612504254], [-1.1395287568300492, 0.8384390929846657, -1.7074073015483924, 1.3336441618794939, 0.5437451429962158], [-1.0137889050757494, 1.4385066773133581, 0.5567069810691045, 0.256062759700527, -3.5350374428838967]], "n": [[-1.1495476819408157, 0.3860320260146145, 0.3930398090059328, 1.2462039403062204, -1.464630672272644], [-2.2716221613259067, 0.5014639106634166, 0.7828610530831164, -0.49088843087026807, 0.7137477624589538], [0.28836985863665104, -0.06573416053050689, 0.3364307578146941, 1.9762501240323913, -0.7138466209006622], [-1.3792560209864333, -0.6167394603573862, 0.9103176503028895, 0.3388842901586654, 0.8692744844126449], [1.5927231738608394, -2.0218148581072795, -0.8569362025528867, -0.3504792831589857, -0.8355817007885045]],