{"ini": [-0.3662805127182441, -0.0245333744515676, -0.9972792910293219, 0.7153684111402325, -0.058876902527656726, 0.12985614685697033, -0.24084869241113507, -1.7729093927408166, -0.5045195766137194, 1.240406507934487], "fin": [0.1139597214226764, 0.33116516886390357, 3.1238612651019553, 0.18916250345514796, -0.13810933736907122, -0.6877197298795321, -1.1532470823241994, -1.101985135522925, 1.1555315758900189, 0.18079701104834506], "trans": {"a": [[1.8284591963865517, 0.5797079732485038, 0.6837023456605316, -0.9947459374611176, 1.546272422070505, 0.7942698882858845, 1.0831499690877529, 0.9977765494140651, -2.102486250376693, 0.581504680641591], [0.44052922870522415, -0.21912609444588668, 2.6955289331556522, 0.5106607962234145, 1.2755954483657264, -0.738598359200283, -0.49822343351968745, -1.4000405738922557, -1.1360709102508193, 0.7252419659245555], [-0.48683716734013377, 1.4940752528518528, -0.8322839592650648, 0.07949437163795553, 0.6477241809368828, -0.41632970572540723, -2.0495915182246285, 0.507626604070304, -1.2462590175818942, -1.3519120385851624], [-1.5669862600245619, -0.5803828953026575, 0.6866005784244572, -1.728412459852244, -0.9766614311143889, 0.8751234295052552, 0.5455318694781423, -0.10679131475171504, -0.26874404245350897, -0.7641072113274981], [-0.07358903346959425, 0.9813304616650833, 1.4176544745622486, -1.753263271668002, 0.9592636827093521, -1.7019855987927077, 0.5378253928326321, 1.1252337119802263, 2.172186945230067, 0.34231914451151757], [0.6325265257236197, 0.1623812338104082, -0.3670284088720813, -0.6494452957934252, 0.16463358557100327, 0.0060498574194395235, -0.11223523373292703, 0.34833883679169125, -0.9710616085703871, -0.30719333199339854], [-0.37772459458573493, 0.5078222530673552, -0.4212294754410552, -0.37883566378859035, -1.2639730017857949, -0.6907019283967974, -0.6746305394570189, 0.40462269854299643, 0.7674124706015623, -0.888713403368795], [-0.18765770214721145, -0.9499865948321804, -1.0185832128330017, 1.3476173694986726, -1.1014978768661015, 1.303674480071448, -0.3869178331251349, -0.011592990833523359, 0.04618777050786339, 0.803356652222325], [1.8905370009981306, 1.331388222454738, 0.5382460321475064, 0.2951675417076137, 1.4104800399508703, -1.4901228812897984, -0.3780497949351356, 0.3172044319242051, -0.7846338681290573, 0.5562395325876349], [-2.308350317817017, 1.8200414340485398, 0.9277815324544558, -0.6115315863692592, 1.5252926449448367, -0.48811281959287545, 0.7039402351778898, -1.0829527157105592, 0.9704085360752085, -1.2953538099514401]], "b": [[0.7257582907651112, 0.28304504255610374, -0.8025254316053185, -0.7863946980694889, 0.7410614624976168, -0.0937451466319433, -1.2081217277107232, 0.04972885919706944, -0.9224647445947508, 1.517969845040425], [-0.1385015181643631, 0.43024858495108914, 1.1256727710523227, -0.04925526219978325, 0.29165220376360623, 1.4406640325344011, 0.35144669628333525, -1.3225518418268412, 1.9018905544250555, -0.24514606337017253], [-1.6672854397209658, -2.4745523128361375, -0.8492757897038088, 0.26284450093847644, 1.1982772180956114, 0.5540136279938563, -0.3465581725616157, 1.8240433145053285, 1.451272814721539, 0.673572640256646], [-0.7614993873174266, -0.16608532131410728, 1.068704296800585, 0.26642350361966977, 1.5611370341804525, -0.10957305690350619, 0.24768003798848442, -1.9017121454122914, -1.2250095031823103, 0.916698151506382], [0.6793242079642197, 1.1318417361192201, 0.33017608082905586, -0.21264291084923798, 0.11896385195974638, -0.28119123550915515, -0.8825124126357711, 0.49153733018961004, 0.1687242962866371, 1.4075370697495255], [-0.6304479753895423, -0.2066229402279677, -0.6674699065323129, 0.06838146154647831, 0.42707076184299403, 0.312948359996428, -0.14277224955235568, 0.2886754095142845, 0.4070505713457435, -0.9876439197551302], [2.0791553632650994, -0.8271414431050094, 1.7136972962334422, -0.17096644527686333, 0.5181243250253311, -1.093301102456112, 1.6965510794422654, 0.3908012065191389, 0.2612446568978375, -0.13682889027071715], [0.32706871783343167, 0.6260122969752107, 0.22969354443380727, -0.45124839973650654, -0.19179576444151605, -0.4323998630258855, -1.8479742316428978, -0.1554346559259731, 0.9960490109926374, 0.8324211500893212], [1.1044546496729033, -0.09303447801105838, 0.24759284677879786, 0.5627269799458802, -0.27657423313374646, 1.1682807206582126, 2.593096552650203, -1.4013254677438005, -0.19244117170619643, -0.26647503002287165], [-1.183095383114846, -1.1331037803675457, 0.4892677679258293, -0.8867098288627062, 1.700460994378913, -0.9388505905813171, -0.03978438211715483, -1.6685177111298186, 1.7786520242289496, 1.209970812145234]], "c": [[1.0130061132176327, 0.7270980689734801, -2.1785547995711028, -0.5583384184127391, 0.6402552563266103, -0.6181462341902662, -0.6487490920216423, 0.24636794631339348, -1.1877807581168243, 1.955985589087446], [2.257780557126319, -0.2976206622242097, -0.695871090396079, 1.2133805141733944, -1.8327705714502525, 0.20549870804272266, 0.4921275191984058, -0.7099841881059766, -0.3753804157505667, 1.8626430290227831], [-0.6433562355515885, 0.38551499629191593, 0.9526131381842371, 0.22451787468495008, 0.6154503169471748, -1.3628569308504435, 0.18253701375030784, -1.3411790503044492, 0.578936722776457, -0.6187384589566685], [-1.9886220980479798, 0.6175588218414235, 0.1623439602141796, 1.1634219534615335, -0.27308480780830385, -0.3554014596624699, -0.8307561750509205, 1.2174032545952045, 1.2387731943565867, 1.626828198117987], [-0.22653486530704992, 0.6740254309020944, 1.6998757623082463, -0.5154923475367801, 1.2252907482251616, 0.8596928486070973, -1.945943111246984, 0.4214922609185019, 0.1456617202708046, 1.787372630462029], [0.47653935635044786, -0.21108979986356974, -0.5068502017235906, 1.4599850354463297, 0.08349818752198303, -1.8640534230865524, 1.9569114630911542, 0.916407692988146, -1.4418837214527447, 0.6130114993256321], [-0.20107036028503114, 0.7797710039376203, -0.061943777226926115, -1.2649726344998984, 0.44628023909011366, 0.4377284325205176, -2.4758065049255475, 0.1468068553413137, 1.475584716779546, -0.3352958242267779], [1.6508741998268996, 0.6727957282004594, -0.8293793788193738, -0.8010227048515256, 1.0132222261483987, -1.6207678883923513, 0.2980209244549413, -0.9625119249369968, -0.038084222037080076, -1.5856617209612196], [-0.4386329102208334, 1.727437722176194, -1.2453011683876252, -0.06280376362236748, 0.10032274151880065, -0.5767282996155847, -1.3918333624002412, 0.23604103392834352, 2.0816618787417847, 0.6948284991998579], [1.0097951423637195, 1.3783801979822672, -0.6209882068176673, -1.1276145682036647, -1.5620598889986934, -1.5989389948592783, 0.7606304028683497, 0.5732708095312429, -1.0601781715150682, -0.251039817722802]],