{"ini": [0.011606203313836905, -0.29695600098841274, -0.028842827702816314, -1.497738922156261, 1.437533973328274], "fin": [0.7872325835080773, -2.0515149614408434, 1.0160439446583085, -1.1691753108723595, -0.9124561489775326], "trans": {"a": [[-0.8580671671649956, -0.3398912592812274, 0.35341435854868036, 0.5880766371297864, -0.09107029037840143], [2.6218872953713563, -1.2101377404910376, 0.6731274036732644, 0.584180410790254, -0.06543123578338668], [-0.20258663132181406, -0.1323930365111221, -0.43126392189772744, -0.09335875021042316, -1.2257995159271515], [1.3945968763184733, -0.541517139798447, 0.39069019981430636, -0.9857189512399549, 0.9762781964390055], [-0.9589293759030826, -1.309464133996581, -1.0230220598291193, 0.360530595371199, -0.250974472001808]], "b": [[0.3644366885271491, 1.3170047906119362, -1.1945256132871174, 0.3732596045082102, -0.21989566031919552], [0.025097487182882003, -0.14719830429037112, 0.8637317067190371, -0.17747034736362827, 0.6091050558731776], [0.46571943419338874, 0.20155001990748939, -0.5816425323784523, -0.2459149512443678, -1.0713977700899355], [0.39468063448320384, 0.5327768272045984, 0.009130763740958616, 1.1318832882857215, -1.8322329047440453], [0.36374641549825504, -0.38468673748633414, 0.09034589047894886, -1.599925019980614, 0.05667713866661898]], "c": [[0.03687800336880503, 0.4551892459905034, -0.30528345387774636, -1.056806817153002, -0.3156324176766815], [-3.143512586996442, 0.11941322892422516, -0.22492260682913398, -1.7214483148309407, -1.4316572206429676], [0.5328208499788947, 0.436074761545493, -0.5858938669843806, 2.0177007234587316, -0.10213703755706627], [0.12013044004578409, 0.06055272668481374, -0.9835739648166886, -2.0018651696648297, 0.4734227478261336], [0.5535693762652185, 0.23000501728881856, -0.3108202288061906, 0.5058802320504245, 1.9304788560755752]], "d": [[0.7228543222689804, 1.343518990115427, 0.8997637653673304, 0.4804076903763072, 1.154574984008656], [-0.6985222458289321, -1.5782293023554852, 0.49775975777908543, -0.9595910476934455, 0.2823781804714029], [0.09931188505797271, -0.6233069014215525, -0.7841250113814727, 1.4030811725383983, -0.41565609139308957], [-1.6625248597128428, 0.12329326434493805, -0.4487769718349709, -0.8027383900250477, 1.3717110795228404], [0.9806574460897802, 0.6956775794722683, -0.7521482577771098, 0.6277619224210054, -0.6289582840549351]], "e": [[-1.6876662542208525, 0.14826300471880544, 1.3550998188467664, 1.5459247272490517, -0.06235352894424239], [1.0533133151267082, 0.08698132761603737, -0.20854008250139192, 1.1359319668213912, 0.6180238451324803], [-1.8523942189140308, 1.3276455895234764, -0.6698122184910459, -0.17944877682537036, -2.835360148211934], [1.4588104388736292, -0.18311288608449566, -1.971476335530607, -0.6042502659463361, 0.6605485727994316], [-1.2614801090920396, -0.7091531385349814, 2.1906883100045964, 1.432663057255222, 0.22064556113114034]], "f": [[0.7226769221921522, -0.6987924357237424, 0.46183622106245825, -1.4011378279317175, 0.8369505237369443], [0.6583072899317534, -2.2187977247242388, 0.48307786383383267, -0.6156732633014107, -0.18401808976826659], [0.29641943123788483, -0.47246788985166505, 0.20287789637119444, -1.1986261081560032, -0.07692577688849142], [-0.3633582817012108, -0.16090351026578076, 1.6405651435776305, -0.03236529595743664, -1.5718166633792505], [0.9310588275253645, 0.6066713188208571, 0.046087746681878844, 1.1810086983265031, 0.13650571403308265]], "g": [[-1.042341526760501, -0.21084127610596395, -0.7229576099466455, -1.6123337126460913, -1.168553450714551], [1.3354035832044233, -1.2268686970716665, 0.8303848271217277, 0.46337619422941806, 0.5440388143651466], [0.6023390744788886, 0.8023839749590594, 0.8179101960190466, -1.4927338705759303, -0.8044265887321129], [-0.20671760480730716, 0.49436478879732604, -0.6305460221936461, -0.8816375862432664, -1.2420337883142438], [1.4180596200132018, -0.7046226806808467, -2.251866391482883, -0.5621924053652838, -1.1088002958576482]], "h": [[-0.7398639474855729, 1.2652921191611106, 1.0912950431753243, -2.109065113605151, 0.4031056496394712], [0.2694149857112017, -0.44682042532736255, 0.09183639169545182, 1.780495802346594, -0.24469709173047877], [0.04124706545052261, 0.11985723163985344, 0.8472191083299023, -0.9090730969936218, -0.8485819226094821], [0.2522955055083385, -1.3357776943319302, -1.2819333533638153, -0.14358296039937032, 0.6154416791040163], [-0.20201696891857798, 0.7959621451996999, 0.6600418651618334, 0.1955537910795544, -0.28194034426661674]], "i": [[-0.9933510636955857, -0.9400676222266596, -0.9588032240386339, -1.2133242245445905, 0.5989028120888097], [1.7429570440896403, -0.12043768477422097, -0.7366019389907226, -0.9506429366026351, -0.07608897252695529], [-0.20086156303024902, 0.2888640822985945, -1.2737801789211072, 1.176179039003031, -0.916790830856093], [0.41611747098606006, -0.6342550906219102, 0.3551353745113821, -0.9322670028066379, -0.24044122157502118], [1.046087286839003, 0.6210691429665154, 1.0616985690193814, 0.4739772775648443, -2.3825940858731283]], "j": [[0.5755033542604787, -0.8007889017220053, 1.990434164087922, 0.7156298991838099, 0.17348092787466113], [0.6723690875338163, 0.363594497326338, -0.49010467739420016, 1.8279582202402405, 0.04094720748117652], [-1.9871403424663414, 0.6867322451139973, -0.17344118764714808, -0.6429047887596614, -0.25667641324419627], [-0.033298448252053164, -0.8176368911590084, 1.2323047059058325, -0.30931528957442955, 0.45234474825116233], [1.3783498829092806, 0.959392491447569, 0.5074541914190656, -0.736308432794059, 0.4172638601162759]], "k": [[0.9307240274484591, -1.0064675838934316, -0.19517926482210438, 0.19639763725668213, 0.8880767700848013], [-1.0749833206564843, -0.7718686413279361, 0.7505664268023344, 0.9121926343666742, 0.8904350181010608], [-0.3328212111705645, -1.3980950476924012, -0.4825245268692798, -0.7705084114921159, -1.2198970697522042], [1.5708417935479912, 0.06227086370031337, -1.8453841794726884, -0.12846798148707322, -1.3201850047385606], [-0.799353542634208, -0.09485868634416834, 1.2110312838032373, 0.23495522587268167, -0.9016709363193576]], "l": [[-0.24028014899709516, 1.6037683216383667, -0.47245064969580514, 0.07666913496616733, 0.8908882744946209], [-0.2950509744768483, -0.2411651492735669, -0.6235984688319908, -0.7249317085325232, -0.1879653935443854], [-0.1198917778825101, -0.049587170142312995, -1.843761440342885, -0.8462795190611269, 1.9712295972598015], [0.3929687371709481, -0.2220219316635577, -0.6064662633191072, -0.09260845303378211, 2.200826487895129], [0.5032877495680103, -0.6236615810995764, -0.9836123826301743, 0.5783048412660097, 0.7435131246235469]], "m": [[-0.324358563516533, 0.7208733155420448, -1.2848725675555412, -0.16681317866167908, 0.6708385237004426], [-0.8446520168701367, 1.5603752750274442, 0.1658607615911384, 0.19539739367556896, 1.0324320159957796], [-1.3865875143599171, 0.26654358522276167, -0.9464656118362595, -0.5561161628746044, -3.3730966301890555], [0.5601395702860105, 1.1591825978044208, -0.047006037135274424, -0.18706238634750694, 0.3726517790732881], [-1.9229038323333036, 0.6198630083204795, 0.2062097761090517, 1.0104716933975253, 0.11755605866416595]], "n": [[-0.38241019158301714, -0.7706021072375556, -1.3708827852672358, 2.3247347527143414, -0.818582656776542], [-0.07444511302902851, 1.408191728229021, -0.8699645215773284, -0.7613305909878566, 1.5678871434203527], [0.5339018741098741, -0.11444159798422066, -0.9993167520239511, 1.4340033343901268, -1.227224426402215], [1.1131764899094676, 1.369412094639021, 0.7752655157697086, 1.8412406238504886, 0.5583174008983928], [0.5680884916160611, 1.0307999397374314, 1.4863095798176278, 2.059674525647242, 0.5920037099181198]],