{"ini": [-0.05970443862294967, 1.078236701326856, 0.0540395325090512, -0.07146089660690379, -0.1232017430936343], "fin": [1.5302367201803049, 0.7439911429933287, 0.8937722547556533, -0.22904376805990406, 0.13139660403846626], "trans": {"a": [[-0.3673824962687359, 0.250353122576704, -0.002885587592535811, 0.4211850400048424, 0.35022237667013634], [1.2992431752852984, -0.7894697352769355, 0.15006165444779623, -0.6199082815915221, -0.915658731613817], [1.3092153175290593, 2.1279175965602857, -0.6199080949795469, 1.851043104791908, 0.31982562112033425], [-0.9281321070124744, -0.4405117972173404, -1.031184434644846, 0.086903399522748, 0.035284525836121856], [0.9707549278674797, 0.274227411985162, -0.04810260754383585, -0.5680497691225939, 1.014204227642865]], "b": [[1.2575880369395527, 0.029166948161268785, 0.7533094697410928, 0.2665038384625092, -0.12493533801824855], [-0.6027639869402059, -0.3890114570694057, 0.16584537329174845, -0.17010064138974837, 0.09921166282976643], [0.6301306989335828, 1.2106481196633188, 0.41618846456356073, 0.8855839407964912, -0.634502666407939], [3.3984440125656423, 0.2160176596819235, -1.1960920320607105, -2.4877972011724863, 0.5545013247253594], [0.25427968290597136, -0.3741996164489566, 1.2139982044887785, 0.11027819407130685, -0.0934265595611902]], "c": [[0.6926349429729134, -1.2738091229588102, 1.3365064238772462, 0.2275150208636627, 0.029197860950052876], [0.8253286993678682, -0.27038249614292564, 0.8544186964207925, -0.30993017952450347, -0.580945500256512], [-0.20984157426786668, -0.13708833585409866, -0.8181678168348901, 2.250981981626829, -0.35532029856319763], [0.8135187305147364, 0.40853558413690466, -0.22634397492914818, 0.40510113916634816, 0.2283185785730153], [-2.115648234164281, -0.5384762710317217, 0.8980708034071446, -0.37354902327734807, 0.5448614927117496]], "d": [[0.5723697501898325, 0.195166337790574, -0.9016119783698351, -1.1551427333786057, 0.49226941499297716], [-2.2981736939715858, 1.2197148595346785, 0.32885807795251, 1.7264860404391567, 2.247041732852399], [0.4264101188368702, 1.064507191673143, -0.7702823693549037, -0.3494685334769305, 1.9448035191682875], [-0.8244110039208637, -0.6858735339691282, -0.4535837969122646, 0.13312753122664162, 0.6358893283622584], [-0.8648087817988968, -0.3783963948197688, -0.3393554734626296, 1.0308588572949196, -0.9492656961763208]], "e": [[-1.1655617603822173, -0.8021294394458419, -0.2186701492773732, 0.5833349319071528, 0.385146056107507], [0.4588560056896404, 0.9414685050408629, 0.5544813272674253, -1.588539949944843, 0.2529781135004131], [-1.6251856881973075, -0.3361070966805602, 1.7141116023500238, 1.0586121609467811, -1.141551935853156], [-0.9578388891166778, -0.5426743104149399, 0.10940034662732462, 1.0445174589650306, -0.45743953586024005], [-0.8909486795377232, 0.14019207932089736, 0.4078469837433719, 0.5864626852906357, -0.8272616753617049]], "f": [[0.3955696135725273, -2.0685777570727177, 0.4794689562474973, -0.241971118900922, 0.5328354052772469], [1.7866767717745053, 0.4859377657076708, -1.6305500010421845, -0.1244078637179255, 0.4578165262970425], [-0.15105594293694707, 3.677991574014062, 1.0832829317850015, -1.1157403062613882, 0.2521824410312379], [-0.2545831037301186, -2.6434645493419473, -0.31477326546371015, -0.29979241260604933, -0.7293902995781131], [-1.2827527596918942, -3.9547896895397825, 0.5127144270298764, -2.3088521056786027, -0.46087665248695325]], "g": [[-1.468499403155109, 0.9578704958788719, -1.0318342235200806, 1.7026779739112325, -0.34094429467687865], [2.1058524585567033, -0.7231183990562582, -0.516841144798006, -0.2886805434675125, -0.3523673783789642], [-0.4868175595047578, -1.0079250301512457, 0.1109159222363218, -1.7921604964308544, 0.2767155021942208], [1.485953681166722, -2.4098914399405227, -0.04599381800329027, -0.7750516307657979, 0.4417976000411384], [1.7258668933442507, 0.48521758467560183, 1.7565631558241148, -0.25730156351767, -0.4022160154978845]], "h": [[1.550447449870338, -3.24481435718201, 1.1267416567471746, -1.6999357174282526, -1.271282912040558], [-0.03753580320405651, 0.26132621328533706, -0.5254376423342263, 0.05987987986144789, -0.6081524958717525], [0.36044549820546173, -1.159109936194777, -0.2663747576443514, 0.5080269479791336, 0.3701588754462322], [-0.11510260783089586, -1.5020606773198157, 1.2680448307991763, -0.9035526519264162, -0.7537068615809243], [0.14191351383798573, -0.4498458254609637, 0.39430321759896303, 0.044454495752239934, 0.43173226185070723]], "i": [[0.525025978734497, 0.9603468485512218, -0.7216463132005865, -1.1633813382114941, 0.46372257137025585], [-0.10597090993780452, 0.018702353814243032, 0.32544372899041024, -0.49782064413326466, -1.196655519780084], [1.3346572818754292, -1.8109621688140567, -2.124289581010761, -1.9213478058632338, 0.38803352296255056], [1.6981168009089698, -1.2686590814650123, -0.5872375070814635, -1.9072906643376555, -0.7574376427494818], [0.565305065773121, -0.11419216604339139, -0.4476154613442329, 0.49326408277000633, -0.07948847863458187]], "j": [[1.6475962246882756, 0.8737107859902699, 0.393739695295665, 0.6380032424517927, 0.671937247032582], [1.1626700670303458, -0.7174282819306916, 1.0037610781985593, -1.4329647917760608, -0.31165122445281823], [0.6335011524606522, -1.251724125668774, -0.5356416643876892, -0.3369783836651511, 0.3831827179880109], [-0.2533413707312948, 0.9745043461127313, -0.8061024368279539, 2.2491307758310204, -1.5922074070244339], [0.7687947645264153, -0.21214182559965697, 1.4268537528593213, 0.34094031902234784, 0.1694497172333622]]}}