{"ini": [1.1674999122370784, 0.5195129375676201, 1.1049931700800804, 0.5942088509305965, 0.2864853154504165], "fin": [-1.4345329950493562, 0.3971969895146493, -0.46894836470694207, -0.4056801084142148, -1.4661611400314356], "trans": {"a": [[1.3842574658963227, -0.7812975033926246, 0.7498427514081922, 0.9179033661059708, 0.08822118981591137], [0.3923526664637944, 1.7448653569785284, 0.45818270253588655, -0.5249701730130735, -0.6857955874267909], [1.4261181581709588, 0.16743931409422683, 0.5230676421028585, 0.8226654339668096, 0.8086585771079254], [-0.6500369789501904, -0.2128394134524026, 1.6526649091259755, -0.11849059153448685, -0.40932466584972266], [0.5103354526523773, 0.9420971522272329, -1.624309588652633, 1.0343648456790129, 0.052709930665608515]], "b": [[1.3899170028893642, -0.022301040211295427, -0.37528518277608797, 1.9149412061807305, -1.3004016438951278], [0.24398163827686312, 1.5489347052950138, 1.0035072654074118, 0.1985539576481376, 0.8048162927728867], [-0.8843693367465929, -0.14503078856131457, 0.6097287068775318, 1.4619845901121102, 0.6486727830519051], [-0.6470991051517256, 0.10824098798398099, 0.016999582369307084, 0.9017848875809252, 1.3570018559647443], [0.3509658572015399, 1.1635016967294416, 0.9442247790196521, 0.3900177289832263, -0.3631571834804839]], "c": [[-0.41673733261733675, 0.08250250627620621, -1.0142900199136797, -2.1299133743664136, 0.5470666181867779], [0.479535903215319, 0.7938430028874873, -1.102344032340956, 0.5005706032665641, -1.7632225601367313], [0.21956910421447176, -0.37973898274241863, 0.13430092735268806, -1.0607723253232257, -0.2625105428599748], [0.3094832819825441, 1.5830795049232165, 0.5179655520337378, -0.39461042544410957, -0.49985852295572514], [-0.8116375098929695, 2.5065740809468453, -0.38762437589264037, 0.6662268792726962, -0.5888997696956466]], "d": [[-0.5946717110481297, -0.22087843128607554, 1.598644640943577, -0.34025205213784865, -0.6856199209234699], [0.015317769197936626, -2.590900619612316, -1.2787126440115646, 0.7428627656159579, 0.2101191971899401], [-0.24252326808007343, 2.5098330052723616, -0.3362771001615176, 1.5749331792747392, -0.3474646576174168], [-0.517317833427841, 0.1794549098655947, -0.6449494141821637, -1.7835753487124597, 0.7256663311667584], [0.7804129646085887, -1.0524331640698588, 1.2448501831752448, 0.6890763874011858, -0.030204780935789845]], "e": [[-0.5078387978370011, -1.043798500868356, -1.1099806919249497, -0.7842791224987657, 0.26094975420320454], [0.22102826865941852, -0.6828815664217744, -0.622816695048228, -0.6193171340871153, 2.0079137245266754], [1.125707279177934, -0.21355514896474398, -1.1532262274117833, 1.0339765178603182, 1.2416943948495678], [0.5933059628394608, -1.0126949636832332, 0.4509460195419652, -0.699592866282124, 1.3344548931319473], [1.5874147674004906, 1.525921183447237, -0.7275431242049281, 1.0296624743232339, -0.7007572671189497]]}}