{"ini": [-0.4524194207187234, 0.0036957778914454616, -1.1503566470148066, 0.015268682999148646, 0.25553787923607063, 0.3401474552452739, -0.9844022997503488, 0.09320526707120924, -0.34078997561991975, -0.48089594642793754], "fin": [0.7721622512018239, -0.864622220218214, -0.02361694018817704, 0.2683389466018465, -0.2426140215835795, 0.6968979932239348, 0.8815895068100014, -1.3740302849140797, 0.16076971863603634, -0.31639719022807045], "trans": {"a": [[-0.1552617272657133, 1.5249312347533408, 0.4380767295911329, -1.0715604035743842, 0.9198855311476957, 0.7944242511843989, 0.2975077422280465, 0.33570077005090937, 0.14756960412509373, 0.3111650639034351], [-0.42281944535195787, -2.644128883157446, 0.10637602704724418, -0.7465420717941805, 0.00848069623338902, -0.2510234602998338, -0.4648553700682019, -1.1863799011278444, -0.3755641488326258, -0.20583617142183613], [-1.9164577777771747, 1.2253353482315268, 1.1118460977068763, -1.0915806047783472, 0.05834311822378319, 0.19727604730146076, -0.7005331494417214, -1.6498689807413112, -1.0360678183360061, -1.299474670662766], [1.4711752648388372, 0.08509503652988565, -0.2565535594696473, -1.0238123948513231, 0.25442248824473157, 0.9218800846397629, -0.5703507787864257, 0.4626993141940089, 1.6440990333967822, 1.0802332000859933], [-0.7649766799589817, -1.0498043596457154, -1.0768250079860533, 0.10508059196798106, -0.4385085819192029, 1.3757805530616067, 0.7528521641155275, 0.05235947101172066, 0.2600250724596917, 1.584937383567021], [2.185084800632875, 0.4599989742771608, -0.2044017831914225, -1.9378435591741612, -0.24656519623143033, 1.994203551302501, 0.4260059128606138, 0.1868036283891271, -0.019186540889816934, -0.6475244647539027], [0.46197245046073376, 1.3578232475948389, 0.13389029990110649, -0.5271480767237479, 1.8082088619645666, 0.6391526485918299, 0.6514776442782461, -0.6454498640885159, 0.4786186745050515, -0.059131708437607976], [0.09775384967769428, -1.1174823439721122, 1.1850255142032662, -2.2612653567199867, 0.6445349843262621, -0.9522383099610162, 0.545387529622465, 0.3857202224254682, 1.0243678787931307, -0.8121942240955792], [0.32673315885845894, -2.2145701022828552, 0.013278614326728184, -0.6400763177000524, -0.735008248483802, 1.2597934954601755, -0.8973699819550474, -0.12264466999330918, 0.891860196796954, 0.4875970664835531], [0.07473656075196147, 1.0218004207026081, 1.006393477868939, 0.14488814557659724, 0.3997962220276184, -0.9090895516605985, -1.0013463134709195, 0.8752915250015525, -1.3223781324277357, 0.21127610418916828]], "b": [[-0.6790904554318821, 0.09812931750912068, 0.7450083075523157, -0.4878871726661834, 0.14116853028113927, -0.7056894868076484, 0.42777200269936144, -0.9433782808164262, 0.727775868261408, -0.6207487774132074], [1.9111327192009082, 0.6599902490320269, 2.2956485062540746, -0.8152351860272097, -0.47574709268629006, 1.0127720485770624, -0.22571852047046986, 0.3109970202679364, -0.10520680571161216, -0.9015698272870581], [0.5313732825509272, 0.06158692373013801, -0.5927756765365656, 0.5352388611699421, 0.6048677850468382, 0.20236862044856113, 1.0050058563312314, -1.8580380466592412, 0.08883459894203258, 0.3284919690385223], [0.7630811745414733, 0.7817341239629026, 0.7350287132548056, -0.30649178738895344, -0.4882359985868571, -0.398614707818808, 3.841188489842517, -0.9480606588037687, 0.07102358705299504, -0.7023658415070793], [1.038209810620288, -0.3790955520864561, 1.3581402169178167, 0.18662749073111384, -0.5016020405161874, -1.3031828181825773, -0.49632333493898456, 0.7429255785053744, -1.0305088081690743, 0.8158032881009261], [0.12254348243020662, 0.5984832910191675, 0.7593766273362517, -0.23545976748604375, -0.5075598236724045, 1.0988193269905935, 1.1329949763119884, 0.10665839925732495, 1.732267303876708, -1.6839374309756283], [1.065649227165955, -0.6069717931740666, -0.5952693442227768, 0.3493958739048841, 0.3887035900430516, 0.9729658170816965, 0.7329615156595943, 1.3845340056740123, 1.2193580118987069, 1.5446495281082566], [0.842668378374714, 0.7924466727104535, 0.6809717615399975, -1.015344312955429, 0.3034824472770791, -0.6463885170758787, 1.3174716853655342, 0.8336707432285972, -0.9466767205541284, -0.12803006685931437], [2.5581571790572797, 0.14271099885800145, -0.10154195253936087, -1.1773644640174952, -2.7750394847805158, -0.45532418122713186, -0.9576388087645259, -2.582800605121936, -0.20885948497963147, -0.3635883948630279], [1.9099871807944022, -0.3145898431503922, 0.008283712892003655, 0.1193458581800524, 0.3578674502162883, -0.9273225038357064, 1.4706812328163, 0.41216278292879915, 2.3507339912328997, 0.06852537308802376]], "c": [[1.0309354055771107, -1.8046460416366548, 0.617556810722334, 0.5482507390336606, -0.003852845765634095, 0.8966404518387966, 1.621274317819193, -1.360391577560371, 0.02628818931596212, 2.7611078504702093], [-0.08604937812227871, 0.12889264567696265, -1.4443681068477543, 0.13829020975231243, 0.12034993876565982, 0.9459373567323397, 0.8422511772917649, 1.1964131377371434, 0.3350181273207816, -1.4374779352573988], [-0.01995462583843492, -1.30215558975874, 0.7750081065464346, 0.5243706525713914, -2.7917302045861745, -2.1713970758774948, 0.5519887040743576, -1.6591906841625566, -1.4862083291634864, 0.44193815211496074], [0.46769701883069903, 0.9969255734134235, 1.8357974729544373, 0.1264444344294784, -0.5809367331977481, 0.6311463793247223, 2.026518198437314, -0.43048460204848793, 0.8088333533936208, -2.1948762376313367], [0.09088838900495454, -0.17832982240396852, 1.1480298722664808, -0.6030745391514377, -0.7333240885012445, -0.5091215595148316, 0.8319713772969809, 0.2516684687318652, 2.0203536912501643, -0.5829968858166784], [-0.1756603307630821, 0.45866516044597266, -0.7261839853550683, -0.2528832019705402, 0.8670751853234294, 1.7140232666734199, 0.6791049059142484, -0.6104674564245315, 2.8851680692103123, 1.2047100788883696], [-0.5315532955200851, -0.2786759355636536, 0.027653551859839604, -0.36836170475730395, 0.006645854387844407, -0.35764360036555537, 0.47088768956374333, -0.49071574695999465, -0.8674422640496414, -0.2764820516757444], [0.3315841064175631, 0.5730453096263461, -0.5405466413516056, 0.03660406738026521, 0.35049023899575377, 0.9331022554767621, -1.7911139088786692, -0.44016707333543414, 0.10192040978920858, -1.151352539386374], [1.2446202593346771, 0.21695257999872297, 0.30486464833269117, 1.4790919921323185, 0.8703619337447337, 1.0215776555001523, 0.4371533297843153, 1.5197668650600746, -0.05348156597647448, 0.40445953090325254], [0.9551794200437878, 0.47421057993442983, -0.20193690955881244, 0.3501016492219594, 0.7077161675986167, 1.8725209975837505, 0.915586665101858, 1.104464834571385, -1.0882059524587153, 0.008012375359595428]],