{"ini": [-1.0881975719241626, 0.5529893531643222, -0.2953667663583501, -0.5226237682647484, -1.0487064563065374], "fin": [-2.0982456665885643, -0.23722597878359306, -0.11914656071881088, 0.32289264418016406, 1.2182257028944412], "trans": {"a": [[0.8569664116483868, -0.49187414652417066, -1.2909902405036124, 0.07822080687392588, 0.15980842361016534], [-0.6219944759380166, 0.9560326101161785, -0.019717475557132488, -0.34141000056155907, -0.33186446197931085], [-0.21535990954084697, 0.241800286051982, 0.3573007219687868, 0.7649975536863376, -0.6375970219226432], [0.4802246823142677, -0.7911940474030908, 0.02483996889123573, -0.9252162736465276, 0.4139674485516278], [-0.12990079810978958, -0.17356288632497657, -0.6380672804762272, -0.2814157849638493, -1.6617530654053836]], "b": [[-0.4455852139581466, 0.7273312869160551, 0.7022858527995093, -0.5253648324964579, -0.1416830347183306], [0.7225473035311821, -1.7329514375350885, 0.11378285923143706, 0.1333821624046512, -0.4991433518103637], [1.4387290805684843, 0.8264260684191539, -0.016601559386828068, -0.9431637125638869, -0.6131913688805248], [1.6337184770391624, -0.38860959084558117, 1.0085051749895586, -0.43208513680573984, -0.5695154374175257], [0.07028892269957672, 0.11959937813037663, -1.6326626673340352, 0.3211924331329796, -1.0507051752526213]], "c": [[0.2749429152817603, -0.5450777252199905, -1.2532507313735017, 0.552838906112887, 1.280133307172656], [1.648192292656801, -1.2804200302960052, -0.32843744817835147, -0.4910784955308523, 1.866971967484963], [0.6578378000871341, 0.011904388680261705, 0.8609231642264331, 0.3602379735549888, -1.7252910223760067], [-1.3838999063839064, 0.12780034059246417, 0.5396034855969566, -1.0710971316104163, 0.2755998473764627], [0.7963528482109153, -0.3363410753107829, -0.960663161582197, 0.34264520344082916, -0.3076960059918758]], "d": [[-0.046385723621362604, 0.23636055357143532, -0.8238768893779258, 1.274830928335176, -1.3029241577279944], [0.14184743568275215, -0.4919787569957156, -0.7240570823946919, 0.915821252370136, -0.03317716239250857], [-0.2583886492468657, 0.3890052455431946, 0.2034193089600933, -1.520546785710356, 0.5113677517569974], [0.32083201980372855, -0.30892345502605456, 0.9991648986222146, 0.3695547336122291, 1.860929150092022], [1.4233409487266215, -1.5185769569651544, 0.287826435338516, -0.8443794918533924, 0.015389766854319312]], "e": [[-0.10921449057317097, 1.1378235271968358, -0.11335170756990579, -0.7214769537016706, 0.2138905687742905], [-0.6377219478185258, -1.0715827907383388, -0.005917318918040598, -0.11505227492976249, -1.3124904031117701], [-2.9312307692141246, 0.7177453638084798, -0.5008646160084531, -0.48442346326084934, -0.307103328579571], [0.9974865139807019, 0.15440514850871492, -1.682968023999994, 1.7928766197621997, -1.139469857607074], [-1.9606609899808682, 0.6751580210316527, 0.2710951802814457, 0.11686627067416232, 0.7393721021364845]], "f": [[-0.5974483820528687, 1.7313056475251885, -0.8576127779522829, 1.1309214505969831, -0.8195999079897353], [1.158557443830815, -0.4480829378056033, 0.46312135292210205, -1.2621313644470986, -1.160274666634342], [-0.9792221822701292, -1.2131487151158669, 0.1459295011759186, 0.1714707299445922, -2.8661196822956754], [1.8610007476680035, 0.018821001485067927, -0.6062263932622534, -0.6798880064321016, -1.598102503010414], [-0.5035354747062742, 0.7961058742561622, -0.6716547740228871, 0.9057368486478431, 1.257457347396551]], "g": [[2.333632109202796, 2.1419750183385444, 0.014822471648714695, 0.5388585012247227, -0.8184836533377089], [-1.713039873766304, 0.5479880881306285, 1.2431941728009246, 1.31222887716922, 0.7423133590054029], [0.8132810839867255, 1.0814312126320673, 1.1444897067904394, -0.20901348852293378, -0.3976163141982809], [-0.16759617555576972, -0.968513853747095, 0.9258700448977345, 0.25290082085419885, -0.8060920077741525], [-1.514717747649339, -0.8662670351115027, 1.4974885720889577, 0.36543294223274186, -0.27220861740301955]], "h": [[0.6709441799805962, 2.218539691624827, -1.2734960442486243, 0.5457734494381018, -0.4436258757352949], [0.12782479826781393, 0.1987078949599419, 1.109146063867199, 1.01197545148704, -0.22209018143305523], [0.2903609670057957, -0.45698639076414665, -1.5306674463641783, -1.6749037308519867, 0.5409872064642034], [-0.012522222913322707, -0.6607614561310847, 1.1338983670079967, 0.37331563113261357, -0.8227056583123086], [-0.14288733614738722, 2.232395931867032, 0.6673233732761931, -0.6942405832801681, 0.5198534700839706]], "i": [[0.5581250697558869, 1.5976136331896214, -1.11060730942923, -1.1450344568141777, 1.109028719533961], [-0.0058781069534806305, -1.7541244913653016, 1.2858724616696267, -1.4503170376585957, 0.4254318148043631], [0.21357627489465983, 0.07422565721524646, -0.2229537059933195, -0.4557352811619975, -1.2181309993642342], [-0.30411250103359416, 0.34618799297237834, -0.7454489539765502, 1.5748171234503279, 1.8779902842203788], [0.0023281721730726546, -0.8848739941582098, -1.2170030496903532, 0.2254267987060184, 1.3260463372722957]], "j": [[0.024549918625749602, 0.19269313207043312, 1.521923592811426, 0.0426220791682553, -0.005140414657686976], [-1.2204873555068971, -0.22867149864986497, -0.92389427443175, 1.032320858989385, 0.22106393728254178], [1.0020831490023723, -1.5825722856922533, 1.1477540519034497, 0.07155442929488147, 1.6042056442944383], [1.8078608606677327, -2.2188809602102233, -1.2228606259682815, 0.4246263120394827, 1.4398840808381443], [0.295384943558231, -0.9017642208276005, -1.580343570362647, -0.18569173715153775, 0.6540919391943462]], "k": [[0.5708024132153232, 2.4038494625311717, 0.9239706221499272, -0.34274177042567067, 1.0630650456553445], [-0.19026764788338105, -1.2215779305878296, 0.8813933496404219, -1.002451054527389, 0.17729863554443182], [1.2400929146015491, 0.5929495359589898, -1.7620852622323242, -0.032641723989573115, -2.6756338928649126], [0.03097185646561455, 0.2536436502536551, 0.1694010153440722, 0.015362022995259373, -0.49031910066028894], [-0.8619748467825332, -0.40303950673715383, -1.056254647893967, 2.3756733284899316, 0.8711403819489658]], "l": [[0.580289263609091, -0.42902129431114305, -0.7671215220818408, 0.6590278772233541, 0.5197111505782009], [0.7321990199632252, 0.15393063773733437, 0.3081523997954724, -0.38104508205399995, 0.3287581795292225], [0.11610682990195942, 0.10488013644895766, -0.24999471586385896, 2.05913227991429, 0.7918420082645033], [0.07582121066771663, 0.2819722280640592, 1.145870564591966, 0.4145801960443819, -0.5816524560213244], [-0.6480598614463148, -1.3101030778290619, -2.159834726119049, -0.26875894108595355, -1.1770200393793309]], "m": [[-0.7784089478197235, -0.23519891129069048, -0.8986044553321677, -0.4363363236282714, 0.9855390551348555], [-0.6176443219899588, 1.007567042726954, 1.2993212744910567, 1.4199441197872158, 1.3728783904026272], [0.3783695330133528, 0.9814353317674445, 0.43845108182703935, -2.390527480225317, -0.45707597702536845], [0.2791258870277895, -1.2543011177133332, 0.5401103385615834, -0.3309496872325914, 0.2931136441792843], [0.32895919559462716, 0.44470354921932387, -0.08430084427313209, 0.9216843610034083, 0.19814345541211842]], "n": [[-0.9761185047362101, 0.6662509760274137, 2.234906064225156, -0.1896234814947339, -0.035928008811579475], [0.7198036766842932, -1.7571391437748916, -1.6084963727597328, -0.30974139382105986, -0.23422666349733665], [0.7804320343372032, -1.383722207673534, -0.9784591939767228, -0.9353285942488907, 0.09670101934467734], [0.1166708008007724, 0.6900424933487662, 0.17815643009342627, -0.9542301899593073, 0.188302630732662], [0.26417489397614563, -1.4767757781144137, 0.6602625699646839, -1.1836869726253785, -0.22060958238813713]],