{"ini": [0.17550032614217215, -0.8164347399950368, -1.355733279362505, -0.7371553897669614, 0.19955479789808633], "fin": [-0.47113548248529535, -2.1981541456395677, 0.6888897069212142, -0.11107813636679151, -0.003916530053659434], "trans": {"a": [[0.10981559372457757, -1.0747009312152542, -0.5422250419824096, 1.0821891030118367, -0.36257855245313053], [0.12992863758017537, 0.8489875996141653, 0.6116975021455604, -0.972497377879329, -0.16913821931489206], [0.7895373155029566, -0.6679040427329664, 0.1822243751097002, -1.2947779663546124, 1.1810044810905245], [-1.0429588087408577, -0.24471092015659357, -1.0113594124029208, -0.009829584738086353, -1.1618462329022228], [-0.28793938751743353, -2.2200481411522603, -0.5008466286282454, -1.0674149056471915, -0.2436396058263148]], "b": [[0.1835492508835326, -0.4074747015199349, -1.975576759942956, 0.28232927205077296, 0.586355281435222], [1.7779835199079426, 0.35376534032453777, -0.8932827826194981, -0.831607226606813, -0.007905390224755466], [0.16024769851679865, 0.04698913266640747, -1.8353704650453908, -0.2940724077897086, 0.28813384959569177], [-0.5323400473480643, -0.5615149305570848, 0.46163721282385767, 0.3281265494441788, 0.358499092913746], [3.0564768612162383, 1.6304191970752282, -0.6980949715651158, 2.3603730571996335, -1.9405451643644744]], "c": [[0.9719036894435142, -0.9180928681391464, 0.35757282301854415, -0.3845121591061857, -1.7307713893489223], [0.06339092785986043, 0.2869015528618846, -0.6057591943509839, 0.7018503665336976, 0.22980573934171714], [-0.41297316038486886, -0.2830529716851418, -0.8356363653906469, 1.0697417857237859, 0.22005047849213988], [1.1508221590127845, -0.2683184785219828, -1.0980377450876395, -1.2587621719134796, 0.9361550419726433], [-0.2145979994765594, 0.05964604961896188, 0.6990394700435292, -0.4939796638274243, 0.06105004904869437]], "d": [[-1.7495429480043725, 0.31506103591681206, -0.7579356404206424, -0.2170545008872729, 0.5907690740546427], [0.003625053750383191, -0.3445454029523024, 0.5129226485502605, 0.027803377884231522, 0.7946503480185578], [0.3920909325672183, 0.1867194416039198, -0.8614142918455322, -0.6732581554381735, -0.3158732213979733], [-0.8930418643592595, 0.9016910088302341, 0.8100791216194505, 0.39155806335246174, 2.0729312295637063], [1.4704033389099491, 0.26703748449552855, -1.9344102196158206, -0.35207680488044046, 0.31368518779766935]], "e": [[0.31659244774148226, 1.7402721931699534, -0.3090470109991677, 0.3728397627018237, 1.1446112519939158], [-0.17817629099238008, -0.6208498033914446, -1.6404337123135433, -0.7056419129880673, -0.4165219539931333], [0.7203771813472666, 0.1222038553449179, 1.0786413091493818, -0.9588838261720428, 1.0919956079353912], [-0.6492012294691243, 0.012237818409192365, 0.4008730100527062, 1.0202043915898111, 0.5177501488432076], [1.7255147465064258, 1.0304434292129145, 0.4489368983890446, 0.2807005018556578, -0.3354417537709823]], "f": [[1.6917449678403842, -0.11823428418413388, 0.7498842197272486, -0.10677218746565567, -0.8918264625900839], [-0.30809957620317896, 0.06694630900484685, 0.27962794328235085, -0.7905083949996337, 1.3387365933278947], [-1.1861477294868734, -0.0678717834239348, 1.0447803938664164, -1.3913405845616726, 0.20187352577877182], [0.19652163730339578, 0.8465210423778475, 0.7809712640787742, 0.20941025738899927, 0.5456725143952378], [-1.408237707542994, -0.2457641571556284, 0.12536307472936706, 0.45849758890035386, -0.03830326194910971]], "g": [[1.4452792621130106, 0.7210365462027265, 1.1438867124817131, -1.3965973671923002, 0.5532985985806239], [0.16813136577309654, 1.3454669325648838, -0.9982589753272945, -1.214023464050843, 1.4420492210149567], [2.021412300857031, -1.2680904693189134, -0.4716622653779705, -0.9576985009137434, -1.3843535405034253], [0.07414258751799976, -0.14152593525064544, 0.7762195376338032, -0.8012589320127151, 0.1528744419903513], [1.8024861687358782, -0.607584099308446, -1.3267954663000263, -0.9049677833174974, 1.4586412216269002]], "h": [[0.8199077102291566, -0.6847543018454029, -0.36199996484248087, 1.166803052381736, -1.3659285332570659], [-0.4165812580219611, -2.33658015562718, -1.166473444952711, -0.5115797687431178, -0.8425040293950313], [-0.07653864677667487, 0.09109452274229293, 0.4047742595374115, -0.34958945370589134, -0.5037541875327926], [-0.7543943101308093, 0.03556480455857084, 0.14146633664769578, 0.5340377143465193, -0.5875664730434692], [0.11265482301531841, 0.4815482473950864, 0.7816695596890162, 0.8219524270337891, 1.0188758352396114]], "i": [[-1.5738045499033593, 0.5536913343338316, -0.9034033959079029, 1.1799424001732324, 0.9940147148685082], [0.3764028967895165, 1.0647733013555818, 1.0082792380488046, 0.944046412992805, 0.27129802373304573], [1.4918532752737375, -2.940569832765943, 0.6500701530548054, 0.8327220648854627, -1.0765524636157318], [-2.043703154925513, -0.2380567059228063, 0.05854233563136154, -0.9823387804750403, 0.9438081490044544], [-0.36915296823535837, 1.7099354292279985, 0.02376171368299298, -0.07398260452491186, -0.34454422557589603]], "j": [[-0.14076224998174808, 1.972474955943234, -0.9300816623120522, -2.2277377488024634, 1.1438275943606837], [0.014825429384612317, -1.636499336014419, -0.49004374512080123, 0.7707004919374875, -0.3433002898776854], [1.8533861752163114, -1.7946077356180963, -1.5718711302007258, -0.9657263734354228, -1.2020880596217922], [0.9206465970115105, 0.7712552575721374, -1.003186120862696, -0.9428491351238815, -1.036721939999638], [-0.2244968938172864, -0.9042384861653923, 0.3852593436141648, 0.10458988882427347, 0.6528650500077849]], "k": [[0.5303509298606713, -1.3878197472736988, -0.8418508609341853, -0.3275812361684654, 0.2680365315596276], [0.1787165526460905, 1.3711087112240137, 0.517482881029045, 0.507706793874373, -2.2110106176860143], [1.6666017644802, -1.536949730141206, 0.11215784389004448, -0.02227154513521996, 0.16744100797378234], [-0.32578769094372173, -0.4962693916723775, -0.47135271409905377, -0.952824304779558, -1.1546702024773627], [0.00882055277216814, -1.1966024572644076, 1.3561204238078346, 0.021700786152022478, -0.8383587818318614]], "l": [[-0.34434534542638423, -0.94997370452302, 1.5085943460596076, -0.29401317692906515, -1.012407683546341], [0.9417683268295671, 1.0586565559524794, 1.8434344070911755, -1.4606962008319435, 0.22892062995347157], [-0.6342348640464304, -0.0951517658970686, 0.7837967010373166, -1.6691408283138087, -0.4118424762189213], [0.6532239943051006, 0.11780361527554695, 0.07090580132364435, -0.4414482910285045, -0.9584184028056301], [1.4763044953945617, -0.5586850658073699, 0.7239089582070376, 1.0416341576186694, -1.4849488275342513]], "m": [[-0.2486529714783446, 0.5709083986805332, 1.3757660394491025, -1.5176166043516506, -0.8562936595647], [-1.061127733852053, -0.8771538274102129, -1.6272044643135173, -0.022631270107410263, -1.3667706399253179], [-1.4955108912016464, 0.8911444373219891, -0.6204311840566805, -1.447859906702854, -0.09876538250263335], [1.6393657114861213, 1.3226874821995376, 1.621506374970919, -1.2853913395629308, 0.4601705860124281], [0.9674784207089888, -0.039687145937967544, 1.0608794433423605, 1.1336911351616141, -0.1951764816582904]], "n": [[1.279226853581598, 2.048009687610461, 0.0584764497461089, -0.14696770882027746, 0.9379361794827147], [-0.055508488750254735, 0.7216847936358514, -0.7614471381983963, -0.6200625731195696, -1.5107334526098222], [-0.07534008080062918, 1.1825721427204943, -0.6684982501047937, -0.20951456998889142, -1.9899251674316596], [0.5042110634139445, 1.3211161803125575, -0.010266690514374233, 0.2549664351677518, 1.0793783449152043], [0.8036348785109882, 1.4453560638800351, 0.9246143953492458, 0.5734849926492501, 1.0635401326443095]],