{"ini": [-0.24389480613368897, -1.616384480787432, -0.27655330515255, 0.02288445481072191, -1.1301191950581446], "fin": [-0.3732767538178592, 2.6637261276984607, -1.6386949553583923, 0.259540624943835, 0.7182670182199691], "trans": {"a": [[-0.1355887635161807, 1.9965241420672417, 1.1743509661947833, -1.9159784379965457, 0.8742012846826166], [-0.37529849529785153, 1.609181719867518, 2.0200949587285684, -0.6226771176882621, -0.5844486647165508], [0.5485184367747261, 1.8330288026081156, -1.5937365587591041, -1.2762798622492697, -1.6131484371043738], [0.3294123352516497, 0.3362534141271052, -0.4247765000105342, -2.503288254260146, -2.0354397447777908], [-1.0843796392740146, 0.6591137768646047, -0.7471860816835635, 1.8674862046160439, 0.41229724518383765]], "b": [[-0.6791173323604376, -0.6389871957886833, 0.13432787701216115, -0.4553206339017784, -0.3318706373263516], [-0.7566095395970979, -0.3064566783874127, -0.6593039700009483, -0.202486383037659, -0.2856558742818666], [0.3676574250815283, -0.9105322697707579, -0.2523728640363889, -0.5860294161870477, -0.07736969445441007], [1.4085283479330755, 0.0596633409541429, 1.644810092518244, 0.8857199767534228, -0.33294042579348926], [0.9834709257249427, 1.241480533779557, -0.1787640950759985, -0.3921591336328321, 1.1667344932549801]], "c": [[-0.5171859209306464, -0.7695156101543814, -1.292894393526952, 0.9884594039672675, -0.30050408051632077], [0.9497293355998111, -0.7483465284745151, 0.8538060941404164, 1.2694243766795967, 0.8182628051054477], [-0.14280444778914067, -0.3363812539134845, -0.43585651543906095, -2.2658062609158494, 0.3612833055997692], [0.2702052222851175, 1.4027094611120612, -1.1755781518298523, 1.6299088851772814, 0.5269623407750824], [1.1413660208272807, -1.245233363350656, -1.42501740291789, 1.248220640900384, 1.355676737927157]], "d": [[0.9251818784714921, -0.8725825596817198, 1.4832799932679657, -0.6620561520150748, 0.9920757856139371], [-0.8700005900607083, 1.126238501797851, 1.0718250892769916, -1.794889160542975, -0.9874897563512781], [-1.5447651979241246, -0.6940724057538609, 0.17332192577092734, 1.0988177324459516, -0.7856275669144954], [0.08295173929295843, -1.6939822307632064, -1.6065613216087038, -0.9648848351717817, 0.23753543615922165], [-0.38398096619514943, -1.2445753769080006, 0.4483828694383796, -0.4056113374434184, -0.09985873973229108]], "e": [[-1.9513912381942933, 0.565488873664192, 1.1634156908682316, 0.36968536405712066, -0.7418259839737471], [1.346434250226696, -1.3453642454207104, 0.3983255136854202, 0.7418586244375709, 0.790809682317633], [0.5426614236588445, 0.26558922457800355, -0.8086886674116767, -0.47944815806702695, 0.10541173884759222], [0.2628947018429267, -1.416461351064357, 0.7608517726919763, -0.21394712677557892, -0.9373357555386165], [-0.8271506954730901, 1.492841735898236, -0.057919842447672835, -0.011095253383453072, 1.091913383600764]], "f": [[0.5756175079368672, -0.23038512125750144, -0.0638319617756297, 2.046152560154693, 1.7661680980674066], [1.5415027033076758, 1.7083956801654425, -1.051953870223526, -0.011298498123664926, 0.6166701846805082], [1.6048511018061347, 0.21855076569374743, -1.900335831211716, -2.2833778899018626, -1.8883618391915034], [0.49220022516940054, 0.7947904239954072, 2.3302256314127057, -0.09346385546332642, 0.11471404927673083], [0.5787204284734576, 0.04225340509491752, 0.8266681689016474, -1.0172060655712087, 1.3453860260458201]], "g": [[0.4751850486267567, -2.2272161113031097, 0.34395073793417474, -0.68133541093953, -0.897318498587269], [0.35933219312501996, 0.9667181209532035, -0.06157399503282304, 0.5101148764809295, -0.6654538721894008], [0.4737860582386735, 0.8511350294433591, -0.4679935146368442, 1.7792591717202602, 2.4422856909070867], [-0.15023872966323704, -2.21451664002348, 0.6059148749883765, -0.4429795696534993, -0.29549849316931476], [-0.12006654073477617, 1.3863863562835324, 1.5062105903254652, 0.27589023983943256, 0.7285452653680099]], "h": [[1.0664009167751505, 0.643014124420533, 0.1367815339234724, -1.0524103113750196, 0.009583976520229062], [-0.10500925900526284, 1.1727858984463695, 0.4317970151788205, 0.8827083996429571, 0.19974976135134057], [-1.462094254441775, -0.8964494269422134, 0.6804584088545416, -0.4353676313615051, 1.1323363810179128], [-0.5971209316576644, 1.0832193703157948, -0.633383856341055, -0.5730164018787977, 0.9638241010170883], [1.7515712819146987, 1.4590474465805199, -1.014725542018421, -0.5606795628940006, -0.966191863981959]], "i": [[-0.5516839194275817, 0.06364568512631365, 0.07149792351609356, -0.9903793643307419, -1.6075549653936199], [-0.423685698065428, 1.3842829037557418, 1.9505000979905704, -0.4032068585773116, -0.6060119994083871], [0.6742375850647052, 0.2406404943692513, -0.7949670426856769, 2.02584079018755, 0.02745187718193301], [-0.3587141677839186, -0.23161852098029753, 1.539479300293898, 0.7458463192652609, 1.043631322839891], [1.0123477644087646, -0.8238221442635618, -0.08196506151162866, 2.254458761074547, -0.07311511683948196]], "j": [[-2.142259680020986, -0.6034867798429476, -0.13519112063015448, -1.1021423420801997, -0.9296270605438756], [-1.0493972591457672, -0.49042239989640946, 0.03656643886027485, 0.011320960849309593, 0.6217296128532935], [-0.43367018158098253, 0.10405476742621574, -1.3841296247547412, 0.2172759452899147, -0.06758047790365113], [-0.579068257778148, -2.1132225473833985, 0.15673885786422398, 0.7709003554578802, 0.23795904845078344], [-0.8304697174420939, -0.66105677603844, -1.3907060577667056, 1.2192675142451106, 0.19430312703838867]], "k": [[0.4608856030458626, 0.29024844992499155, -0.05703663646447894, 1.7403329969770747, -0.3690255624148264], [0.3441873338661845, 0.21312368389287353, 0.010955064591045267, 1.2893881016131234, -1.534445561181174], [1.1326820044158576, 0.9191056975744679, -0.41819051170856225, 0.08628645165604386, -0.08093098077326767], [-0.4255493074032165, -0.448867928142539, 0.7191923526611689, 1.4448562390141306, 0.5374200278556196], [0.9836242847712898, -0.5951032769910043, 0.3196538401647744, -0.895244886598803, 0.33475375686698106]], "l": [[-1.1895334683183174, 1.4157263299609735, -0.6173833137824968, -1.0192636165875704, 1.3943312427729089], [1.6003023623010144, -0.15266239376360125, 0.9201529450213689, 1.5927335159937448, 0.9854709844626354], [-0.7617274474019625, 0.8223108304885692, 0.13921451792527512, 0.3309601353264758, -0.7299600132522245], [-1.8666184620647461, 1.5950311900982481, 0.40002177141726486, -0.026617165730161287, -2.2441081190835948], [0.37281377961114, 0.0298315949602109, 1.533665978000482, -0.45556366513666946, 0.8114183608982292]], "m": [[-1.3001566479517679, 0.6958231257401667, 1.0659187582042668, 1.2256009405763737, -0.07658456284366028], [0.11733741329096685, -1.5970607783500235, -0.06606191513336188, -0.014564111978757219, -0.4087933269326507], [-0.15715980187893522, 1.5422468603344948, 0.15122714227721834, 0.10755735491230406, 0.002515306389624134], [0.2235690960762636, 1.6177355722633486, 0.01708076552820747, 2.2242995484109067, -0.4169132776991074], [-0.819712579463564, 0.03323371413042807, -1.279277412157143, -0.1894218790251519, -3.1072961311557594]], "n": [[0.08952081394636445, 0.06931059685776446, 0.2853247433372267, 0.4254794478837501, -1.2817315925212298], [-1.3050162157828258, -0.8602862460028629, 0.3608277770028533, 1.2165538705904388, -0.9589309949147077], [0.1061044097025336, -1.0130721375948704, 1.4388921724710837, 0.9725766248802418, -1.5256303289344115], [1.647689623449258, 1.85806488238612, 0.8017070634087722, 0.7377948459508884, 0.5908254173772876], [0.7373849722373647, 1.1316534299245327, 0.2527433227574932, 0.9524253908531389, 0.03877120950974843]],