{"ini": [-1.223400576457975, -0.09095679192809779, 1.6597497041548364, -2.414975011467893, -1.1989825806772494], "fin": [0.5344909972303965, -0.5042378688649479, 0.2216510582364861, -0.27218176125639526, 0.5503834116768498], "trans": {"a": [[0.020102571564591606, 0.5511988481571656, -0.15432422575513546, -0.5752064045078206, -1.7800749437259447], [-0.5472890778268381, -0.43311639578717215, 1.0556486462579726, -0.016138515107806856, 1.5821072370153066], [-0.7064489252923877, -1.7932922575150794, 0.20325020886969414, -0.7720642017929079, 0.9615530987259365], [0.3788227930244986, -0.8150010567352444, 0.4587047734260912, 0.41247482409929404, 0.2097808086481557], [2.101063537952613, 0.1709626387149495, -0.27408234479357646, -0.47519937504159515, 1.6994296398988473]], "b": [[0.9362787890664148, 0.4231029982862336, 0.7841802601096869, 0.7217877483132362, 0.9395341481653905], [1.0787543237787112, -0.807149725576691, 0.9499477192859788, -0.4786737221309527, 1.7271860911780907], [0.9125331901398053, 0.7304400818662317, 0.724013646029154, 0.789075853552853, -1.4960459973310913], [-0.8787589412565906, 1.6460896901794875, 0.44616207578864797, -1.0315181838456369, -0.33945945128762633], [0.5545198094186956, -0.6577875910866953, 0.6775008474966446, -0.9410646973560823, 0.8489383574977228]], "c": [[-1.6474832034068174, -0.36839912707670613, -0.6954971644483532, 1.499175033981319, -1.0123125020743995], [-0.2602615453532837, -0.3733707808763801, 1.3246009440139357, 0.39542962885541877, -0.8748054369456886], [-0.04311732801502304, 1.5022945067358193, 0.6987265165740042, -0.35954381592379814, 0.1668608086036127], [0.3932590543087659, 0.8974433449638259, -0.11401334869273744, 1.1524221332962858, -1.1127461203851727], [-0.46759565686369525, -1.5725908897908563, -1.6503466215083833, -0.28298344610342496, 0.629484200780604]], "d": [[-0.4015596210663214, -0.6733439496118716, -2.295313107588577, 0.02650252320463453, 1.1693680809199605], [0.36308724923851293, -0.29909743910380854, 0.2751656479638678, 1.2418663178024258, 0.8747266400545832], [-0.9424100915483622, -0.8786442458953057, 0.3158632336866941, -0.3986992258312763, -0.09406227541276489], [-0.31937864102659924, 0.13103143498766, 0.21005201196576964, 0.17586428591489386, 0.15378267557611303], [0.41525586911712736, -1.3016963388225218, 2.045586734812948, 0.19046377270779913, 1.2746058618833052]], "e": [[-0.6720194998145654, -2.082548019766275, 0.23406547338694128, 1.9861807168417362, -0.30125421467189883], [-0.4579309278955894, -0.6152321083269193, -0.5937666698691764, -0.30444344372622967, 0.630612894667349], [-1.0126588269830956, -0.10431071454487877, -0.8586242472598364, 1.3511058999549796, -1.7918315021806759], [-0.4448613714090799, -0.549503021190137, 1.1982489864827486, 0.4226818345396219, -0.6428588273315053], [-0.8121153005482225, 0.3418382968845144, -0.7557643963476781, 0.3748161734044502, -0.4643855460379537]], "f": [[-1.3289365742175532, -0.9675994552017796, 0.40025195848928025, 0.5077821591059346, -1.447954180351839], [0.5830922180199274, 1.8955012008307621, -0.3432880869373868, -0.3500217309193093, -0.23182516649586168], [-0.2156425411513333, 0.332741100090237, -0.8043886382379792, -0.8153604532832958, -1.7538127265718721], [0.9959869960104701, 0.8245398136586652, -2.353732358159581, 1.8961335186878956, 0.8057488948393964], [0.006466315563435067, 0.6349862878027761, -1.478859250110388, 0.2627697645190255, -1.3671418944424214]], "g": [[2.7250526779459, 0.8500412006309809, 0.1762784021025916, 1.2763674594596595, -1.7029183992661263], [0.8522460823352371, -1.0305225910222209, 0.4652145162881351, 0.5453005843886264, 0.6928743296932101], [-0.7509913393949691, 0.6220605533530504, 1.2394395900402655, 0.8421449533793114, 0.6973356373736558], [0.3718999053512318, -0.1905896628962666, -0.33423083496076766, -0.3126926356754688, 0.857879824343059], [-0.291528140523382, -0.8382046162310501, 0.39277217596833197, -0.16183510452722535, -0.17760167249627068]], "h": [[1.045481444079651, 2.055243481226436, -0.31159353509731813, 0.44486113446730885, -0.1839875873291776], [1.800611781710725, 0.3274716636323842, 0.8965157984912387, -0.898097707956995, 1.5369553727956209], [-0.5869847156231119, 0.7566145155703644, 0.11260385193278759, 0.01707636411302243, -1.6782903086269563], [-1.9435607885577142, 2.674504820258279, -0.1997159120080393, -1.1879563157466193, -1.3024667888274766], [1.3627348850052483, -0.10802149035619289, 1.9884865055408332, -0.22674171068681886, -1.539384833998409]], "i": [[0.9676516090268501, 1.487964706226741, -1.2576159980902348, 1.412193016166842, 0.46405527720291717], [0.24285357741975047, 0.5234199597420406, 0.29152901299173356, 0.3290046471161271, -0.8326355901596065], [0.20859487719800743, 2.2739299295898574, 1.5040197967175284, 0.19371828960420395, 0.4635070805046725], [-0.5848944112615813, 0.3966119594933647, 1.3737416562543923, 2.4502264467071746, 1.450444327769243], [-0.47958138594851485, 0.9538713746062222, 0.1431358068601893, -0.9039729272843958, 1.0812441979898166]], "j": [[0.07710631336330198, 0.5022106947415957, -0.6518457732694204, 1.258476431206102, -0.4057151944388579], [-0.6400115266314864, 2.2997655233818532, -0.2033216071633663, 0.48241964080018723, 0.4913875950786495], [1.8538507152856543, 1.5726401208474183, 0.286003893573228, 0.05470420313394203, -0.4365710470477472], [0.7150689615082867, 1.759570804463417, 0.4319440412637653, 0.7007497004496535, 1.7740981470856734], [-0.8944879625749997, -0.15408989291372222, -0.002755387564297469, -0.5552613121163966, -0.1604963681861297]]}}