{"ini": [-1.4481455717410534, 0.028977762042220977, 1.4870768401614411, -1.252570626023075, 0.024533880508190865], "fin": [0.38787247025569066, 0.2155234271831271, -0.0522147792936079, 1.3338747018629642, -1.6887067383454168], "trans": {"a": [[-1.219403339843432, 0.71136873716019, 0.25273344373806556, 0.6582121581468049, 1.0036175960434162], [0.5001955399113746, 1.2635947539459491, 1.0752745729775357, -2.3665247296609104, -0.9922568261254814], [1.034288927869715, -0.4736412093866309, -0.3117140596825548, 0.029132728498139863, 2.050125530410441], [2.024150855144506, -0.7252879847387393, -1.727710012142604, -0.3776355300689951, 0.7081888353695598], [-0.2445747940875367, -2.592206918260079, -0.7152030237235301, -0.1879445563642122, 1.3185048235621342]], "b": [[-0.99111977625291, -0.4757383439426115, -0.8126479544226763, -0.26989466606298756, -1.740522939045282], [0.6890403314733741, -0.3136319232005316, 0.10823931299426447, 0.2563538275475859, -1.0967881585972195], [0.4630657979393494, 0.16804512093002516, 0.2222644114789136, -0.8851423708175947, 0.9849031957748376], [-0.5532808665733214, -0.6988734489862429, -0.6950824751721283, 1.696523355538901, 1.2846834087425298], [-1.025266952435506, 1.146972792211913, 1.2233727336592553, 0.9380391208952866, 0.7820150968356543]], "c": [[-1.0958862143628414, 0.3637243230893791, 1.148542293162405, 0.9444294941670492, 1.0929957394725949], [-1.470372472221447, 0.5252993351971058, -0.9241369979929084, 0.6152806680909367, 0.9805754318758826], [-0.1390977580809053, 0.12860003634105943, 0.5880794762280362, 1.040607250597435, -0.9188191873371725], [-0.5290800197665618, -0.22456015248620967, -2.7968839258300866, 0.566357907708845, -0.04368824778389511], [0.3771160447030642, 0.9436585679972253, 0.36122161212683346, 0.20536553002412247, 0.27775845021072965]], "d": [[-0.6563976192012603, 1.1951676696394777, -0.7430350382010596, 1.322824136888839, 0.7110914830105949], [1.197959777738557, -1.1161208491036871, 0.25949723555736054, -0.24263366405222378, 1.0232573971485537], [0.06356687321732579, -1.7110824346373752, -0.28665201794150885, 0.9111233878121708, -1.8416496162266234], [1.5154920574209299, 0.9151610475634183, 0.14677923482612387, 0.41241803517993836, 0.21704645401660758], [0.3755248697183573, -0.5807433495609968, 0.9737662026100791, -0.20131797166834603, 0.29874566060391405]], "e": [[1.9908952862139253, 0.857921157749908, -0.2504912898112388, 0.4973326089273307, -0.37697748369250816], [0.9419544788183516, -0.02922404984618717, -1.644180058399505, 1.1938169802622611, 0.6198668566699564], [0.7161465890610752, -1.3647276354419422, -1.955099328560074, 0.8520896253062037, 0.06865818632521542], [0.1976627114761999, 0.11209595650837183, -1.6705598423102614, -0.6856008587455151, 0.04754054893993509], [-0.5856932743692658, -0.7234027575434013, -0.1364714599079227, 0.055325025425857065, -0.7735982500007391]], "f": [[-2.1406275866948916, -0.15977239504988788, 0.9012490836672957, -0.48234514782854326, -0.38758075780846957], [0.9583106597120911, -1.6532357955596302, 0.18247123448133332, -0.6270305366250669, 0.5805085365938955], [0.3809533026166561, 1.4889992252891118, 0.39123601627112714, -0.21828438243852363, 0.06566327225696145], [0.1874743707073482, 0.4520594441782174, -1.3194430442171772, -1.8248292344414148, 0.04824880369443051], [-2.0521070043827847, -0.06947501326233368, -1.0788222555517848, 0.16572181679594744, -1.0325745994029771]], "g": [[0.4888207062128582, -1.3941323749016377, -0.4762466959466155, -0.00175657299544656, 1.4350769731567126], [-0.9888248742079436, 0.4424007495341595, -0.980776006861627, -0.5507362983836939, 0.375674228831812], [-0.9468635025168987, 0.10112194600082161, -0.6507560381725932, 2.2338682025224537, -0.28266936597310305], [0.8609227974485055, -0.9730486882751711, 0.31003119750914476, -0.15041421226647717, -1.5889170656155231], [2.739602339151313, -0.009728612680370912, 1.116214826154791, -0.254759378130032, -0.16641225522700923]], "h": [[-1.375347035369342, -0.7973656092877165, -0.5707881183704065, -0.16046088413149723, 2.9360136670627193], [0.15369541491565927, 1.9545333267080824, 1.6965475192652382, 0.04567286788916914, -2.7151066147249976], [-0.1393675535139422, -1.0295562353757517, 0.14284546165131118, -1.6528519776387267, 1.8554993048700925], [0.8532023203729828, -0.6173322640111909, -0.12427058525411169, -0.27158915799096506, 0.6625344790116766], [-0.7012762611953733, -0.30463767562251515, 0.1433749111820555, -1.2846415132319924, -0.9809467814404499]], "i": [[1.1830381480201613, 0.24754699401522884, -1.0208390514734198, 1.0095836309449924, 0.5654664415329366], [-0.3315831067784213, -0.016029346249181203, 0.010839304068454217, 0.5885605923187563, 0.28336986210552756], [-0.03582389851339533, -0.961503599819421, -0.7677941697015516, -0.654173340661494, -0.8892063431529048], [0.09338695058465184, -1.1833972734325042, 1.2279556696038525, 0.9958186380196896, 0.8240369162811596], [-0.23425984480876225, 0.6023923498855492, -1.469697864337163, -0.30519381465276363, 0.6683838024582179]], "j": [[-0.8243810730433847, 0.5207070949979888, 0.7041980018547275, 0.06887898548994524, 1.4170176496726608], [-1.1662300283429763, 1.0429239612834211, -0.14180499105432648, -0.3241189235500825, 0.3683325420644494], [-0.5449768532650964, -0.2055055280262901, 0.8961777873461424, 0.5095536849116902, -0.30716675173777713], [1.5653486610640377, -0.3613545069371362, -0.02553553271999845, 0.39796888267048464, 0.17291134703274197], [1.4099632985390302, 0.6084685363236063, -1.166057984138215, -0.6917419617010881, -0.17707089619580946]], "k": [[0.14671808047407545, -1.4628065962670533, -0.22608478532180942, 0.3420583313819731, 0.8108356996915916], [1.9969537196749811, 0.3103145179683571, 1.0947016633916664, -0.2677108609185316, -1.0634105650476324], [-1.288926957594123, 0.40639378451375413, -1.2768714250398585, -2.28126936652415, 0.7200808616956191], [-0.25317409037907995, -0.5553232742451153, -0.90934973816026, 1.4962869893505129, 1.9025080757385298], [-1.3779625452552227, -1.0791299569230248, -0.14713250917850093, 0.08398521313324768, -0.3593753093534646]], "l": [[-1.655000723602147, -1.2581084383135475, -1.4799946753217528, -1.4993819450542356, 0.5806343558624035], [-0.9547058711375027, -0.5184652732774822, 0.20041864433801337, 0.6896470121200279, 1.1903808681259789], [0.7814656742813848, -2.0579723240170287, -2.596390130247113, -0.6675522007451836, 1.0141512035565012], [0.570734274270736, 0.9777106869718049, 0.9804444968717301, -0.6906017131716659, -0.6211443497875739], [0.9877099934923868, -0.5296178360098888, 0.4807921166836962, -0.7925628438119097, -0.637076104487739]], "m": [[-2.8260383513610443, 1.2089570843316317, 0.8595446422279628, -1.2565463778954205, -0.9569477633580086], [-1.0000791644293963, -0.07865851880788557, 0.7459803221128589, 0.07986573128109578, 0.4373916820955385], [-0.7277228922625688, 0.3737814594350337, 0.8492722358844396, 1.171177807318001, 0.9705403459673395], [0.8775176521571255, 0.10224396328249749, 1.3865941312800696, 1.0160097753044781, 0.5876494915350597], [-0.7777261166673684, -1.5210983986457878, 1.2034566598965122, -0.9391998482947522, 0.4255880639411375]], "n": [[-1.1098303476160205, 0.25827998419985243, -1.650879406771831, -1.0766738059362257, -0.45212343299473506], [0.9174464332315412, -0.3896865054762351, -0.9165889880137785, -0.7049711931280619, 1.1096053589049593], [-0.21087657114975236, 1.2126108694789683, -0.7366723972276075, 0.029144020926925706, -1.228079224071935], [0.41530446600443255, 0.3218842687792721, -1.8446700859226186, 0.0970913982902379, 0.2629452281855793], [1.423319702533043, 0.005913594134385598, -1.316969614455109, 2.1999322174019875, 0.9694760924506749]],