{"ini": [0.3620877582963233, 1.2006036893330008, 0.7605245060617919, 1.1883746780331788, 0.24094112312865582], "fin": [0.3175920453070682, 0.15418201915185262, 1.3414197122270681, 2.2221208792614773, 0.5127348801417438], "trans": {"a": [[1.5194370560578079, 0.7402356141788097, 2.2887662104077644, 0.9104249783765715, 0.8129428458377725], [3.0596741688045705, 0.3573217178712587, 1.0089318433847398, 0.5991067831073882, 0.33827634607070783], [0.85706045186339, 1.4612965205985393, 0.46150975230969277, 0.950379218060151, 1.1172983905183975], [0.6748582440504576, 0.4843569602273016, 0.9140593204290226, 0.491681998033055, 0.5536083740366681], [0.7329063128806533, 0.7498289532635507, 0.906067139767348, 0.9790020333785989, 1.5245084624811203]], "b": [[1.307496885069955, 1.591439993489648, 2.329765790614111, 0.16075100513709525, 0.21185240173045503], [1.945642838775211, 0.34893603253266503, 1.3423512321509554, 0.899044504200167, 0.7197074552936015], [0.3877072988275735, 1.7846197675646163, 1.4061002067650565, 3.011941962613112, 0.6036076915164117], [0.8505083612502178, 0.25070266889094706, 0.23909095683750867, 0.8984799018635936, 2.1111404038398596], [0.8351983087088277, 1.6497252866976064, 0.4978071481529317, 2.4680199087767467, 0.3234700555876644]], "c": [[0.6911859894867183, 0.7853348205513432, 0.9175809813739992, 2.151288493663068, 1.1819688451313042], [2.5468104145039585, 1.1266218527037988, 1.691202025726695, 1.0064690279807917, 0.8655021037281402], [0.43861366200328233, 0.5886545400821432, 1.001595241058961, 0.4525598312873621, 1.6040592808276029], [0.041610578801842664, 0.538528881705757, 0.08409642848472441, 0.4004456933231364, 0.25182615894685983], [0.28098911796321907, 0.2797752716279014, 1.4318743803143321, 0.3573769089423528, 0.7664817281562493]], "d": [[3.664487895534214, 0.7886117224660804, 0.19922912746115432, 1.5766060957523687, 0.779832394208497], [0.5205935764072351, 0.5419338502493234, 2.5472662167197164, 1.9274348552615326, 0.9118222228186561], [0.3479938463333523, 0.9386985659994026, 0.35322373967925014, 0.5166212988372089, 1.0303525052872267], [0.6181412464840006, 2.0563705203247005, 0.25046229080500426, 1.1919890577309742, 2.941995318031668], [0.17708511897448756, 0.18016493860716817, 1.4413775167436385, 2.6487129352654577, 2.060307123652337]], "e": [[0.3807183155081922, 0.9944237236239966, 1.255761381705227, 0.424751482424166, 0.979875349221958], [0.7315635554603105, 0.12797450304043154, 1.2171591080747768, 0.7462523397076332, 0.13444495183200764], [0.874930705039722, 0.4089689289937676, 0.6536617480161252, 0.047959195651482746, 0.5994263716502652], [1.0051587260820116, 2.7797096620833313, 1.1020030773702658, 0.800662126943472, 0.44614439957624175], [0.9459191985677301, 1.090556360154343, 0.12971652728216598, 0.8058995028117958, 0.9026873695438059]], "f": [[0.8320683824371674, 0.5548658324622462, 0.33718045893185644, 1.2400243356133975, 0.9487579058464054], [2.3488361881139457, 0.45609514093909587, 0.19545970179380864, 1.0158481321811597, 0.13363282989853015], [1.5742157430446162, 0.17384397134392351, 1.4505517832573873, 0.7430394799622524, 1.3847265202549661], [0.2620074696966734, 1.436464199318695, 3.0771090223427864, 0.22446017439855087, 0.2726563671794048], [0.4903024565329592, 2.0824409275234967, 1.2860451072385113, 0.6993534519987664, 0.23804772317507772]], "g": [[0.8423264171293301, 0.8624958518235264, 1.7224062906067492, 2.5695737108442964, 0.16817756336663012], [0.3328787932445923, 1.9028042095324824, 0.3256729279720654, 0.19214113623088616, 0.7180940921627462], [0.48319629074042103, 1.3971954558462296, 1.3643734506827334, 1.041293945290068, 1.0770982543366499], [0.8598867619273836, 2.503954749722099, 0.4561396188643786, 0.428728930978654, 1.3729641896363085], [0.6536842305877887, 1.2977372789244996, 1.314443355963115, 0.9255093922658272, 0.25986998684558055]], "h": [[1.0609082689594345, 1.0718122679930826, 0.401298558262866, 0.38695553621755246, 1.5923768433647685], [0.20504311127266744, 0.16372711922797015, 0.8011898474056461, 0.5429779735456857, 0.3520593079772904], [0.3948381284172866, 1.636191515379404, 1.1059406271989514, 2.173075098328647, 0.6175510624936572], [1.3089328588432136, 2.742217441551486, 0.16548848103681654, 1.382022325508967, 1.2333718462230687], [0.4184885789472249, 0.4279674490681283, 2.951871606659053, 0.939502167939421, 1.8059563590943488]], "i": [[0.9130326759829616, 1.5309514645574747, 0.14769630539236134, 3.0247100390870236, 0.584679015136023], [0.3913177846470209, 0.7619898171091267, 0.30777383404519904, 0.11388910591760545, 0.7673930867738172], [0.7084476844885239, 0.09645997515374864, 1.265122705355525, 0.47888606021042995, 2.268868728723952], [1.9588390731446734, 0.7179904934274813, 0.32500800882496245, 1.74733131305295, 0.2182817482392018], [1.2905410358731464, 0.22844200474955012, 1.209595537008352, 1.3387302929870313, 0.19726701435310073]], "j": [[0.6196080973688399, 0.5503869577207443, 0.12042851087308938, 0.5962051729445169, 0.9560893848032941], [0.40510195584499326, 0.4914682249287809, 0.547418557509342, 1.281284993104785, 0.9253784605525334], [1.1227366195832975, 0.7615337042863126, 0.9378719878884494, 1.4416660595013076, 1.0712566197919802], [0.1435290593091638, 2.5952584769938754, 1.8367946771741783, 0.8371617722347565, 1.2284839455534269], [0.19618729695653783, 1.8376800122370518, 1.2237951114515464, 1.7682753002661642, 0.15126821144368666]], "k": [[1.7476812962581332, 0.656718257165355, 1.3854405768140519, 0.756126080705055, 0.31093301214203684], [0.6189834228309604, 2.162798065173394, 1.3910757292087546, 0.41011955036560604, 1.6746474161980096], [1.17340703568132, 0.5000744260541189, 0.4455261146431843, 0.6165324386936388, 1.002245919851554], [1.3205906692873135, 0.28179557828326396, 0.3907418823519359, 1.0166831646350687, 0.3915279562236558], [0.6681997296360127, 0.3844960210685776, 1.6022302630098473, 0.3011013707354709, 0.757570413095702]], "l": [[0.7464683736913509, 0.6330003778131681, 0.15411213486423975, 0.43089893541878227, 0.7974831798586883], [0.9297868023824953, 1.896063253315605, 1.0773440508858507, 0.654522662317794, 0.7828273670461137], [0.5886821326194418, 0.8730333405346201, 1.8566871543613015, 1.6098296855904588, 0.5661781148629145], [0.1656005273329983, 0.35118981540841854, 0.6745624167254595, 0.4101919552856817, 1.5737060733342472], [2.9058049065855722, 1.5737844182557232, 0.16560183431033337, 0.6007870942405122, 0.6552139153481198]], "m": [[0.26144246722534786, 0.7344587662577575, 2.1954272732988356, 0.38192606009290736, 1.1097484496865404], [1.3974149265759088, 0.1796262469344074, 0.7267787714688018, 1.0223940848564037, 1.7137039933173575], [1.3638354325617528, 0.5675934658753711, 1.3432700282199306, 1.7919256397262318, 1.020739844287056], [0.9747039602438214, 0.7637261342970081, 1.1924478934655707, 0.5672294872228077, 0.9305218880581128], [1.0403739343785587, 1.984453394651529, 2.169212685262656, 1.0379533540655526, 0.7682362480207656]], "n": [[0.7081020524127972, 0.6884806457893329, 0.8419115769050095, 1.0981397722243555, 0.7437705406008817], [0.6149637659026961, 1.372524892820568, 0.36030993392039007, 0.66415804274212, 1.347076624751183], [0.22382317376343364, 0.9616518562228149, 0.130350118343497, 0.9125003009797172, 1.7416694740717218], [0.8492946407702872, 1.2063780668990993, 1.2362012823426065, 0.5865285054689755, 0.607714299855287], [0.648032634260684, 1.011566713007377, 0.22699803067688462, 0.8150346572506657, 0.30822130940331866]], "o": [[1.6928431940506317, 1.5117105326932498, 1.2318793835604993, 0.8264198445737846, 0.9277533817169908], [1.5409616138784294, 1.0676257664795714, 0.6368052210407231, 0.7761288675235563, 0.39868431777156027], [1.1633602558929232, 2.0320569262116797, 0.07696324983082735, 2.6993772662686597, 1.092667541951513], [0.2725684265197089, 0.9852156819801802, 0.4209694072672204, 4.27034930302226, 1.3035836502549878], [0.5307146575737334, 1.1850207093402612, 1.0442119812805297, 2.2182559513645748, 2.52370879228648]],