{"ini": [0.4832377837781029, 0.885521766445875, 1.2655313851844208, 0.11650028948417725, 1.0180620511183325], "fin": [1.3451789258186162, 0.4063347072247054, 1.9532360680984648, 0.5196103685188999, 1.9253984080514457], "trans": {"a": [[1.6234455976906133, 0.8921614661010268, 0.2500647041938783, 0.5575908099910947, 0.957223915152015], [1.44628465771427, 0.5559967343274475, 0.6186257088093793, 0.22203440840672797, 0.5250352218484398], [0.7234816658229573, 0.3544540877357868, 1.354712688236349, 2.5117188755826145, 0.9544650502657939], [0.5497908828833389, 0.09158548441841662, 0.5040829973001212, 1.0590574306767628, 1.4546301155014694], [0.638928892234306, 1.2519825699530645, 0.2334494785506451, 1.8337199146128618, 1.695746803443357]], "b": [[2.1277895557776434, 0.2435566625724994, 1.463459012411538, 1.999054189430849, 1.4112061466791732], [1.3189255000505276, 2.4649806700161685, 1.0184432369650784, 0.31268125880267034, 1.5877359823734496], [0.7301113970027436, 0.7234422379247231, 2.634697287273957, 0.5762812006261264, 0.2264525591251516], [1.5283482105610753, 0.1538826376447679, 1.3506705372389958, 2.0395507512222517, 0.5889693076632486], [2.5831378792993727, 2.444594247927179, 1.2415194413306982, 1.1568036502953642, 0.19953296836932047]], "c": [[2.140751652180171, 1.6129339125740159, 0.6001659363070383, 1.546573899078789, 1.4538468899945376], [0.21439509200398538, 0.9176592049095272, 0.48743861837568814, 1.87982339234447, 1.7809896561112657], [0.27528071485330285, 1.06180127761573, 0.46344187014248944, 0.439473342781079, 0.553979672981816], [0.37284011317545157, 0.6823474399228878, 2.090174028430503, 0.8951733578445481, 0.9542921837420093], [0.8091145287424376, 0.7655015640500855, 1.3654399750669421, 1.3894099664598374, 1.1543364406864896]], "d": [[0.5658696728294341, 1.3059699187877996, 1.0343085856709318, 0.3827812235304886, 1.1417279272863592], [0.524558491842561, 1.0560854783880154, 0.7952892100241853, 0.24825688490228812, 1.4557978406208136], [1.2474988909072313, 1.5188258047964909, 0.1340181560040114, 0.7792928628750158, 0.3661976323645004], [0.8619835442815975, 3.081602451351721, 0.7136729025928474, 1.621943567306322, 0.9006574877372364], [0.3435076568367986, 2.513492441618455, 0.8742022389392956, 0.25241931533243717, 0.6747661538704777]], "e": [[0.4183000733167141, 1.5206977933548356, 1.57225174085018, 0.9532432113311248, 0.5831207525776978], [1.262529894009102, 0.8199222121233575, 2.0262512413399167, 0.3661241973287146, 0.5044934164660665], [0.3706388471072078, 0.6123142136675879, 1.3642138243494746, 0.16130579208113371, 0.42214289252860193], [1.1628240697757675, 1.3873788287635476, 0.5769017949938755, 0.703919810231611, 1.7123143577023778], [1.0526591802385141, 0.15875499335653542, 0.5742082440043671, 0.558707809555936, 0.38302859882721985]], "f": [[1.3111603338406546, 1.7150964541210922, 0.4563175152684082, 1.0738033643489802, 0.6815659888218742], [0.8650067105605791, 0.25338935357125275, 0.8846380026775164, 1.8891864097412179, 0.3287478518697996], [0.657561658687793, 1.0521253286259944, 2.563730916969414, 2.6253785966430807, 1.0110544136163138], [0.18719494210208892, 0.5781682599007952, 1.438215952474555, 0.7392389474472865, 0.725946210486438], [0.14894781348976618, 1.3828723024615468, 0.3569260515830523, 0.867546780330399, 0.6655441713712531]], "g": [[0.20750512139263527, 0.3306917998140592, 1.0653949711530273, 0.15949830011335345, 1.9292682000613097], [1.1068964183261571, 0.755946004203104, 0.22650072789267198, 0.4856528566864386, 0.3802776838915967], [0.6107534727688807, 0.8704949965968516, 0.768832718321835, 0.6467965581088888, 1.7712167413329105], [0.44580959104617646, 0.8372374106122751, 1.1452277539205005, 0.5367190166749871, 1.8875129783201228], [0.6292033201479764, 1.7491278158471206, 1.4132945852621057, 0.2261338388555742, 0.4559371833689522]], "h": [[1.0872806194208033, 0.05437109538679326, 0.830612605493038, 1.4735996339898336, 0.9253708396106708], [1.2342278711114472, 0.8563813255958668, 1.021948905074083, 1.1262506544641697, 0.4110668990267869], [2.556654207014907, 0.9583933206398948, 0.7310903427995297, 1.5047874255935334, 0.38988365967855526], [0.24990666438869025, 0.6624326831477446, 0.5800049730425425, 1.0970180383348447, 1.159157560454738], [0.71896064368891, 0.6121866555209264, 1.0556658395701686, 0.2826503811179786, 0.6255217037599818]], "i": [[0.8610156487074132, 0.17920213915597516, 0.6600859633760244, 0.5101645546182807, 0.39405124497916827], [0.6396040036762353, 0.8545537112289098, 0.45311237064066545, 1.1058031552500978, 1.7883349912075162], [0.8395853664832508, 1.2133327638330635, 0.5510400575996022, 1.2057217245675957, 0.21706855109419357], [0.9285571373552325, 0.9017124343513083, 0.9555179815044992, 4.792403952908048, 0.8279264776607445], [1.2305270184130792, 2.418488943739507, 0.5975102728972275, 0.6412835161376136, 0.43885900694981717]], "j": [[0.4219403277750647, 1.7762343536416079, 1.4417980167042568, 0.31802339253749695, 2.7341809778407993], [0.5868630375368854, 0.4550931339182594, 1.8387273102452115, 1.2279062424814988, 0.8145569527102002], [0.29431109639690944, 0.314754160507372, 0.9797863076783614, 0.39576239619175363, 2.7016732697034507], [0.901755332835292, 0.6604392053921663, 1.0763181293145507, 0.5653185974504173, 1.089850714279794], [1.2296869713920637, 2.175873334438665, 0.3443421059389132, 0.968830173019641, 0.27743421519870737]], "k": [[2.2459459343101034, 1.8166691722191373, 0.5491477562397986, 0.3067650428636417, 1.0022987433170214], [0.9866157780238396, 0.5586993826260922, 1.0261806166182659, 0.3814740617495432, 0.7901563681564976], [0.3314587874861082, 1.0624289646151783, 0.7857556082688506, 0.44740705888897586, 5.755127195657343], [0.7627325944826704, 1.8306940363176971, 1.0093421290287536, 0.9660130731743457, 1.398031996315801], [0.10934524305769508, 1.9470875265972818, 2.9386910175722822, 0.7006856843005285, 1.0116400840730542]], "l": [[1.9957429502171997, 2.191200624350877, 0.9488820088563776, 0.45501215983203974, 0.8543349640865765], [0.5933925999795193, 1.3772648872964715, 0.532253221163922, 0.39396952233109317, 0.4266689088455794], [1.3162489810589564, 1.038190993164768, 1.431434324978136, 0.5574900591356551, 1.238411222572555], [0.49395834600587757, 0.1784305282852609, 0.4026582581998356, 0.7285101586028468, 0.8860427322108888], [0.18023836824054829, 0.5259275844280196, 1.607874602108439, 0.2555473874376719, 0.7424480619342149]], "m": [[0.3803547955603929, 2.00351086586529, 0.7679368485701137, 0.7851284998217146, 0.4984728913496976], [2.905981051451839, 0.09801299044875234, 0.2529744631996415, 1.373918142265321, 1.4925592675776738], [1.0828685251853432, 1.1145673824725824, 0.45047992059412817, 2.5204945249059323, 0.7770513096869934], [0.4405882817080188, 0.5903017430824099, 0.6059836431807925, 1.7801758819415752, 0.6047329327003662], [0.83119947482357, 0.4969327423848313, 1.8820553181992983, 0.9749062194582605, 0.30622061182618016]], "n": [[0.4823099463520425, 0.039820756683347086, 0.15971104192334687, 1.4779904785132572, 2.312210925340168], [1.6253228031377214, 0.4948876353993692, 2.2120719431647444, 0.3251628469611657, 0.6305681108331425], [0.695157059018533, 2.547114198202864, 2.437952567862096, 0.5141003311911155, 1.0944361882224725], [0.9472613690648296, 0.41882187776233937, 0.7262240333663387, 0.4674015697135256, 0.07211863250679272], [0.4858570926300803, 0.47345681821384655, 3.6205862020793917, 0.3901137683918457, 0.8012364827363893]], "o": [[0.8435606134168846, 0.2771016331053125, 1.4404643205756504, 1.3246172834978622, 1.735953440953229], [0.8647258137970232, 1.2112346560734792, 1.5963913101654224, 0.9470439158505536, 2.333065538081759], [1.039862353481583, 1.8204533271354122, 0.6679311265701545, 0.240856960004301, 1.2137826559846385], [1.0142415158250575, 2.213832311458343, 0.5999212782247754, 0.6272669224411302, 0.6268622853272385], [0.38372083673959145, 0.27784573406133234, 2.453759866343717, 0.8342504092471805, 2.1387164833767014]],