{"ini": [0.8347714602980815, 1.4172665611642452, 2.1661266979457126, 0.31949805970703926, 0.27171634368347125], "fin": [1.3235951619527706, 0.4584474944628269, 1.4328141607593625, 0.33671796991679087, 0.8642316340602578], "trans": {"a": [[0.5510887138526998, 1.1547017560255066, 0.18090146331636997, 1.7314885432887355, 0.5766014378845535], [0.7933085025699157, 0.46019534833653536, 1.351018677841565, 0.9420007502145974, 0.9563454957940672], [0.8220104498678822, 1.9583287980090547, 0.43358033305391647, 0.5975806642496528, 0.37196200379964744], [1.5546955624791696, 0.24435977421314772, 1.4074819371201672, 3.328846838492373, 1.752627840235999], [0.9113085311647797, 1.7737948034740096, 0.2506659445375586, 0.3954251680356929, 0.6781686150407333]], "b": [[0.3439789992303655, 0.9144424616091462, 1.3001651544222532, 0.5844288655936096, 0.17512873600150317], [0.8036405380556648, 0.9701519158453108, 0.4310866558447831, 1.3336444342729357, 0.4063119114419392], [0.278930386157158, 0.7174455223915485, 1.8733120200265074, 1.7960373915197962, 0.5734273982975103], [0.7946791866908798, 0.9503463930176197, 0.08849699959891896, 0.4864610954157328, 1.493826551248492], [0.5229284673659885, 0.6320563620774079, 1.6171219898528473, 0.6734670371607442, 1.9827230337626145]], "c": [[0.7017954955544798, 0.9199310311017828, 1.4444135832796687, 0.5322197828274197, 1.3851116420286478], [0.720234557840269, 0.1698576338512671, 0.10538932260758284, 0.9181816186203001, 1.2019926434367494], [0.28169223829166307, 0.46095873884336724, 0.7146948652073247, 1.9957711960438205, 1.0418784032535156], [0.741957813918711, 0.791801569904837, 1.5905076465824497, 1.329386417616558, 1.9742714871654519], [1.7105213763640075, 1.9395658679448722, 1.3889539241555975, 0.22573231451148235, 0.7403519148712988]], "d": [[1.729220229822882, 0.9931870898221916, 0.427851167012925, 1.728283872854378, 0.865597708730201], [1.4868300270938086, 0.7859976056175432, 2.3690773234133617, 0.4862684245859242, 0.9767668319280389], [1.6705560139454756, 0.1433240226139086, 0.9447476627136048, 0.16945716255065715, 0.5273270995493613], [0.6531068691493096, 1.0118622676721432, 0.3796771891414772, 0.17321508175168654, 1.1888013809959515], [0.5291558042045783, 1.1563641179553275, 0.9493785501091445, 1.6433282272387262, 0.3498085035868907]], "e": [[1.1255581557103678, 1.927980388616457, 1.708920835764585, 0.9397244710412017, 0.12402487638250505], [0.5331464048122014, 1.0042013489007493, 0.37241029365918915, 0.8542683144202664, 1.8210350305857752], [1.1369111305746613, 0.22817760517493796, 0.7168203346309204, 0.5314989906152385, 1.770454876149749], [0.8216013015081143, 1.4543842505606301, 0.14600515121523575, 1.9803995678213264, 0.6119093671622848], [0.9405025099135697, 1.0370998617253273, 0.9181216201501101, 1.2123407112997313, 1.0189056781971855]], "f": [[0.0412174775058716, 1.3899908926876412, 0.7752371298758063, 0.8889777326112221, 0.5516761381910926], [2.961314576102411, 1.811286021574675, 0.7012884010047218, 0.9629701559137385, 0.805740331817267], [0.7533304328451832, 0.49969154633552915, 0.746456144583716, 0.7034092623353173, 0.6744926282454184], [3.882406177271157, 0.49613824757021885, 0.33896522722597544, 0.1575563726116789, 1.0180889181476533], [0.14417724420448425, 0.701388855205027, 1.8698763462171242, 0.35928107671133974, 0.9037237573951428]], "g": [[0.19799703127877083, 0.8344007036900399, 1.3851724610556728, 0.57438914542941, 1.860719940364886], [0.381756224959234, 0.7713265931245227, 1.3151183102664092, 0.851163861270207, 0.4767162604304259], [0.6118534360972531, 1.1729346938956702, 0.2599809633225419, 0.28034240968954355, 1.14098270158721], [1.4964293002001088, 0.7503457338136783, 2.3094331379616957, 0.6088731762750049, 1.0740421269005918], [1.2732333380628393, 0.7634724856276702, 0.2311911411052906, 0.07587064483289009, 0.1899271745625868]], "h": [[1.4711993783224526, 2.1018520469584763, 2.9521834153690834, 1.568128420779836, 2.5517417096610657], [0.4747153920020036, 0.5416378519711006, 0.9982569904484364, 0.1957735383807322, 1.6814778774069892], [0.628256652021688, 0.43649006787389805, 1.22008989986055, 0.5264631267021583, 2.879881480091052], [0.5202438054742362, 0.36772521371301187, 1.1139426389341587, 1.3860911790940116, 1.2118689800359437], [1.8289904445376814, 1.6560601055903956, 0.17201460462732737, 1.0941770640856607, 0.8865690844762844]], "i": [[2.4338707166377125, 0.32997945568871334, 0.8438162031210443, 1.4637828550792567, 2.007006673685668], [0.9659492378022263, 0.5033620456899801, 1.4787445591055874, 1.2966439289539506, 2.106561098877186], [0.27566789744148346, 1.8551453706269454, 0.2242399551395114, 1.3934932883269742, 0.9556182315761532], [0.9326815011915478, 1.7549742972416347, 0.801365961509, 0.7120056450301159, 0.7429613215239954], [1.6054330557877958, 0.6473163279998723, 0.27761098124224776, 0.33614072528133976, 0.12414808248182063]], "j": [[0.7602379683515945, 0.8047041109591134, 0.22973367691184213, 0.30591869997274973, 0.13613399719278116], [0.4459916726635425, 0.4824857529511392, 1.4573129569534047, 2.5469928532963833, 2.3404192812595586], [0.7588380546612676, 0.7840821719340184, 2.1045814083995626, 0.1504313400080772, 0.6675939937139624], [1.6166340045349405, 1.57912735678451, 1.1830167439687336, 1.0285828094048572, 0.37605164629868476], [1.5359902449650682, 1.0685904412952016, 0.23931840709497934, 0.48304678283552155, 0.595440402701729]], "k": [[0.29751582087880013, 0.8746021988114171, 1.039126016541205, 1.7523812252827684, 1.351128744611518], [0.14572448296769586, 2.057584171433023, 2.467717750900476, 0.46451625348196607, 0.19667779647300035], [0.716243018055046, 0.18305620899866262, 0.0832160363517563, 0.7358456759741988, 1.6121920678496113], [2.9784876852623237, 0.8267360316453671, 0.7038385855363186, 0.9559417432656202, 0.03788550597319705], [0.44391755710362046, 2.176819473422328, 0.04175579885170231, 0.23074626310186286, 0.29733303148742113]], "l": [[0.32048923643971133, 0.9882878927677158, 2.9110811410218416, 0.4063082365947836, 0.049438706914155625], [0.8421843664373556, 0.7448644323167525, 1.4516952544428576, 0.8354361785896107, 0.5375444696104731], [0.6808087330261959, 1.6690018578969532, 1.545584166413113, 2.522631035533984, 0.5830456666835734], [2.9233620670724365, 0.545584650122244, 0.6413244669340861, 0.32498000012267997, 2.9276785879626237], [0.28145422119690006, 0.5753020204472747, 1.5908161701734616, 0.5551357066390221, 0.3606012439922024]], "m": [[1.711605455451527, 0.6041707744860179, 0.22236778757807146, 1.1070599195312303, 1.9825115991134017], [0.8404909428053053, 0.536076392064989, 1.8603035914501875, 0.5852855719679685, 0.2383319258541324], [0.9858746521076597, 1.4607781664123392, 0.509220450551007, 1.2940769711258342, 0.6369322541159571], [1.207631744284071, 1.0358808374147102, 0.6177754208491271, 0.2505603291062803, 0.5478622597439046], [0.23318195713678067, 0.2133022345067962, 0.8235623612854229, 0.48381378938426867, 2.3560828374071967]], "n": [[1.4071983609073038, 2.2805783922189913, 0.12784572179906842, 0.4293995106145817, 1.007726320155564], [0.8648305367078561, 0.42583980935761556, 3.1119103087241053, 1.8780888582287312, 0.10682573061695791], [0.08621315480700553, 0.12338354522783551, 1.4270857637693375, 1.1822819958015591, 1.5695577542979688], [0.866500522594456, 0.48302871038291945, 0.4379000960804764, 0.3531931586804389, 0.7371048831076843], [0.10769467877465617, 1.017791082288366, 1.7538841471595876, 1.625281389163333, 0.5454255793096702]], "o": [[0.49849574644667516, 1.4398677950216028, 0.3457582159808185, 0.8273010106934697, 1.7697113834594458], [0.4248099079077784, 0.1965636767387327, 0.5306035055354779, 0.8253948946787231, 0.3847413751693991], [0.8633342742002084, 1.0814590455844129, 0.36818331714015917, 0.24292937716151608, 1.3037210961601617], [1.540134159942602, 1.0716832977614543, 0.11543079190864304, 0.15250156227171635, 1.4678532271806997], [1.2212147356799206, 0.291749686089732, 1.292741634160163, 1.0433413580595652, 1.0619640773927683]],