{"ini": [1.2670209350630648, 0.6304361357839486, 0.21440713761512992, 0.43805569077849477, 1.608891804299568], "fin": [0.3328544341911734, 1.2418017602799665, 0.7268370336372293, 0.14612813479983294, 1.1766844834099797], "trans": {"a": [[0.7955279152224766, 0.5096780444809965, 1.6038848253152655, 0.727941260552276, 0.8378125453667739], [0.4347531330602616, 1.343121501032353, 0.6337417576279765, 1.0386102894616114, 2.8335063856013574], [0.430895975098115, 2.5514599043086243, 0.934185741729952, 0.9771304296447294, 0.5754433833675925], [0.5542663094241222, 0.9321277908781049, 0.06923572831841963, 2.486010214456627, 0.5149834310079541], [0.47994563861348283, 2.6217092786275105, 0.48726383331629564, 0.47777864226678457, 1.2048549139327003]], "b": [[2.190958304307468, 0.17511026424261053, 1.0645323877172386, 1.2008279712415302, 0.8794934844599511], [1.868344788988888, 0.5804710650250251, 1.4256079254026754, 0.7122963256402851, 0.7612698507044521], [0.026389463474242713, 0.28390674584161657, 0.7492838069437889, 0.9605474977921049, 1.468102669469137], [0.8865074061368724, 0.8436691389432993, 1.570992082821113, 3.1246390201875966, 0.2873256660602369], [0.7784504617552394, 0.6707250979908397, 0.48264856040189386, 2.1313234327472794, 0.36301673274683294]], "c": [[1.3292508673577905, 1.0935047766549753, 1.4040565065896213, 0.1690814457202484, 1.073602309721393], [1.5458465122986744, 1.3073340583354471, 2.2141881865955737, 1.1741415195777924, 0.14118916877991575], [0.09081906609246246, 0.21829094244600664, 0.6273117028110812, 0.3747018105808567, 0.1817647991170669], [0.13692781057501116, 0.7973315270264779, 0.5770740997187777, 2.2084543979689153, 1.348646624135825], [0.9266916721235074, 1.230357421994323, 0.6379959580532459, 0.04316282528294977, 0.10309138495543774]], "d": [[0.5702121888839858, 0.18876609837764738, 0.3511058475498011, 2.3258770027112274, 0.02846951589977713], [0.9713049180680061, 2.0637542260730575, 0.3590542731481416, 0.7834938232525975, 0.43786648308172216], [0.8440741955371539, 1.6698155020996386, 1.7288958972005446, 1.2628318397507097, 1.7990903925161355], [3.1122672607792268, 3.2791971245606675, 0.10874445422671723, 1.3749179947310128, 0.16179742484993717], [1.240237865971787, 0.7461796230101821, 0.8457695926043418, 1.1753015187435139, 0.7529323768747308]], "e": [[0.6450306534022048, 0.5940321796975314, 0.4194252170474473, 0.28595342909357574, 1.2360902275463879], [0.9627311058105594, 1.2413496188031639, 1.652443702099458, 2.7603132884357393, 1.1289594132698826], [0.8079796983029872, 1.158902491449793, 0.9189053201480443, 0.7526414157775064, 1.3723828067074848], [1.561199640800149, 1.0451764662797782, 0.7704251380363791, 2.4494168323047614, 1.2933400610961678], [0.9107709186719292, 0.2536058207353855, 0.3860805505692692, 0.9360509864105214, 1.1044663495105929]]}}