{"ini": [1.9559561887554693, 0.52149902618837, 1.4646210166632745, 0.3302668791823971, 1.0528813860785853], "fin": [0.548365211538002, 1.3562595344644253, 1.6653478901767054, 0.9595859033810699, 0.8988541874612956], "trans": {"a": [[2.4523173703094234, 5.140000334661511, 0.4180091796178392, 0.5923169604667162, 0.9096931774392013], [0.530767839775411, 0.48941969481823805, 1.175895793628032, 1.5621595240082595, 1.8432068477952606], [1.174638697789594, 0.5393684361104388, 0.8041385995003821, 0.43971873781691095, 0.6574010877229716], [0.48412871620575126, 0.6774386708841372, 0.20560283538248564, 0.4642177749324766, 1.6595655569541292], [0.97288177861796, 0.6768878595900845, 0.16989998574744408, 0.4532020001831705, 0.06468198128624839]], "b": [[0.9560630506753487, 0.3443819613483117, 0.3244202479922132, 0.20828370316699193, 0.13025627954606672], [2.0052200310543995, 0.916199389587384, 0.8775522250959613, 0.7704230619552676, 0.47436404244941355], [1.3166979935561387, 1.4467047274121851, 1.5952975091051855, 0.6348806317627335, 0.26267890460738824], [1.1262579342349404, 0.9888461034152018, 0.7540759421215045, 0.5184175293754153, 1.2911754779734916], [1.4527467268254701, 0.5880347254556547, 0.5434638724655243, 1.2883844000306761, 1.3430510521375254]], "c": [[0.3720879398388238, 1.2241075561515526, 1.0628511831342413, 0.5492220056808516, 1.4702026216123172], [1.3654777101340496, 1.6903385681879712, 0.3527626065544485, 1.0962670316129122, 0.6812727230729481], [0.9775501434000602, 0.2340643840310903, 3.9556954464827583, 1.00600714582886, 0.17213047251068886], [1.9895474924766454, 0.3222569105846087, 2.1698717827200844, 1.2380618258224994, 3.0932997980957317], [2.0324412616269627, 0.6760808993394535, 0.49894914916317223, 1.2252102554269202, 0.9682564605616594]], "d": [[0.8727892348493718, 0.18809826177051006, 1.262958878058185, 0.2107590891584498, 1.420157644881243], [0.7505412195683274, 1.4776860286882842, 0.4346476942445287, 0.972793225534137, 0.9264973408858184], [2.7794917830317947, 0.0406692716437824, 1.009784319258479, 0.4582360610252536, 1.3384330383583394], [2.4602266108415725, 0.43703429832359025, 0.8601051401510992, 0.6008905104689408, 0.31886895525164216], [0.9675023494336545, 1.710208518989187, 1.1915220181577626, 0.22814852625798768, 0.7393740158643513]], "e": [[1.0398628741132434, 0.4781591340959121, 1.3371711471646737, 0.9672943955500733, 0.6376393412609255], [0.7102730150327273, 0.8946426766483311, 0.6348189236228609, 1.424161229121898, 0.5332692523157346], [0.6645894207120779, 1.3315988333053028, 1.2066504878608517, 0.787677578690943, 1.6477915782004657], [1.8463836579815815, 0.6310731193961193, 0.2673108005589561, 3.495502809040043, 1.0956383890752972], [0.3207892897803347, 0.6115454672080456, 0.9237500125661657, 3.532566002201551, 0.06462224713918502]], "f": [[0.5645908909390019, 0.6581165942607015, 0.15076469613059187, 0.13051526801998514, 2.218610023522847], [0.3057526497490871, 0.03504400567960684, 1.6472619197533975, 0.45211646581189907, 1.4259153329199266], [0.6623167186332017, 0.7381082913955068, 0.7912902502752944, 1.5453133314717888, 0.6507611074741552], [0.8001844998615598, 2.081415885459705, 1.770521959289371, 0.1845833129112821, 0.31324893488465205], [0.4563227531320926, 0.24299108742069708, 0.26203144519148147, 0.3434228199494203, 0.8106819081168473]], "g": [[0.9214087742912799, 0.6280936288456026, 2.0773702194611827, 0.7299938901800426, 0.33422857045909937], [1.7253803575401703, 0.7390438489657011, 1.1775021170266173, 0.4535711768550412, 0.6447990058895614], [1.691906287282556, 0.43229655249253784, 1.3777951811694171, 0.8650500707092662, 1.1443592214358318], [0.9922359539931906, 0.23297969088748635, 0.5621659220671196, 0.23416472081925752, 0.5348864886875684], [0.9581100178391522, 0.8897443197437749, 1.4306739174360026, 0.7592439444174895, 0.8498368120167445]], "h": [[3.386540019000681, 4.455631374195587, 1.8572195349606646, 1.7724989741823454, 0.7317483938714011], [0.6840552586772757, 0.6619024695660691, 0.6294798837747339, 0.37258287000495466, 1.292109461230859], [0.8287321468501809, 0.14933282331575715, 1.2567490658851774, 0.5258932828778843, 1.6531645939767168], [1.569687598734265, 3.359266060935015, 2.3465061934354234, 0.16762431654558188, 0.2970563709502254], [1.0295647396174918, 0.4603299693861172, 0.5345120252652201, 0.616002470019577, 0.9769844291348309]], "i": [[1.0127816497901894, 0.13709518349497254, 0.10164821137385437, 0.5887367925635971, 2.8147456732323906], [0.8100134846528315, 1.5310357113676807, 0.6029526259800552, 1.0287731979129722, 0.8069281514010331], [0.2268431214492125, 0.29351409313626586, 1.01328047502757, 4.0948220708770675, 1.256226192295698], [0.8974391418633773, 0.35458156646204547, 1.3329553743737168, 2.791995030381626, 1.29167129195058], [3.305832615311482, 0.6721711092164517, 0.3818008215754273, 1.142961194573562, 1.07447203962745]], "j": [[0.29765041050927954, 0.32043765288772214, 0.17620642667338046, 0.819386513830284, 0.9741663502157077], [0.5800933899431215, 1.4349209825331113, 1.8557070494921468, 1.9327489944041614, 2.210592225526178], [0.5055035578018534, 0.6938787605606557, 1.0109140023062178, 0.08284807669467527, 0.4722584162058561], [1.9932846755572187, 0.47790791358416956, 0.8124137116532059, 1.008294099322098, 0.43337568290448003], [0.20798854130916672, 0.5071565391044739, 0.4523548848991579, 1.5707015287577224, 0.21570431843846355]]}}