{"ini": [1.2045940203810537, 1.489963094885224, 0.42080220914027755, 0.18483407879871208, 1.0614561574099128], "fin": [0.4390450562572463, 1.2879267374850902, 0.48525861266223697, 1.0668366372186007, 0.8735117337273274], "trans": {"a": [[0.7504213559967577, 0.30046048335119946, 0.2918892309407002, 0.6689166008937215, 0.7818049019466067], [0.6724158888866989, 2.640168214752346, 0.6906707735335753, 0.7224024566649206, 1.3312481467753376], [0.1637872034648345, 1.2488654934025871, 0.7687693309447046, 2.1993633225575793, 1.229126647506641], [0.6705999402246358, 0.7786581301394345, 0.6135386424019688, 0.5447555637063122, 2.627051759875003], [0.32576028884505026, 1.3730435299708488, 0.40569827737148983, 2.1056209891549127, 1.4349158493687526]], "b": [[1.0473434881497155, 0.11124951195304135, 0.4400571681484469, 0.23231817698006577, 1.7970140026020698], [2.1559119420786113, 0.866825790982083, 0.41301787058359324, 0.5447058880626459, 0.4922209255680446], [2.2072000215427843, 0.5933704696398655, 1.0607766089925093, 0.1763647331070699, 0.4555758552020336], [1.311426039328413, 0.9426982019287539, 2.2185578038625335, 1.6380677100969396, 1.0011306676528762], [0.3527536526271159, 0.25107530503778863, 0.48527761722496077, 1.3370585573808922, 0.4295110157516538]], "c": [[0.7446902525128434, 1.4147946121453963, 0.3533847157649343, 0.7608689596243534, 1.1606943169642645], [0.8109462234766586, 0.7832232825058797, 0.3237846677453945, 1.0836405061947796, 1.821145451460908], [2.1194040743102986, 1.816661554980216, 1.6085895966185273, 1.7047763331216268, 0.31066056619679056], [0.23934105024246738, 1.6026983467667701, 1.4994111551768394, 1.3728023570694377, 0.477950423609222], [1.3542767384153787, 0.7621033917945667, 0.8477475331536087, 0.8187889399040135, 1.8268257760420819]], "d": [[1.4029177415668619, 0.49656618960230486, 0.5550135548170584, 0.23420293010223567, 1.7093091876748383], [0.6307653755852791, 3.686383130131947, 0.41636038556551525, 3.287707492067197, 0.211859035672102], [0.1554089404092968, 1.0543989058326177, 1.333651876859416, 0.6295561499644177, 1.308926997278204], [0.9957265698612149, 0.517153814956227, 1.8483681702417842, 0.05890134656471764, 0.7643643549864286], [0.4325375891503334, 1.259747879171188, 1.7072558430008689, 0.9809387996667065, 0.6527603058903081]], "e": [[0.22178793722629542, 0.8833795130456517, 1.4938314193840683, 0.7686221879161724, 1.213701777294645], [0.8565962885079648, 0.705193406852688, 0.9769812697827476, 1.4532509993829388, 0.9244678885962345], [1.367299454889068, 0.5020007193486014, 0.6084964007593006, 1.0749226030588186, 0.27109760309513065], [1.1952903600968072, 0.059977076645343436, 0.7289852693881137, 0.708353258484414, 0.27238450183650775], [0.4684733123709603, 0.2995867559809241, 0.7534671445359258, 0.21224817450590933, 0.31868039040358215]], "f": [[2.0273697879681776, 0.10976931069285316, 0.8863823260410116, 0.6205752469962852, 0.4200964492572453], [0.405798578945799, 1.357575205455625, 0.5791543482577167, 0.9807361359414126, 0.793744031675797], [1.7069496744356498, 0.39995773928483114, 0.2738678163431008, 2.1729561992384334, 0.569496652582667], [0.5260578441248667, 0.45564606784625095, 2.285997473873987, 1.3579867244997377, 1.4737455153399512], [0.44276390395533005, 0.13938506565471556, 0.3269851271270802, 1.9509059109250309, 0.8050441827970134]], "g": [[0.753395970375447, 1.6761546503543845, 0.47720540659655625, 0.8920972118408098, 0.3946263936215767], [0.5590105896225, 0.34024306739501603, 1.5169364080214405, 0.739460297020008, 0.8468409715586578], [2.333371637973635, 1.499811732625686, 1.4272535168553726, 2.0513014755343018, 0.8177747632068038], [0.7741809212584615, 0.902327014655876, 0.4370191602931508, 1.6440781564478233, 0.6078648495500368], [1.2592489770247068, 0.9537824878374117, 0.9654870238546128, 0.8746093258454076, 0.5205737887326118]], "h": [[0.16177106800833269, 1.176953720754024, 0.3241830721936615, 0.7590776950001163, 2.1512935736693124], [0.9643187120941387, 1.039751719622761, 0.25991313474974725, 3.6769194192620565, 0.5872794199637671], [1.0294323690821499, 1.4192831722424182, 0.9957449123697436, 0.469258197318873, 0.5141842408439536], [0.6363818416115203, 0.857397000970684, 1.0678975719435637, 1.1299637008376584, 0.486296833740671], [0.8441115824635875, 1.588029529081613, 0.4770699550102242, 2.5946752013190038, 1.3949531283757417]], "i": [[0.8438772243244288, 0.40973760439189677, 0.6429808141586921, 0.7517171694522777, 0.9475742887698617], [0.7690212958201541, 0.15200764104198178, 1.685775906133231, 1.1632103508652771, 1.5096611696238098], [1.3057478346223639, 1.2372807008060809, 0.8982752945610328, 1.9504953936352651, 1.4938128262980725], [1.3940683779180851, 0.6302540293025088, 0.2675099747071529, 0.33717555702334817, 1.0367573531202963], [1.122025230065868, 1.7184837534040163, 0.6717516072162415, 0.2604563392590991, 1.612335824092188]], "j": [[0.12783242869172745, 0.8372247388694358, 0.6819996069404948, 0.7140350083219865, 0.15401030085557452], [1.9588636895451472, 0.5306004087863531, 1.004299513590164, 1.0990496558679854, 0.7035936569188291], [0.5865163659680233, 0.4224610336564306, 0.47993745883939687, 0.7141164379062999, 0.29442089927903325], [0.563091856288566, 0.902919636985593, 0.48288375887798257, 0.5649777581255057, 1.3200222915347506], [0.7017680222080797, 1.1562629357851366, 0.8504577729965751, 1.0244902137120804, 1.8682788559266565]], "k": [[0.9204500790231395, 0.759829710263439, 0.7853037717018195, 0.2117462949244768, 0.7077891682322156], [1.8420155940885419, 1.098762398534464, 0.9444376853850138, 1.2737568622520936, 0.7587084199785614], [0.3037028863757097, 4.720817959708038, 0.7666448835552063, 1.1472533556869098, 0.8241017342928524], [0.3036231955210346, 1.4639318103628847, 1.189489275511419, 0.41308871466465, 0.7302156456891971], [0.8070607264846232, 0.6239720629361253, 0.4977464509740686, 0.32950675318695544, 0.720893963146587]], "l": [[0.297643188125309, 0.3571980104734937, 0.0722887956286385, 1.3139307113679004, 1.1738286360956562], [0.26692049709649107, 1.0222637778947037, 1.048193543416984, 1.245368171210667, 0.2097024967599392], [1.1653626161643393, 0.3239955104438775, 1.2226818791069913, 1.771648190847746, 1.4860333707214741], [1.3129521801760375, 2.820589944078313, 0.468270745734584, 0.1261819447062084, 0.42845699537464255], [0.08849706112217212, 0.553845162186026, 0.5299846332918308, 1.1402882965871723, 2.4581100026256095]], "m": [[2.5972266378072315, 1.1654547879436634, 0.30882185763686915, 0.9888512172328014, 1.3617236536213435], [0.6673093654371305, 0.7578794070852289, 3.4299656286913067, 0.37205767133059575, 0.24113925522033236], [0.6049939841947696, 2.0780691398944495, 0.9150752852015867, 0.5826049349948687, 0.9347164578486139], [0.7206509975188042, 0.07697853495992768, 1.643588254937781, 0.9045335755867389, 1.0940859024930314], [0.43776582251833057, 0.5527155463737491, 1.3783205297910972, 0.8474068465667208, 1.7641807799608704]], "n": [[0.3159308877182587, 1.0636221108337962, 1.4181679092657131, 0.8712442652504493, 1.1976452789405365], [0.8689583686763807, 0.6801020078228537, 1.4520881495738078, 0.8531248125325734, 1.0285662680447005], [0.27332160111647413, 0.6312817933999635, 1.310740180675985, 0.5922114744038547, 0.28146171660711294], [0.6560401520293582, 0.2807925619185356, 0.4265811505407998, 0.14477520475226982, 0.6201465791446437], [0.9021429858270125, 0.9147269855969807, 2.530063403153743, 1.2783909243858778, 0.49115683342410504]], "o": [[1.6162556185770214, 0.5474513269111642, 1.5544286572041552, 0.4234826604822378, 1.5970847621664357], [0.9038879965697721, 0.40499447094015373, 0.8545485189535095, 0.33370213511825764, 0.31513111702151636], [0.5539898703764866, 0.41751183672197445, 1.1752892056767672, 1.7113665714079607, 0.11462788342523615], [0.8244187312078459, 1.9550101942357787, 0.7065969549637838, 0.3171898369375286, 2.033623183423229], [1.3759863671234265, 0.9598289877625953, 1.6511263102302323, 0.3944803276733423, 1.3205939772945547]]}}