{"ini": [0.3108949711561917, 0.8186513384880781, 0.20456445740469623, 2.245580383024219, 1.0417209791331745, 1.7003346698159227, 0.5476962328999662, 0.48058969286527947, 0.7922630710998839, 0.9700732647179774], "fin": [0.679853606356945, 0.8301160793608935, 1.4992642414025323, 0.9385538526486392, 2.85612260103877, 1.237547614777814, 0.9777510168942577, 0.6276334499439894, 1.2007313227689884, 1.0543252163137815], "trans": {"a": [[0.922226554469113, 2.012947695647732, 0.6812045615745931, 1.1366335240664753, 2.4576478749934467, 0.35452915522652, 0.7259615628038898, 0.5153273104636111, 0.1377782932907306, 0.7236897882274647], [1.0920695696394782, 0.8302949527025145, 0.2307512870698977, 1.558554692253362, 0.42854535456837173, 1.6976479665050979, 0.3332868625029228, 0.1811355428622809, 1.5179710861389344, 1.8544685383320803], [1.1948286131273333, 0.4156802371184499, 1.5437494390726167, 2.099402728738878, 1.1707077219846282, 0.19564294929702297, 0.6328820167256942, 0.5390864928482109, 0.889439650309359, 0.6381183866848146], [1.580007839121227, 0.8098133636037963, 0.6982801453313215, 0.22516072817944197, 0.979581908800502, 0.8697299593445533, 0.24490189050482697, 0.7456059491946639, 1.0342997508538907, 0.8502938043133529], [0.4274461678917128, 0.4198871563981907, 0.4985750581247874, 1.611919198284855, 1.143831713797134, 0.5373122658031535, 1.0461519365897463, 0.8663371314052442, 0.9402753432146163, 0.5940329275830117], [2.7412509522444006, 0.2526810413276007, 0.8771644539876197, 0.14467983677769447, 2.0075722109471243, 1.5787005006411527, 1.3244480483480379, 2.8577302695734463, 0.4570098111915768, 0.6857206595675668], [0.49572559142999295, 1.5573099551365317, 1.1467188711365015, 0.8184974306949643, 1.3276580996677412, 1.344872184140759, 0.3473317561176808, 0.9680305216241242, 1.0030077293500959, 0.3046181873929431], [0.6748101803986967, 1.056854089128377, 1.037199054490676, 0.19185632116072443, 1.2558811358700932, 0.36144948577401076, 3.2854137083874737, 0.8877905792063975, 0.5799811261033436, 0.07591172896417421], [0.7616392273169974, 1.0732548220364488, 1.6122750444743603, 0.9326357226720169, 0.10360664146803132, 0.34760317910435207, 0.8302941948423553, 0.29381729401767864, 1.931224048173093, 0.14760697182150714], [0.7207502923683523, 1.2234255862615704, 0.94203122418099, 0.4689751599701489, 0.5606922104505859, 1.2263830708286314, 2.0269986195789857, 0.31004938588594383, 1.6178505365213602, 0.8526064989665435]], "b": [[1.609366649258393, 0.4494765982089507, 1.2327073046365593, 0.9401022699635941, 0.7800778437783584, 0.7067142102414918, 1.069148349214671, 0.9969279534659642, 0.5382241281027028, 0.737646285806933], [1.911595295628259, 1.5062715326398821, 0.4186781902139698, 2.21518593245698, 2.2984577929921293, 1.1669593648871128, 1.080877011657365, 2.0005128623136095, 0.5926538618317683, 1.0729706561707295], [1.2012467072844188, 0.3877849050812448, 0.5936018410283415, 1.002878470877418, 1.221476868877596, 0.7472278635603352, 0.8642726748597381, 0.6977191754344241, 0.10726186456016527, 2.672834789660097], [0.05429135775590815, 0.5816442622417402, 1.1713930229895273, 4.461981858128893, 1.3978778469096091, 0.7745556576387281, 0.7566981023076637, 1.2677933900482476, 0.33231398329572637, 0.4017069677322718], [1.1332655954207893, 1.1396267366301294, 3.4498041882428043, 4.3428023415773245, 1.1624177982498223, 2.064610260559845, 1.6790662321838765, 1.8126684815646743, 4.509730881953648, 0.38699427666742553], [0.46553228904487015, 0.41958605039994484, 1.3710893714959864, 1.7789854238569096, 1.6159233965716584, 2.0919300021821505, 0.915032286908913, 2.7516247854101747, 1.1476553762605846, 1.4269030505541072], [0.8905890714009346, 0.9973926875470529, 1.1190385834861352, 0.9914887200498528, 1.04366522633341, 1.7135432585829125, 1.03133421058018, 0.6866275450515625, 1.0089076618442931, 3.200170926205473], [1.0123209982527865, 1.1421876762784584, 0.5140088766064673, 2.4111957131710766, 0.292748907981713, 0.9404151486454484, 0.9187789466959428, 0.4677056572723527, 1.1967973901025586, 0.9914596563885896], [1.999457552204838, 0.7895951084966274, 0.4354430355241356, 0.5052608088896184, 0.5065659768000447, 0.8223261357009243, 1.4751783194848653, 0.24299411264948068, 0.46757484625838175, 0.6052783113051623], [0.7438231194290247, 0.7361727562549885, 0.5323948446682133, 2.8017888051946223, 0.11407232036124253, 0.9546215244418126, 0.2522174087475865, 0.22774128096062246, 3.5146004421059027, 0.5455680708251884]], "c": [[1.345907048475078, 0.4841422264215657, 1.846724902853422, 0.7935468199229089, 0.7643626000967956, 1.40629598212384, 2.0072997115265108, 0.44598835385788704, 0.7579375006883131, 1.4687877523436417], [1.0959975069279586, 2.628847560820494, 2.285300966444628, 0.4309499941422059, 0.48122566167899655, 0.34516930885454067, 1.0349684191450819, 2.32007275003034, 1.1735905197007461, 0.10607536584965312], [0.737893287183715, 1.2269481813556495, 0.48345170239516827, 0.9482381304406079, 1.4440305673341902, 0.4449145036521998, 2.141755537378438, 1.6683118078318246, 2.444389710441893, 0.4984776898791661], [1.437940610828554, 0.48794722263894125, 0.7088429150215929, 0.5175412026957263, 1.3158185501912443, 0.7732708603794562, 0.43605939069030164, 0.5707736094322241, 0.6668111507006222, 0.09585836474887531], [0.8987560911433725, 1.1897798597317408, 0.27402851735033484, 0.2979626257799833, 0.48502263922729655, 0.6831947807251871, 1.4034434380036782, 0.16121790909127964, 0.20039160247353924, 0.38005116412195195], [1.1990580247201301, 0.37968594327286964, 0.9880020355716029, 1.831366670174005, 0.38703199784517883, 0.5988462759808642, 0.6470159697107973, 0.25714333285007335, 0.5394966143068318, 0.8692039791767067], [0.6643723825689379, 0.9221781830822436, 0.5447495201545662, 0.2270121307858499, 0.7964476998598619, 1.4303356250450863, 0.9035480998133033, 0.3040383415498902, 1.736984079911835, 0.43238183915952727], [0.968042554613392, 1.8292803646260807, 1.7873561696774791, 1.0231481435706773, 0.7541845938921302, 0.37928222222924923, 0.47000535079017025, 1.4008919911731046, 0.23882332105137363, 1.9514858222807028], [0.44199906977088615, 0.44889854372876137, 0.396177419760581, 1.3475354813358196, 0.3503925104184901, 2.0552683843139152, 2.3537972097685262, 0.8252130828929664, 0.7190132340935, 1.727701462050385], [0.6295355459797325, 1.4416695641870223, 0.2755253539507405, 0.5646367602452121, 1.0185589028901374, 0.396399081859657, 0.3304952913055164, 4.097069454581616, 2.8273942009883735, 0.5527418453080767]],