{"ini": [1.2529312489888644, 0.2373797531220606, 0.4455579000672942, 0.41618570951083506, 0.9096101297018399], "fin": [0.9458841560484526, 0.5895765942823857, 0.2954717206976154, 0.940037724654204, 4.246158953096023], "trans": {"a": [[1.2321299228103295, 1.1123198528234142, 0.7512967117366742, 0.6536485832268292, 0.7276473471210773], [0.9537271827902387, 1.459858341978891, 0.3925054683229605, 1.0967487300124816, 1.09558870881149], [1.4888915942809562, 1.077052733493211, 2.0020793247278075, 0.7552915699234019, 3.637590407338781], [1.1148275883642296, 1.762554396670165, 0.32733268151202943, 0.9054961259722388, 1.1759029014168587], [0.5520151506431642, 0.3143208759871066, 0.6476757041354485, 0.7847994444800648, 2.781956611402038]], "b": [[1.4467515416437187, 0.34583242544006904, 2.820337391812361, 1.9222954023636378, 0.4651260814094501], [2.2602245218232397, 0.9305313444810108, 0.44274489001291134, 1.1823980702561019, 1.3967031415164177], [0.49270692542292543, 0.761744244275982, 0.8257094453706753, 0.1141709906417669, 0.8883418198735018], [0.8006735759703316, 0.5825345686440047, 0.30696140613669215, 0.6438160818321321, 0.8851856490950551], [1.507511891214061, 0.6024269222718611, 1.5871822662536297, 0.4432148681786292, 1.1552860052087204]], "c": [[0.6704536846273104, 1.2505755556411633, 0.6742889780926714, 1.063110720623988, 1.1866271721702626], [0.7906858854394441, 0.8972921702668994, 0.4610748899410938, 0.937329307475466, 0.3291522095270304], [3.167511775203294, 0.7115344355668342, 0.643622248023829, 1.3393389448523385, 0.6605144875321434], [0.9428287453262643, 1.6506669440693338, 0.09720632311535733, 1.5082937878154443, 2.567712807022035], [1.1275938783036286, 0.351389222234874, 1.0637873584886357, 0.9646309388031395, 0.7406098597608023]], "d": [[1.0092868789765206, 0.16619411136784792, 0.9863027371611265, 1.0351007464321593, 1.4157523451545362], [0.02901389626902277, 0.5400417202747302, 0.6792886762201786, 1.9869180462527434, 0.610173403871435], [3.2051840764460944, 0.7412944570260374, 0.3172985762970559, 0.5954601675496767, 3.4931466212110704], [1.3157593828319012, 0.32000809061656316, 0.49697555977698604, 0.7699131125034735, 0.28711782946145425], [2.4528850422391453, 1.113186148313929, 2.120670663326844, 1.2651345308604622, 1.2073165315528023]], "e": [[1.2855833111635404, 2.0427775778470822, 0.6336014264042704, 0.33907399625213613, 0.9709759970196334], [0.10162352459470439, 1.10671004940061, 1.2509159865586086, 0.4717668849767409, 1.6757537639046838], [0.21875905087990502, 0.44401344319563024, 0.24668142593338735, 1.2614517907905962, 1.0403704338485293], [1.1958490003343312, 0.8795054787618778, 1.795387165709783, 0.27003880709838995, 2.1174421908151815], [0.8450443128040308, 0.5571383448093353, 0.6002002537975946, 0.6246263472855401, 1.2957660696386804]], "f": [[1.5903863939578369, 2.8410672526375125, 0.6893798020536779, 1.7720566747315811, 0.7280305160950852], [1.9196913735540289, 0.14984694011288063, 0.5491475978325904, 0.6994519034303107, 0.592187366028956], [1.367810844659149, 0.5321981769375416, 1.230756143158339, 2.1442227449854783, 0.6558851875847814], [0.1489495948250141, 0.3093080174921766, 0.6662191938802818, 1.2384385390911543, 1.4580204985395315], [1.0652968776227565, 1.8634481828885134, 0.41807324907562016, 0.3135472462501758, 0.6757058609618072]], "g": [[0.9251021236135225, 1.9235143385991404, 1.3400047779691533, 1.130986434606526, 0.385132004843332], [0.5781571463923918, 0.33082392269687666, 2.5602108794199316, 0.9257168209499205, 0.3872305796238625], [1.4395133131853828, 3.2597853071647673, 0.20615708264238333, 0.5579553871056907, 0.7995114971618169], [1.2324387057013297, 0.5591783845574808, 2.7543809082447517, 0.8278453837239312, 1.9659306893410127], [0.19109559268913706, 1.5471736631350073, 0.4405894922542677, 1.4244037263962543, 0.4858957648516754]], "h": [[1.5317786247181029, 1.6851794304552585, 1.312811043593534, 0.26798263622698953, 0.31373896734490836], [0.08039355179580096, 1.0899774069344672, 0.6080886318481126, 0.08546949056791192, 2.5020744947594142], [2.529890427202483, 4.516342196081169, 0.07073991724694668, 1.7877310201102492, 0.437095959752414], [0.5174105343492946, 0.2142125943001629, 1.067006627952596, 0.7941368816430036, 1.954470072716563], [0.6930274003018243, 1.009977174175811, 1.0604207572796271, 0.5313728938264416, 1.9382035403847506]], "i": [[0.3263454564014921, 1.0344912989949937, 0.32742562871818454, 1.3207771402528223, 0.5859298853391456], [0.6159277077546437, 1.159774715322369, 1.7137286058511045, 2.760739517049007, 0.6553918465699744], [3.422575775338713, 0.6123301780210388, 0.5371058991658647, 0.3531818671197218, 0.9867693886760591], [1.861095260132781, 0.6885897468353929, 0.6566141153533168, 0.6732920937064549, 0.29371514623262646], [0.9566369796112231, 0.6143897123490373, 0.2831177874466833, 0.537829171301787, 0.30217615182648044]], "j": [[1.169264139197632, 2.418628420423487, 0.6667704428286805, 0.7510960068618204, 1.655406664145688], [0.4571234938457522, 0.37478958914866667, 1.5065710918464326, 1.0006885564666155, 0.49635315723518436], [0.8548439810393493, 3.8400308030831773, 2.943393155149457, 0.6662995186161855, 1.1978642917980415], [0.44823173709528374, 0.8855034214068856, 0.5274446895829027, 0.5415339364156545, 2.0034249731321436], [1.6058122964906958, 0.32883887040325427, 1.7174476459079346, 0.9576817534421111, 1.157291292515885]], "k": [[0.9179147995105164, 0.150287562741916, 0.7192450503524681, 1.10273651516754, 0.7888997874236], [0.5878897384779632, 2.1708770047735744, 0.35624078043045343, 3.41981039626963, 0.20858285346416025], [0.6304870183170339, 1.022473701773885, 1.0068090312190647, 0.05074830653039853, 0.7624755599672409], [0.7271864022912882, 0.30731603907261845, 1.2478777089117894, 0.9189559423080572, 0.7499556023086215], [1.0198271088201436, 2.7211114911645025, 1.9058241660340778, 0.3597164511141725, 1.1989158055222586]], "l": [[0.4127530497187643, 0.5509693847615, 1.0215779576730692, 0.2438124701305169, 0.43199284612110306], [0.21626843286246594, 1.5826935478140678, 0.32812927104045037, 0.13471397219370881, 1.2670376054637433], [0.657829034795758, 2.1653971043471767, 0.6074623357776799, 0.08446749642386267, 1.5052662905953762], [0.13359395668708365, 0.3340241436291869, 1.1888907062626388, 0.47855908853309037, 2.302864670801456], [1.5142088100346223, 0.9602032526096098, 0.4983003586418778, 0.4409264317163386, 0.7488039671853536]], "m": [[1.8940820888762382, 0.37881137885657584, 1.7234903538442292, 0.8840309790244366, 0.3670959622657068], [0.9958929323995119, 2.803331492837606, 0.6511123665607612, 0.6632819197801054, 0.767847754387689], [0.5933495263419302, 0.8738476790041476, 0.5093661310286504, 0.3385913660344826, 2.0049558071691216], [2.3622170259029334, 0.5276966131821915, 0.9207287472296222, 1.8892944202152282, 1.4420586510763214], [0.2941532356302313, 1.1752077623325246, 0.5115887967633848, 1.5406758054484893, 0.958381823479166]], "n": [[0.7136063049205527, 0.5333007870696248, 0.6055572542782814, 0.6409472480373415, 2.251910389866595], [0.6141994428352233, 1.2266477816220336, 0.4450054741731729, 0.5563570352778012, 0.24050843214480594], [1.5187855931145955, 1.4142185045129594, 0.6653508547145998, 0.7009747134017685, 0.7639170756869331], [0.446761979951433, 0.446666105414122, 0.7888586519489893, 1.512044020932902, 2.1189006741099687], [1.35227984028316, 1.4881745009231064, 0.7429499495432073, 2.125292355063792, 0.5719979660300059]], "o": [[1.2099611310661145, 0.705700522190976, 0.7760138508866219, 0.1723343636867815, 0.3375607108882261], [1.4582918529527964, 1.015653879628406, 0.29664965084697315, 0.09768842414658566, 2.4281549393514483], [1.719611523184808, 1.5747440552216827, 1.3649097899684983, 2.701675972081032, 0.05009120241493448], [1.1530671061485116, 1.1246237985253733, 0.8887591684107082, 1.501414723575541, 1.1500684134150414], [2.0777919650672656, 1.390944447367786, 0.6611515094033324, 0.26748881125661805, 1.0685135021957954]],