{"ini": [0.7191319211530927, 0.8242128987633769, 0.614762481576599, 0.339122702014879, 1.5585471386070135], "fin": [3.737125161439261, 0.837935787598868, 0.996788118733729, 0.5688238152016143, 1.4460803361810823], "trans": {"a": [[0.9786422500593621, 0.4677137551776528, 0.6957195774996451, 1.4178404693236404, 0.7589832864902301], [0.6597748992733912, 0.4031874193699506, 0.961834987333745, 0.20495868941182574, 1.0214984948179078], [0.32378695984095673, 0.76670542508801, 0.5372450967015522, 2.467362217217288, 1.2576372398932971], [0.9363399572698383, 0.6579790836334772, 0.37415865266091924, 0.8633198327566918, 0.48822358724913106], [0.33703580570375274, 1.7225224778660402, 0.9886587730129452, 0.8753127820052933, 0.7968310754909634]], "b": [[0.30100397279201313, 0.27707033242777174, 1.1222088732485953, 0.17260362989751615, 1.673927060636533], [1.621548334885426, 0.35388846951787556, 1.2235880574910123, 1.9320810072480974, 1.669903493925935], [0.6705691715906746, 0.1159711451059367, 0.6786765445526467, 0.2670400156495567, 0.8164394173732559], [1.6337885413882296, 0.921229634774413, 0.4326225574606537, 1.2418716609490237, 1.3221216964766527], [1.149908149161014, 0.3831517958043951, 0.46380213116834323, 0.9360142213515273, 0.9684907683365229]], "c": [[0.35705795854298084, 0.4237877038786752, 1.2900216900399382, 1.0602198935738438, 1.4648282230241343], [0.16942063507535157, 0.21616868991832083, 0.5349760461770114, 1.108572675418078, 0.9290531238738613], [0.20786442552349832, 0.13532169558928878, 0.9490654254234154, 1.7436509953650867, 1.0039129865280738], [0.4990513999802046, 1.2988014570290114, 1.2635491379382875, 2.031461136432519, 1.0498107550821623], [0.07765800257546271, 0.613222183660213, 1.7581440721546453, 1.8146707518750969, 1.4878941188828576]], "d": [[0.2499306406374521, 1.2919108524331293, 1.0568573272378228, 0.2628633233918611, 0.9848360903022901], [0.9100317656107573, 1.3796567258778958, 0.553658105500232, 1.4146527959090134, 0.4933558172517635], [1.1694576586150116, 0.9718502625005431, 0.19578332635449167, 0.831449301122915, 0.5121383755677715], [0.7759323915657947, 0.47747969499131065, 0.19139532745147753, 0.6227377399434529, 1.527809855333777], [1.1594273118786675, 0.5026459010582884, 1.1875804694505743, 1.3342085493333309, 1.2565506919021532]], "e": [[0.8116074579635195, 1.0229603874541675, 2.241832261464171, 2.5489213734211025, 0.9493595977421653], [0.5267528013992973, 1.1768905838081722, 2.834744005707378, 2.828270099526507, 0.8134633360104047], [0.20465917811094828, 0.2281914160011396, 2.043836819777797, 0.5067740093549538, 0.2254134923843244], [0.16299511758191326, 1.8833682521362693, 1.4567476157661021, 0.8876634568443628, 0.695339180520058], [0.2821608305354954, 1.5603184418454872, 1.457610254524706, 0.12346035367286501, 0.4287533952510616]], "f": [[1.1750533159524301, 0.38280186882613987, 1.2462551274600284, 0.45568279450649973, 0.5077573754529447], [1.1711526589701624, 1.5398684902781965, 0.703584364980531, 1.590582818332752, 1.1888692616638645], [0.5957948908861015, 2.0409723564789, 1.3470023332403969, 0.617865863294075, 1.4741943921949798], [1.7437129418730095, 0.5649157331325705, 1.7480075984349368, 0.5773646582421785, 0.19735368170825113], [1.149379561810141, 0.41104110826743145, 1.39956702438743, 0.4592847863238033, 0.18511913319712192]], "g": [[1.685089954285198, 0.21852334933182418, 0.3565910972152099, 0.9584456985963632, 1.5802649940264004], [0.7733589625169024, 0.6084830879978297, 0.22874520012012267, 0.2711021464176971, 0.44786542684742525], [0.30980655121086015, 1.3300242629555676, 0.3002955446003472, 0.7409237924961287, 0.5361755466517707], [1.7424791364020302, 0.4906508570215837, 0.6808694674654413, 2.3062283609390675, 0.35361188561396634], [1.4559077198087556, 2.1543386855786153, 0.3223423956310063, 1.240886702269998, 0.6992128173657846]], "h": [[0.8289937655252337, 0.5644661992034496, 1.1987238479803068, 0.2296220335097396, 0.9367226352454698], [0.9002595433305627, 0.7524636801320124, 0.8762470832056373, 1.8883362942555812, 0.5886094832104442], [0.05032997870494021, 0.24181850781582975, 0.4861486718288961, 1.7959592457588558, 1.7075145556559], [0.5529808970063693, 0.46328545809138877, 2.8289836071416645, 1.1709846554109902, 0.6750132141591928], [0.20314673399687724, 3.732370696045066, 0.8524802932502109, 0.7250670765596772, 2.6543050282837064]], "i": [[0.05936141030934948, 1.989900561905249, 1.2038371796424798, 0.2390615042948643, 0.745447002284482], [1.352002399111717, 0.8509562874930112, 0.10324584186521844, 0.37251709013920026, 0.14002715093227333], [0.469038908727816, 0.6761498660909618, 1.394575911864928, 1.760877377987145, 0.8060333386907816], [0.45101835705993293, 2.20503631350771, 2.1874423036001853, 1.6155885626945823, 0.26505920437655844], [0.2999926093602698, 1.7122431040959112, 1.5443462632139164, 0.28422780836477546, 2.0056285391982285]], "j": [[1.6094543226365112, 1.2654663150664371, 0.13968087825301215, 2.9681433031504807, 0.8178557898003593], [0.2546159919187721, 2.214909290776849, 0.7366079833580648, 0.6384632860868271, 0.025616025165515977], [1.4273041628182757, 1.0865062149097322, 0.5674474887179447, 0.7094336134062946, 0.26815284688714114], [0.7297942484784974, 0.8643278544312415, 1.8722056796481146, 0.7571445851775728, 0.6474519086902113], [0.8960812481946566, 1.7387466049588085, 0.7978070633097992, 0.6617167330256949, 0.4604339638561747]]}}