{"ini": [0.8796208197953619, 0.2939797564140188, 1.908447869484554, 0.13479603142967642, 0.22980864271553825], "fin": [0.31377162345740667, 1.5058564752554964, 1.9849346619055972, 1.8332088748533504, 2.5464498963379176], "trans": {"a": [[1.2841469222261621, 2.317132613008928, 1.437032720913857, 0.7801279189275108, 1.1676576378985037], [0.05112404187677108, 2.3052437907304815, 1.5286302629101876, 2.029759449043532, 0.5164139031135112], [2.9024343396244157, 0.31909212826825434, 1.2036101112903088, 1.044909751125641, 0.4394666835392719], [0.5094658125390193, 1.121608132089282, 1.2304808765049893, 2.361919081303574, 0.2005147548886327], [1.1872132371750728, 0.698207210405649, 1.0915179616242965, 1.2877203662303374, 0.6728399214129135]], "b": [[0.5073179884140987, 1.407108393823949, 0.5332766968594929, 0.7844933982742929, 0.859216084209619], [2.592085336698838, 0.2653798748297404, 0.9641982739895643, 1.663924168655663, 0.7238877311607208], [1.144995097859919, 0.34953465356690766, 2.46302167961637, 1.3878779483979142, 0.356968621613978], [0.6188954736364237, 0.2877353429520191, 0.9253675618858314, 2.202526241443494, 0.5246028932946806], [0.9007235473675829, 0.6776260053633669, 2.097273929087668, 1.590599251756699, 0.29695405016940524]], "c": [[0.21712062126481427, 0.11849579918857676, 0.473252380681565, 0.39041943914725025, 0.5233084152651877], [0.1635344695664619, 0.6732110163963897, 1.0023099319494853, 0.79137979616785, 0.9712025514233036], [1.234224044852093, 0.7234246978297117, 0.8380093754655531, 0.3392705921296512, 1.1993935976031918], [1.248274486003594, 0.8614908992370772, 0.3219673469856847, 0.9086840965586095, 1.8639199946157337], [1.879258957308222, 2.0354840363531896, 2.579095672249627, 0.7038322804387519, 1.7114214322764598]], "d": [[0.07732187645772588, 2.4259933153404654, 0.709802075677912, 1.3824108131406099, 0.6121861082707055], [1.4726835142014283, 0.6290679818305726, 0.5272165282188328, 0.34801094007157174, 0.5219338841629285], [1.7152161593130382, 1.1804989868508229, 2.850108003381471, 0.7987013039498241, 1.0017555136545218], [1.6889912373192288, 0.6757524190786091, 1.3094176491399245, 0.20507409131581902, 1.372708239644258], [0.8696968134986857, 0.48840807810431136, 0.7039121667720221, 0.9953025464132356, 1.180764974119621]], "e": [[1.5563847564167648, 0.4819714053380021, 0.9010073388182798, 2.241419166066829, 1.5270761255493166], [0.8978532691375117, 0.3781228910339458, 0.8888295552825887, 2.018262736932742, 1.5131863150874423], [0.9063227023239667, 2.2925170178186844, 0.5680723597518109, 0.27476449842143275, 0.259593393722845], [0.7798139268938685, 3.6359941400967344, 1.0829298449681188, 2.658244445863655, 0.7933382607848439], [0.3678958795521331, 1.023353402024894, 0.11728538282935556, 0.07197713263571706, 1.1817230370382725]], "f": [[0.4536196916258053, 0.3616635344539226, 0.7941029701321193, 0.9567491678149866, 0.5867473138318279], [0.8122365636750222, 1.7517353325351581, 0.5484415806282277, 2.4878157825014897, 0.3347635491231426], [2.1191033027025425, 0.7161220092469198, 1.6954578788766348, 0.41643491474184674, 1.4596804132758208], [0.3737308199766446, 0.8342595226249426, 0.40313631513382153, 0.5334864561244402, 0.9835096860441094], [0.35015335891771737, 0.20861238012966762, 0.24832068113192382, 1.1871202480398466, 1.659144624373893]], "g": [[0.6921113954629683, 0.5469152597276907, 0.5545228624720622, 0.6450875645642932, 1.1166519504175603], [1.696728702050254, 0.18803694160874582, 0.8556188432211966, 1.4909241032364657, 0.9389634106750135], [0.6557545332570682, 1.6233507598802763, 0.9797723695769417, 0.5979216302251966, 1.506109085556618], [0.6675322499812646, 0.7284219674052151, 0.937035793968251, 0.8017074250744949, 2.001551998678051], [0.4300858267861557, 0.8186568005172831, 2.3715976299490826, 1.5069547422346217, 0.6566258537764085]], "h": [[2.120535886353368, 0.16339392032945696, 0.889952363010542, 1.3040009768605934, 1.1200875071002325], [1.9683030712039666, 0.8316142906193207, 0.5850159582463172, 1.606573311461255, 0.821798096716022], [0.6311052783270668, 1.1478426287915642, 0.9639481309827194, 2.1342222139532234, 0.8145820360962635], [1.5988542324631327, 0.33278136274555226, 1.5396416085240987, 2.9182411033074938, 0.9220119351327246], [1.0457428593616325, 0.16791397010902562, 0.37267635967413215, 1.6354660474361813, 0.6542643422126637]], "i": [[1.3093492034284402, 0.34920796104313084, 1.7599559030648515, 1.2468988482490762, 0.12949440658432862], [1.4032900286749612, 1.2639249772159875, 0.920548002229011, 0.8671987118410326, 0.6931420420357519], [0.2232685811318234, 0.5101555035512678, 0.5599090502416358, 1.5808625700085783, 1.5437404282379716], [0.7965470045512582, 1.491703476668812, 1.3005742421481294, 3.1746395018944877, 0.891452250128114], [1.0001349952783314, 0.6085746484104081, 0.9218167340547245, 1.5000692558670394, 0.9555126864522429]], "j": [[1.102336919987803, 0.16253730676054073, 0.49769559721267037, 0.47188544888914297, 2.1902682355719953], [1.0978344248336767, 0.6066167819723596, 0.29095387882040796, 1.2604454484249652, 0.7870154173536643], [1.2174934470528818, 1.005191009442967, 0.48342785978091635, 1.1105693703354031, 0.11423267503882599], [1.1614847143771985, 1.125051735375818, 0.7798249647328757, 0.6674230819994486, 0.21815442911380448], [0.4553183778704123, 1.249656056576769, 0.5661631118717189, 2.172607356009865, 1.2282196765986835]], "k": [[0.19262976742592655, 0.45879833215496574, 1.421390298554664, 0.6311301287514869, 0.17040770798177496], [0.38296246480825835, 1.659900044810937, 0.9332326491917741, 2.0947788318087825, 0.7892698409522253], [1.3370440779514645, 0.6355190778434905, 0.179524083790408, 1.1349445906145927, 1.5477842972524625], [0.9842692882333881, 1.2036447029911879, 0.46947793600714655, 0.8112986787384817, 1.1279261052786023], [0.9353897518920562, 0.9099965658976132, 0.6023919821639105, 0.4322234860159601, 0.5722222871819492]], "l": [[1.7396305695852732, 0.416996138222874, 0.3070031736825586, 1.0955028796915163, 0.7962365735662253], [0.6709919714661606, 1.9724947752314468, 0.6605261045606241, 0.37059198508981317, 0.11740139522548661], [1.4108629840264346, 2.121173360234182, 1.2257912422753017, 0.02251852501371506, 0.7209261807267315], [0.5317203271742236, 0.3547152710649017, 0.727526397689268, 0.8750141319106963, 0.34743317369956506], [0.9127009973181127, 1.0162142367509204, 0.45253310693078236, 1.7622401068302023, 0.7061071232178305]], "m": [[0.5247897436143111, 1.6317919230197089, 1.7005833283910503, 0.7567340316642923, 0.9146944530564737], [0.7748833654576658, 0.514678153817164, 0.1705759001501669, 0.2691700690038681, 0.2098217914453957], [1.7638746915854586, 0.0537525446093069, 1.2161307599565319, 0.586375624660641, 1.467242915649471], [0.5880260222422058, 0.23745066181489513, 0.5409226858409327, 0.10961677632758268, 0.36848255372534283], [1.6937675271875139, 0.28618902998094853, 0.7299751110577571, 1.1943871723972863, 3.4863049391213647]], "n": [[1.9772512406164533, 1.2014341845925316, 0.6523143356766761, 1.2155718407162017, 0.7710889007913106], [0.3644900914442575, 1.7113913230784077, 1.276053415334423, 0.6553553187579297, 0.841296043351501], [0.7111176017266406, 0.4611704656034299, 0.71331361764324, 0.51043404579217, 1.6868757694715435], [0.7616797087655279, 0.7891934211733161, 0.6047827824826898, 0.6504366396450214, 1.0753363914128575], [0.6809126353229094, 1.1231569697724042, 0.1451084677234947, 0.42001340923437597, 0.37738785432440924]], "o": [[0.18522605927696706, 1.1253621766633413, 2.903647369623904, 0.5117408857397032, 0.8189909754493201], [3.2845520974961793, 0.8948928000611475, 0.577585215551728, 0.9051405731323544, 1.5215141181279044], [1.3825142262636478, 1.96919955857352, 0.19525195455426397, 0.3415516826378046, 1.051386240932968], [2.112605247578542, 1.0974925167201532, 0.7412249805951582, 0.10174656605557357, 1.3177170345694624], [0.7557150114055698, 0.9937108674029912, 0.34881545949103565, 2.1478204942494012, 0.7758830398218078]]}}