{"ini": [0.9493915367459059, 1.433862353314333, 2.7879745851379263, 0.9539694306745167, 1.407599886367692], "fin": [0.6421687294099971, 1.2747624688230927, 1.5233958627265256, 0.12356514156407829, 0.862569526270016], "trans": {"a": [[0.3268987880646516, 0.33413189030700574, 1.211819417487074, 1.3410403033569998, 0.1390601490403988], [1.6103551868736163, 0.6379579926663884, 0.8904559792025681, 1.8745198043206122, 1.671208601151034], [0.3442573927419262, 0.6874613605287526, 1.6990648591067914, 0.2805948057422646, 0.6530527158028515], [0.8321264575567671, 0.5905162413388756, 0.40342491427441446, 0.4862291657703774, 0.1400901985499908], [2.2762717828034, 0.2734781948387986, 0.5457553701992434, 1.7190398528634498, 1.653102227324544]], "b": [[1.1853690674949144, 2.5554475574633413, 2.196468662611715, 1.4540985627677507, 1.0404305804354799], [3.1456276848438165, 0.8442450758069419, 0.9176929246470305, 1.6049357775824067, 1.9397899237620817], [0.570549132642373, 0.8440992834473651, 0.6384741791482517, 0.2142554034471304, 1.3388412843432878], [0.9699995074038319, 0.5100760897835215, 0.6721043936530542, 0.4943812991408966, 0.8771933470553808], [0.8929525988988384, 0.6119719689971844, 0.159368969752045, 1.689629018642003, 1.9842460849510561]], "c": [[1.3118176591569397, 2.4442330309581863, 0.2552403495612746, 1.405600954989622, 1.012127796059246], [0.6903747581798415, 1.1497172780464326, 0.523864484348049, 0.8402861631327965, 1.5508655615622684], [2.999278716682674, 0.800380840780882, 1.5804643832089345, 1.8109114906856565, 1.6530972185302533], [0.32155756939109126, 0.25361878862207804, 1.0315088337515796, 1.3639103298499802, 0.9486671657105188], [0.8980383939034955, 0.48861160815548527, 0.2920133243395872, 0.9563195866197466, 1.1710754766623312]], "d": [[1.720600257921383, 1.217521263572982, 1.7671745838794906, 0.845184298986309, 1.0693106967230064], [0.5027068789558832, 1.6635357299606572, 0.29341016961548944, 0.7208377172832185, 0.7783027571428812], [0.316007902458411, 0.7307953163599473, 2.3248764076546293, 0.7174273971380589, 1.3078965100251994], [1.4145704148106173, 1.6707237320622579, 0.382525616842603, 1.2164226995218397, 0.7365450627238638], [1.585289363094784, 0.7290013151150696, 0.35421368538597137, 1.2677723980296554, 0.2852044805022835]], "e": [[1.2756301125067797, 0.7818995844460359, 0.6865519127889412, 2.022907956378603, 0.9460817404294716], [0.8661213583766851, 1.43826830036283, 1.1107143388925096, 0.9467304669138529, 0.6830477711166382], [1.0381069327895842, 0.8694963160045964, 0.488837731944382, 1.140605928050714, 0.4899676599535779], [0.4557377995884734, 0.0938727485786474, 0.5626650644137485, 0.6402440609459041, 0.7151539495421091], [0.655726968785781, 3.420239161713423, 0.21479720081945944, 1.4650232026321421, 0.897545928798343]], "f": [[0.4506689544542178, 1.0279306138818383, 0.9903910196828977, 0.8245213793116551, 1.168276070572885], [0.5347726955690194, 1.6452248976620674, 0.4333254170264215, 0.773837422673017, 0.7188157980500216], [0.20736271088605432, 2.0037444835335334, 1.0779378810258193, 1.995634623093273, 1.3648889946789589], [0.6502371347955195, 1.07746640555416, 1.1659481340782003, 0.5981589061655944, 0.20529097814215339], [0.5188292752246595, 0.44594023268960165, 1.2516558436161915, 0.46341676122944736, 1.5359498734723795]], "g": [[0.5344662223496877, 0.37278945735512736, 0.23699197075977846, 0.12127778782490653, 0.8455793964135383], [1.0535092449864922, 2.04667831087955, 0.769082383123044, 2.4789637479638515, 1.124438957968487], [0.15685808861462247, 1.44825777169533, 2.0799840488602617, 1.754103842771854, 0.3371111818012841], [0.8337901045802278, 0.8813201119956499, 0.39688638101506435, 1.518960131211162, 3.8778113831008487], [0.418067176174475, 0.6433652960205742, 0.1312946088598761, 1.178186129619652, 1.0863575715467675]], "h": [[1.2737468156310783, 0.8312238928737452, 0.701887836558122, 0.14738808694922595, 0.16448862747278675], [0.3503773118306364, 2.0367910212770513, 2.0811604837395317, 1.5394279624933598, 0.48826394432324977], [0.44143243450852404, 0.38311779822898445, 0.3444526986360632, 0.34129372777051914, 1.0405350463213368], [1.2312988031127579, 1.236824569367023, 0.31804852679506723, 0.9056664827371596, 0.842753939062471], [0.8019336864219023, 0.954037452869548, 0.10070602846636995, 3.162323584131303, 0.49706143565915933]], "i": [[0.4930262645714428, 1.4178537503990316, 0.9509520873610396, 0.3765486410722141, 0.4903240642465711], [0.9178823898621591, 2.2507707839666478, 0.726104445642804, 1.344728160657813, 0.4886456268096412], [1.04504361124922, 0.4205081006440619, 1.2243384900832952, 0.9556596956239232, 1.4222604545472348], [0.4677058670520084, 0.5197806716029792, 1.3503763392862882, 0.31632184136651215, 0.41364531781608016], [0.30108026651732106, 1.2954521567613997, 1.0798426199991984, 0.2572683649203465, 1.056958154186849]], "j": [[0.743333948020701, 2.381409124755407, 0.9197195275690919, 0.7337247898573585, 1.598741391482549], [1.2958863524926922, 0.22272779033828682, 1.240152896485585, 0.6266971105647545, 0.24546257756550058], [0.676793962954666, 0.8971858706600677, 0.36729896394709005, 3.7430469017125687, 1.4369215981251575], [0.5791605992388109, 0.43781797621446733, 1.8701543286918032, 0.034968424627601705, 1.339242319844983], [1.1186576257284968, 0.4237246633049152, 0.6102742713715981, 0.8380921411561195, 1.3400296475502917]], "k": [[0.2531018260027419, 0.17335276274556458, 1.4641682981714346, 1.7104504653633457, 1.5531044474383087], [0.8486737504891084, 0.2527222697077817, 2.637434944922367, 0.6115416851413166, 0.9214045252760061], [0.20843202782332404, 1.075116426541208, 0.6844350794362345, 1.0354709845978058, 1.2179726813100946], [2.37153196055313, 0.590601709719481, 1.0570273548967692, 0.2639382203630715, 1.9267934548559729], [0.2530696518367092, 0.9707721055094469, 0.14563070409806358, 1.211727355554364, 0.08604965595623049]], "l": [[0.24944948519383628, 0.6209946209018612, 0.7318554598255488, 0.6826643396972149, 0.665052172494025], [1.5358672003173355, 1.0557632655572433, 0.9356615601647138, 0.8134699385635588, 0.8982343296840017], [1.1150595309319857, 2.87498579500732, 0.3716442448477247, 1.2710381790268466, 2.0222452795509245], [0.5362330842978396, 0.11131923936104368, 0.4579962802729276, 0.619645704245571, 0.29465028598456966], [0.8842744729613408, 1.7165272646610206, 1.756563765623976, 1.2621783993542546, 1.3181842005446596]], "m": [[1.6025675555533672, 0.43309331797565237, 0.2855056182486484, 0.8908106957862452, 0.972648365573998], [1.332016713259428, 0.7650600796739023, 0.41512549576416446, 0.5872758178776026, 1.5769926944619834], [0.8485815402279695, 0.6788318272149715, 0.6876926056720664, 1.1694996917929856, 3.1227336285523246], [0.3696810208441329, 1.1781628211728883, 0.9439010835760278, 0.10603332325381808, 1.2190504821470054], [0.8709449625727447, 1.3445639356119552, 1.4418950683924485, 1.4498904648867157, 0.4359087482683313]], "n": [[1.4751307364694983, 1.2541526740276492, 0.3427657831006465, 0.7488614583755342, 2.736336340075393], [0.5416099242180246, 0.4249842331306438, 0.17296139883450914, 1.2410600243700323, 0.5861602953200195], [1.6943379503809657, 0.3023135887635794, 1.0127920555550742, 0.4543414043976904, 0.14209028704814644], [1.2407536240341557, 1.1763219065021153, 0.2242778717276293, 0.7567492735154872, 1.6578950256566745], [1.052612865371599, 1.4098338268399033, 0.4293471887347798, 0.722212764971459, 0.17571957271593883]], "o": [[0.5825154989406346, 1.0941943360336102, 2.020066091900198, 0.46237964422824085, 1.6487081217298636], [0.43705635117916586, 0.1360536832520266, 0.301680645411488, 2.2123260635682027, 0.377214308356825], [1.3540535497348103, 0.3363312735622808, 0.6313334776936128, 0.8095306492177782, 0.3494655404979715], [1.2619611189731785, 0.15301816084381084, 0.4072549055971624, 2.1159448967467873, 0.692474514451542], [0.6104627182450695, 0.7690163312357798, 1.3629709393507736, 1.8522610959645807, 0.9458625213457458]],