{"ini": [0.6716284081569633, 0.7514846760256515, 1.2160822017841675, 0.9636724865641138, 0.345213663537959], "fin": [0.687334273210472, 0.7897407942955036, 0.278110291708969, 0.5820047450011584, 0.5439129617135334], "trans": {"a": [[1.3146502647797886, 1.2957223642748081, 0.4193690569839012, 1.477388484914873, 0.5616527031994097], [0.45316613018569635, 1.3330709604221456, 0.2667430899611195, 0.32807769556936256, 1.1437518362472467], [0.7577606940613522, 1.0641823413815044, 2.8438552939393915, 0.4491119851189864, 1.5365571825601094], [0.8004224101591239, 0.4715658701890618, 0.5294264264688882, 0.684627337532282, 0.7213789128154058], [1.2242391453829125, 1.9167514397019612, 0.840094516434252, 0.06639031173823312, 1.2432997719117465]], "b": [[0.6930137999333265, 0.7763642731032745, 0.6773314169561587, 1.551555578766216, 0.7004592691502779], [0.27441501639003213, 0.5879990480387064, 0.5141461266913376, 0.07358714627771575, 0.7322178827231574], [1.7396927239276327, 0.33751453241931395, 0.6756639284999909, 1.0403938606929017, 1.4724274112185018], [0.9040884685872951, 0.7564958721425086, 0.4763092503444212, 0.5476507673377317, 1.6611525483067349], [1.8119051640893455, 1.3925346111827506, 0.9300962187912681, 0.4810249968537355, 0.9795482343318572]], "c": [[0.830540106460058, 0.3111708590159991, 0.6747874938626868, 1.9404132364599678, 1.0492683048959548], [1.3011880313954909, 0.5120414121095824, 0.440167169984787, 2.273663278866434, 0.09461261337099153], [0.5471936858268075, 1.17706041102009, 0.5327638930192391, 1.1949846436822316, 1.1432167245257536], [0.3512761398965809, 2.174425115557851, 0.6523273711188072, 1.0565174100399581, 1.5300958966970315], [0.6250718965917735, 1.4558773102856695, 0.8254931704136858, 0.478473470089565, 0.19921502882015577]], "d": [[1.6717176662646116, 0.657759863398478, 1.386541996762835, 0.05910783164353061, 1.149061189237505], [2.3297234642365425, 1.0823846789089253, 1.131299365979616, 1.6957799752347684, 1.0828568800470415], [0.5827632982821955, 1.1380786390947444, 1.640461858660112, 0.248590369876322, 0.606837438801496], [1.4868466755759366, 0.629274637075411, 0.3199849220468485, 0.7323658116523217, 0.7523358143766502], [1.0985107581585882, 0.2948835310438447, 1.3714706021550789, 1.1578633630978572, 0.6793865569165308]], "e": [[1.5500393626114157, 1.2165719904668064, 0.18462535693221444, 0.08460593818399795, 0.033683662030717744], [0.2688673444205332, 2.705257151804719, 0.6809167953970316, 1.1806612947640944, 0.24378158802089], [0.18641211178940184, 1.1171413586765213, 0.47882529705449256, 0.738983416344373, 1.2056483669188265], [0.609433672366597, 2.1941495084947356, 0.4358072374945787, 0.764815293395674, 0.28513572106929025], [1.511060693250946, 2.310763594882406, 0.5218142318681815, 1.0184702830925987, 0.8064115694397689]], "f": [[1.2084439259777275, 0.5415966766067719, 1.318289311130303, 0.75332296701948, 0.9654236628298098], [1.1229941548367592, 0.7971145731337014, 0.9195607532677202, 1.1731561161320292, 1.8057815576157326], [0.8119061229337016, 0.09962983525521259, 0.592712799982296, 0.7015162193194665, 1.2763381259425721], [0.21748593638428923, 0.9370498851624178, 0.8554902848768502, 0.14179293023075798, 3.264369616521738], [1.056506302283947, 0.28475435056874715, 0.5495305569209649, 1.2734343168910576, 0.5396745192463355]], "g": [[1.618677670057882, 0.4893808860907703, 1.798506897449251, 0.0983570290277384, 0.9489922867877963], [1.2650381450545543, 0.653397369674216, 0.9354933620605745, 0.19756772581338206, 0.9686158094851487], [0.3283758578966071, 0.2479633621023258, 0.5429967460807712, 0.6379841206271085, 2.8775571793203105], [2.214619531103847, 1.5547235344105974, 0.2586649926071206, 0.20799674550302477, 0.8508687654345262], [0.07291223729725951, 0.5634004966669258, 2.0034974236223264, 0.984285309678416, 1.0292953629774022]], "h": [[1.365669350989831, 2.4668315716667175, 2.1037814616477175, 0.963988651960963, 0.643674204034136], [0.7322091060271607, 0.05611504536364424, 0.3245601965990535, 0.330620923974583, 1.7854304812523762], [1.2949887707341685, 0.748722375490821, 0.7856718466534074, 1.5776070394261923, 1.13050765641895], [1.4112632671949499, 2.6209952125843716, 0.31819186602055444, 1.2337819771038612, 1.4790052098055555], [1.5137997492445472, 0.9367932531125173, 1.4732788912149004, 0.3165226233426011, 2.4256915589930013]], "i": [[1.0538538473165613, 0.7426518685240745, 1.0568942610818886, 1.0407188038373814, 0.19017966427676564], [0.7965666807055897, 1.1322957412268255, 1.7807941678304067, 0.43717740577341857, 1.2604661893244524], [0.835671345105943, 1.2723156816952927, 0.5258415745773025, 0.3853665678184121, 0.39004812284277746], [0.12500558430129574, 0.18438762144509036, 1.6153524110917852, 0.7693881860268846, 0.7544353440797857], [0.8947596327848644, 0.34472740112161915, 1.744580555240136, 0.6172066796523843, 1.4727080948795381]], "j": [[0.18351508905423605, 0.3858604052233404, 0.8750421729365295, 1.4330190307379862, 1.17256510662714], [1.5887289476918445, 1.8085548924040293, 0.5282960809113773, 0.22884170927691055, 0.43116652490727364], [0.7078625280160693, 0.7558018623774542, 0.4904352748272866, 1.4061496490994294, 2.5903895488630106], [3.0204813392696237, 0.5410665624963066, 1.2635957395082615, 2.965658138851839, 0.3040855452499014], [2.1913144563703084, 0.18775077242475458, 0.3030805608993621, 0.8716209398304733, 2.9733241105918906]], "k": [[3.4192443410573654, 0.8397904999658251, 0.1731867564695285, 1.9722194947845961, 2.255127302879973], [1.4277474496570473, 1.0665999136824496, 1.003692797301987, 1.1603126545134053, 1.4720677248908611], [1.7206781920097112, 0.43865953903034327, 0.9277579088180643, 0.3756583241778703, 0.9985486378523802], [0.795365803392776, 0.3685957736260523, 2.2097285960360464, 1.3796193759669884, 1.957093806243243], [0.14399097700120783, 0.052970147425521454, 1.7850424332418833, 0.9175839834472799, 0.2550481054209119]], "l": [[2.2091176572061313, 2.4873257970407003, 0.8575680020509523, 1.3565422776050688, 0.7886122660194126], [0.3838882913122941, 0.8066143993734225, 0.6735931246468889, 0.7121949952353184, 0.7564093258451209], [0.7434078337439718, 0.17012105922715176, 0.31289883129558993, 1.1509561055413584, 1.249863752580608], [0.92584129323096, 1.486382892632956, 0.15957855075627572, 0.6131199680969567, 0.9819319466183176], [0.28909700821171636, 1.4162601516183997, 1.0433239695625571, 0.11086130009395168, 1.0747631601718728]], "m": [[2.041955815179351, 0.3573802816644974, 0.5746622477137286, 0.24651970434760803, 0.579276475134586], [0.6132527856161317, 0.510727992972007, 1.0539876180402097, 1.087146353697611, 1.6667597285960671], [1.5595358679665061, 0.1469051737014912, 1.1546496174764944, 0.3947244063665122, 2.1533289328255054], [0.589267229556922, 1.4858020216590204, 0.496269590938653, 1.181743601482145, 1.0719896715200952], [0.3844248463293674, 1.8674671748397236, 1.334149417359065, 1.8266301168321146, 0.028114067953506634]], "n": [[4.113047464719124, 1.1241493734421115, 1.65825610696336, 1.8170279552369266, 1.4118412613080233], [1.372763279569537, 1.4253647879265061, 2.1116878650765614, 1.603176405199007, 0.1384363027897882], [1.644245032512967, 0.68694357478942, 0.6874866211290755, 0.4856645795030692, 0.19069377743320678], [0.3160078506021232, 0.923925672295521, 0.25315609155001606, 1.266925781046452, 0.8617165977790664], [0.5176916739957825, 0.6929270633036221, 0.2279985155485141, 1.1190772104599005, 1.6115046162164626]], "o": [[1.9469637029243185, 1.4826592594987473, 0.8061477146876543, 1.7208116070025534, 0.8374379197783931], [1.7537799768110172, 0.30607480498898654, 0.7424176011438303, 1.7245382797449058, 2.002221408713314], [0.8421237164395645, 0.9816600367053637, 0.5572838274666966, 0.40037594532689164, 1.7540473993669345], [0.5077265533611997, 0.6547151542743597, 0.31559819237530057, 0.05200586437482133, 0.4453754910245971], [0.6742897438828983, 0.8476495585829652, 0.4733791373037464, 0.47635694227691344, 0.8834310295103975]],