{"ini": [1.2434118717384333, 0.9953426245530155, 0.7550392890744441, 0.5317556713947089, 1.594136569818915], "fin": [1.1272856825488216, 0.7208604237201744, 0.34012357871694615, 0.8656919363978093, 0.2510801369536982], "trans": {"a": [[1.1603366191721045, 1.0310537234018236, 2.171008982579345, 1.0058557492354334, 0.30250322113981404], [1.2763450804317538, 0.8558710223289034, 1.5230166551702757, 4.005045559741373, 0.9295081420140565], [1.5503085564152665, 0.2691789550380119, 0.20156749962251785, 1.1071004975295549, 1.3139064858300078], [1.3341784792521643, 1.7098552688757915, 0.6655973822308286, 0.36752772753919466, 1.1448244712751812], [0.7590617119530615, 0.22304413751331165, 0.3878636276108921, 1.6392312472117672, 0.5424436006165402]], "b": [[0.8294189591885809, 1.7954826055419024, 1.4137082199138626, 0.077039275411918, 0.6129310388176639], [0.5348059786994295, 0.9828827226443375, 0.5961463483589144, 1.0557952760628995, 3.0564508099755927], [0.7327187273433862, 1.1899965170953806, 2.420593228182308, 0.3395266423955127, 1.6039041597826962], [0.2886573460750271, 1.6052078266097658, 0.7090668498055024, 1.524397082181048, 0.7405470820122001], [0.7145626909191974, 0.5570587605437298, 1.143679266135705, 0.5620852312432217, 3.429812056573561]], "c": [[1.0295625555216967, 0.48014207876577963, 1.5322015698420453, 2.41686145132419, 2.009220872688267], [1.0679785209211186, 0.19535684323596517, 1.719425809926573, 1.8335031810794533, 0.517099213477937], [0.580432564111324, 1.5531890575213296, 0.6738190348823085, 0.2059258921476709, 0.12353332457333435], [1.3153209782716277, 0.8418970083220255, 1.8382698054759599, 0.6978419856971458, 0.387204477804693], [0.6166230179682263, 0.15086892132953098, 1.0658129936936627, 0.5457619568711052, 0.9939015747446628]], "d": [[1.2781250375030022, 0.6722306045499352, 0.7471043507691872, 1.0070673875473044, 1.1013092462659566], [0.5403740746763628, 0.9896334229977035, 1.3785637178885661, 0.8669347996910572, 0.5877985437669084], [1.4240492483334475, 1.264892810740048, 0.93216993657974, 1.0287300285212935, 0.33882754543379084], [0.7674854567598316, 0.5654121265761854, 1.2218817914462108, 0.43765526688903456, 3.127585811054314], [0.5544649882921497, 0.487973698830038, 0.7079560059889668, 2.3234906732897738, 0.3554924070059143]], "e": [[0.6139165945784711, 0.5831053945675595, 1.861301062510901, 0.5971554631747747, 0.10089091185194601], [0.6422516736375438, 1.025355881858448, 2.317022711619241, 0.43566519801549763, 0.7017690517261433], [1.8901178225118787, 1.3638930300039342, 1.3480900442225767, 1.7662288320600703, 1.4796811099903138], [2.291553370026974, 1.0426379109949886, 2.550424927738417, 0.5542623634441762, 1.2515757357324018], [0.35363562312462143, 0.6259904581686776, 1.314954051244097, 1.5283588119144385, 1.203555466236896]]}}