{"ini": [0.9367449946727177, 1.2908323573386684, 1.7498432725679034, 1.6516504370104657, 1.6138337669487173, 1.4648504739906734, 1.9532336577572555, 0.6092745653175011, 0.3141825548120775, 1.7953951378829136], "fin": [0.6150474067423535, 0.7239323780559928, 0.6943896219308697, 0.6840815719291176, 1.0389490519264943, 2.8549284706117417, 0.6029458557408379, 0.47477554664949406, 1.7147793239193898, 0.3865166134799041], "trans": {"a": [[1.8870826455377643, 0.870380586978344, 0.6386746884602658, 1.3256433922876212, 0.3294603530029698, 3.2776258403642937, 0.20450350194900058, 0.3653466704987793, 0.5572210438644005, 0.8009854809186339], [0.6170226244239846, 0.9076912566413453, 0.8772586859790537, 0.14811667230565415, 2.0144932295837, 0.9070419909577847, 0.8737359472768296, 0.9923997103778872, 0.7183970267007794, 0.39271916766787923], [1.7313046920934592, 0.560378246782031, 0.16072863254064157, 0.6623981577130862, 1.0800960652239802, 0.8351207311800124, 0.6606696623093954, 3.2008574732531057, 0.30164761973475507, 0.7622968869458385], [0.8980788967654898, 1.4151785833130524, 0.6024135651811313, 0.5831855786691021, 1.284312448829905, 1.5988838606539433, 0.7610450705031595, 0.752241056764159, 1.7175801651259253, 2.270371611972857], [0.9627718208032682, 0.32501048490782736, 0.46216754717787295, 0.986426459580374, 0.6090287139901748, 2.4994748856881124, 0.45690479677636175, 2.101003794230609, 0.21650221250921253, 0.37081053855149004], [0.5189881366324394, 0.7915492997656756, 1.2253838247809323, 0.3442142259266964, 0.35747505835823123, 1.3526439592981, 1.3918752134196641, 0.09816233883608422, 1.0257963404192578, 1.3853409720430534], [0.840012000806237, 1.4572902141433384, 1.235526315153168, 0.7726881358239847, 0.43899517208318356, 0.2762215536312963, 1.5956811028257312, 0.4915620870226211, 0.25333814930391313, 0.2720370768406164], [0.4945755306436353, 1.4834965372242312, 0.812117653967805, 0.09049997195288775, 0.7663473413614762, 2.6563307262921723, 3.3809379160046333, 0.20864283660240296, 0.4940692975319546, 0.7123288478130636], [1.3436916542105146, 1.1985136289841078, 1.040713966917694, 0.9601629930681757, 0.2829008227114626, 1.083106260331955, 0.8416537957534592, 0.9172237059923338, 1.7839452069159598, 1.1820673993000856], [0.8995844994084325, 1.4571786081660816, 0.8602852521810311, 0.7010753544461336, 2.546987209559548, 3.063262918667355, 1.5693288561959926, 1.0812924570889348, 0.3970437406269921, 0.5301391555300506]], "b": [[0.07853406762474455, 0.21070363563585243, 0.8399865135920175, 1.1668175627714024, 0.26316404875391214, 2.8708941424000165, 0.9401537077458365, 1.8823691063973567, 1.2431754420021446, 0.0890866202162649], [0.5456989054287802, 1.4518114492905014, 0.0393494752065663, 0.644357042589022, 0.7594553686530713, 0.832192152109813, 0.7035261860237209, 0.5935779296439083, 1.0970570440090075, 0.5211238567003919], [1.009577992414032, 0.4802062548838834, 0.8544127465578993, 1.0956087196200535, 2.702090201015489, 0.6585744949707765, 0.8705556793728019, 0.4237817480726301, 0.15537807981115243, 1.387059467199426], [1.822563589418574, 3.2047101573609322, 0.7044805203258407, 0.09846217863077726, 0.32634843859226736, 0.5156509625158597, 0.6762248285548104, 1.1826890990851544, 0.46486007746855307, 0.2620701382553605], [0.38272319151602474, 0.5644856395376175, 2.495895439361235, 0.3791105430747837, 1.9836133422801459, 0.31707610386872526, 0.5129988381181692, 0.3876888990243919, 0.04677315855770972, 0.5663245923870736], [0.6415832756643949, 1.1839665120906526, 1.5420064438481316, 1.1493547604702394, 1.0343233004920382, 2.2558437698488034, 0.8133113467148436, 1.4095263266571365, 0.768295420365896, 1.9059088825317172], [2.2297560042095106, 0.7120701188461477, 0.3154961820871887, 0.9615511106627302, 2.2120335619327753, 0.4364293425797881, 1.4905044336299371, 0.24056542630369837, 0.3820487247135747, 0.6179504618082211], [0.6435741003860193, 0.011660365680165643, 0.9808939752078671, 0.18827790223389856, 0.48178962399236247, 1.1997079073530816, 0.8737609800929291, 0.1631259831451756, 0.46912237355771713, 1.6182336919310245], [3.6993781878525196, 1.038066017710368, 1.3028051475739575, 0.572896893219375, 0.8104473088068236, 0.3197383362048525, 1.5446092652506802, 0.35882860558284474, 0.8058628200722542, 2.5963577443818906], [0.8138676846271075, 2.4621603404297128, 0.37341334494331213, 0.718239738443775, 0.8707156667974936, 0.9626699706370212, 1.1456440599140123, 1.4689164038681233, 0.43094287696492817, 0.829200651013724]], "c": [[0.22159681072742396, 0.25201849167438417, 0.7237490595780709, 0.5062436045118708, 1.0866742043240059, 0.7436698310505736, 0.3796325432453356, 0.17989607507887198, 1.5118586522675421, 1.045393480380608], [0.783956407261404, 0.12494073812583674, 0.6579693340084593, 1.9324012798360812, 0.63878927551907, 2.219051200704526, 1.0869879580940538, 0.6783975115643531, 0.5262512822650646, 0.40349612387022527], [0.8593303780185704, 1.3793369492963286, 0.5715351264880646, 0.4902851902423558, 0.4263395500533173, 1.0762055143601255, 0.16670260082514746, 1.903602635038003, 0.736275036766958, 0.27934998641911507], [0.2586199579300968, 0.324094258098877, 0.4475421882560112, 1.468000520259994, 0.7135316315031611, 2.412851759975888, 0.6895108404765197, 0.4750615430327147, 0.4091530903574124, 0.8369600425583339], [0.8897477885164151, 2.1776526766233344, 0.9505706133382804, 0.6713392938324589, 0.6603801656826103, 0.9977379181722879, 2.0760218889041755, 1.3141854476789674, 0.38302308550589603, 0.8680317300321083], [0.3241606694991863, 0.43582701242741756, 0.31403713937435423, 1.233073975832931, 0.8576726810957958, 2.029378382848769, 1.5959604688689157, 0.684585579309967, 1.9108292555056947, 1.1928636212639951], [0.5420288237185309, 1.3762979741484775, 0.7040562497308566, 1.0098250893293124, 0.8671440846631067, 2.555635626142184, 0.5929885652038382, 1.6719241607672073, 0.5502986667378907, 0.33023613891001824], [1.9287547417516657, 2.173296085174923, 2.812856453992425, 0.7873946561282129, 1.3179961087338932, 0.5052266514223419, 0.441240834117932, 1.482948533457785, 0.2147210230275816, 0.49947403199020357], [1.3907805732914282, 2.585546745593934, 0.3427016121605611, 1.0460562514423553, 0.4524965990242084, 2.071766327077908, 2.178818877977621, 0.15937517051782876, 0.13550236133862176, 1.0773442286506045], [1.4302118040104086, 0.5552632039381599, 0.25706818966692424, 0.9792358023793596, 0.14529275637288713, 0.4174289411423952, 0.24757527447311875, 3.951479035897007, 0.8698137959576729, 0.790404705860999]],