{"ini": [0.6002694167626362, 1.9219763141504862, 1.0639507380230815, 0.824801219845227, 1.928830297687538], "fin": [1.0233755387990815, 0.45308498338386904, 0.03967876809750156, 0.5587027462268277, 1.4814094933810542], "trans": {"a": [[0.20442661854755945, 1.4810549270288846, 1.6666939187104943, 1.1397775287285365, 0.3865742354516053], [0.32632539760471363, 0.3397546887192968, 0.2815931287861034, 0.4520550513261105, 0.2785174751442368], [0.47238712057146187, 0.21687869091446918, 0.8616088356955661, 0.8136451558601295, 0.6762491019224116], [1.3038404428883839, 2.3760659121119247, 0.3648322708627745, 1.626381797750744, 1.687154332727988], [0.3022916743275383, 0.8639551614315024, 0.8543927677543433, 0.4015877398574904, 1.4267638609706528]], "b": [[1.0715691267165017, 1.084416114180102, 0.9839099480451693, 0.5118742948898989, 0.3081154414123048], [1.145374825792924, 0.417985651750489, 0.39268992487234017, 0.9901924938300737, 0.6630384085902467], [0.6326132798616151, 1.12592040388951, 0.9335137167919502, 1.075178463737396, 1.25229420162955], [0.8322888568635537, 1.570941097378752, 0.6239770701749469, 0.5396834462741156, 1.7810893089103508], [0.41238817502877745, 0.39587829245477474, 0.5247006345100085, 1.784361398004322, 0.5567229167210885]], "c": [[0.8926962313749484, 0.4625171093874169, 1.9043977014929414, 1.9749061017657286, 0.7539293451878164], [0.32883870313715613, 1.1709125108962501, 1.4543150565752627, 0.7701374994438965, 0.6830977634124937], [2.1172080336125023, 0.16049802037920777, 0.6384889271150235, 0.9190475553397565, 1.0594538924627628], [2.4975168805732957, 0.3768840912663173, 0.21008389454818033, 4.9307938567798075, 0.3546698620646699], [2.2910608054372896, 0.1686468607428428, 0.4140166646702345, 0.32108889396459944, 1.221596215633364]], "d": [[0.626704164784361, 1.495650822607719, 0.4824640550428226, 1.6999432662214502, 0.45362592579073086], [1.4807756868801534, 1.690965018119682, 1.0663094909067516, 0.5574352722753748, 0.6599731759361976], [1.3015371535974292, 2.7171022570301058, 0.1065524778151932, 0.926281430833023, 1.511739500485126], [0.6018701368683231, 0.9654783943343437, 0.5636127449640292, 0.6005206475700213, 3.409028634864217], [0.791506254282597, 0.6455478716803041, 0.9518216766440456, 1.6565834031378024, 0.9833657530471429]], "e": [[0.9711224352880184, 0.5111502913780352, 0.3759656617017289, 0.8068663878110761, 0.24365713006347337], [0.9914533295948346, 3.0324624121868404, 0.572841680321081, 0.396640649263271, 0.5268424859519912], [0.7407479308088418, 0.8974989629292415, 0.29668311404873354, 1.7047325507058035, 1.8412195814649646], [1.6178828422099165, 0.4330111582836782, 0.4244378222828683, 0.48863802285932245, 0.8806265721944229], [1.7113381093470137, 0.1257510582621055, 1.487107395267199, 0.7198692220038881, 0.5778544501702154]], "f": [[1.2865347385460868, 0.8843310156528299, 0.7411954883743237, 0.9159457916063206, 0.37708872835815405], [0.07763456090333218, 0.8258336298703456, 1.3609887911873677, 0.9191221288897735, 1.802406151934765], [2.129471732861507, 0.8498804659195341, 0.5475134103774736, 0.24483838872639663, 1.0714440670862933], [1.4194626769814531, 0.538885749342065, 1.4346840001208498, 1.5868138813308346, 1.5285140629410474], [0.9032315067550292, 1.2143839640696659, 0.6214483428664067, 0.9695513602350666, 1.2103312448621348]], "g": [[0.975754425395727, 0.7136304369510842, 0.6947915000730001, 1.2304835251503614, 0.907863141062809], [2.378674860534899, 0.8237644730786445, 1.458030583870601, 1.4890413918915502, 0.9003030693319747], [1.0694684491951576, 0.4048676242365418, 0.2606841378962279, 0.30755136385057374, 0.29029480087842435], [1.5808788391546909, 1.2316275760327997, 0.45452194275233, 0.3087991660417907, 0.4477627123286867], [0.47250028552816065, 0.2932922634131271, 0.1638371309834712, 1.2499161860491068, 0.3930874644005332]], "h": [[0.9698462368416096, 0.9559743732910481, 0.887633985539136, 0.7834239692804268, 0.8310920842213374], [0.5815589106674153, 0.35452617711403717, 1.4593288272823732, 0.5851492547086441, 0.6661619075836605], [0.05505875982010154, 0.10548432918044219, 0.9540929096075546, 1.6621027376048956, 0.9031537573394027], [0.26892088458569496, 0.7074785719278547, 0.3659956923438832, 1.514558706509318, 0.9561182192895912], [1.2550914244941844, 1.1226968758278502, 2.088013820138348, 1.6601380143467401, 1.1477472420878638]], "i": [[0.1452714259853005, 0.7838830893796296, 0.6611265165864331, 0.6547995202709846, 1.5073772922641102], [1.322619968660905, 0.5801994134325356, 1.0190890599964828, 1.621003050669051, 1.4157827479113247], [0.36943618055744687, 0.2441110073293303, 1.1434098969129485, 1.38733872003253, 1.4082793136833252], [1.2186793714719948, 0.769479924320546, 0.7476697238823209, 0.7321381899347125, 1.7158034288772221], [0.29453377736021347, 0.5940198219446703, 0.4559603239021153, 0.6460867092670419, 1.4005793832068067]], "j": [[0.6182915334634697, 0.9306277042246266, 1.7155477005922752, 1.272832406953812, 0.5974015527970888], [1.2981682628341427, 0.38856165684089655, 0.265897703059046, 2.1870444332838206, 1.2594345075245126], [0.19779933198307068, 0.16206771746526294, 1.5146283373055138, 1.6532867772866875, 1.4648450923432959], [0.4681452006826396, 0.13916942171894078, 2.4928713295702405, 0.522726940185813, 0.42314827282910483], [1.115102947183411, 1.8959129441003724, 1.5008029222237582, 0.20672038073377277, 1.9598095305377754]], "k": [[0.33304758522298156, 2.0270712059616525, 1.6732154806458688, 2.228007818423229, 0.8150331542375308], [0.7065743229185775, 0.6793064243628376, 1.671877058271483, 1.9295670656422552, 0.7389299315024078], [0.2290601441731439, 0.6482340418205538, 0.8212947506120865, 0.5369888860272714, 0.5725282538986449], [0.5511401148477003, 0.8654856716226615, 0.5594528675151156, 0.5911131292646935, 0.1312958246542256], [0.7491612138030547, 0.3183615822376712, 1.1406125605617274, 1.0484134157330358, 0.3656896732084927]], "l": [[0.5861146724902968, 1.1273662551928005, 0.30899899293151256, 0.3587446446610732, 0.848184318856702], [1.0030597982039955, 0.6189196329761875, 0.1476719261329956, 2.1879794685876024, 1.4708739719662098], [0.26929933212306933, 0.8235186536170658, 1.218776302651801, 2.2380182489651506, 1.6478312840317615], [0.5100462251261483, 0.9491792757348944, 0.7372582177181313, 2.3832832885893542, 1.4058028030674516], [0.8543454681512799, 0.5129298422791811, 1.1696423531095763, 0.1910284891965711, 0.21770124865657656]], "m": [[0.7041958363077624, 0.14498635476559701, 2.5011507831982445, 0.6184379087360596, 0.5520145188650314], [1.4693223972924039, 1.0069696982241918, 0.6647987576220681, 2.6553223164707616, 0.43032919255394386], [1.245210585642577, 0.23349769826660524, 1.7372988486825878, 0.8593311800251835, 0.6941514090625612], [0.12954374166077529, 1.1073870702067874, 0.372350980917663, 1.2061267844087313, 2.9757802781470244], [1.3802181594087324, 0.6388249594201033, 1.431447065311001, 1.2336307779226139, 0.569052134243825]], "n": [[1.0658868945176887, 1.5314948151023133, 1.7764806451909718, 1.1383455330599863, 0.542991890226248], [0.9318734081859283, 1.1046563489760324, 0.525159826866181, 0.7208590995669586, 1.388716944269049], [0.6595114645496657, 2.877907669648923, 0.8532318905241665, 1.5658444895414947, 0.17673798754540887], [1.3679898079166404, 0.05919034755685865, 0.28768529275036836, 2.1120480747801302, 0.4701502487560681], [0.9364577735595742, 0.6592815094582096, 0.6534702477797999, 1.154589879515184, 0.20357308997917015]], "o": [[0.737270188602295, 0.5104205468525803, 0.6498293488879777, 0.39737598173393796, 2.9217895855732574], [1.8275636938061084, 0.4638199905517777, 0.4229885949778257, 2.015055338171284, 0.6821976532885854], [0.961360208953324, 0.10887701007477614, 1.7800199547871598, 1.665944356137116, 0.6708115875431513], [1.1957862768505003, 0.17692283651427876, 1.5097724909904089, 0.3730139538942696, 1.1724268462705005], [0.6359961271073039, 0.183543026369526, 0.8656145078609422, 0.3483944140097251, 0.08319484864286177]],