{"ini": [2.499761610669552, 1.1288508512193627, 0.956723368985913, 2.237902688860329, 0.267720515515816, 5.062065228800615, 0.7097540879561441, 1.6164609172250042, 0.9113159725349583, 0.8630172801452085], "fin": [1.6351899276504107, 1.8941881008003478, 1.0506099312861767, 0.857626543739586, 1.6538457897542758, 2.2377538245901576, 0.8133811036543656, 0.433425579512334, 0.6483492437745867, 0.712036407474904], "trans": {"a": [[1.011004835104675, 0.2890093305379203, 0.3830797634468466, 0.38024369280853193, 1.540617731399725, 1.9136049426515764, 0.5117942330241856, 0.5844428725899485, 0.4979994088415032, 0.9815158230900131], [0.6585540793564266, 0.9718634441681366, 0.5979457523089137, 0.9991935704219955, 1.1627517190126164, 1.4220888570813162, 0.49384085989719506, 1.2019267235819107, 1.4168178017427744, 0.5810271820591146], [1.3522998923695726, 0.6061731374193032, 0.5217350705900652, 0.5066631532516707, 0.6588440455377902, 1.0062565543089699, 0.6101061931404745, 0.7543229558907243, 3.653208909883005, 0.5647805401111154], [1.3948625959024954, 0.39372830057769387, 0.576143146746131, 1.063241926827337, 0.01871503390851166, 0.7297167898439968, 0.9420047558245387, 0.37452684261819347, 1.671250345639394, 3.6154727710558827], [0.8564608838727075, 0.772874092856059, 0.49615108474049036, 0.6664596151864758, 1.0070774564899667, 2.967061749234702, 0.7612516145101169, 1.4303102345774439, 1.1663277459547745, 0.3704015453362145], [3.5101345612051826, 0.8124932361417964, 0.32572074840558374, 2.796230391450394, 1.229591038256613, 0.6394325848287029, 0.5501710241219506, 2.715633802198268, 3.6749571326735775, 1.1401269146003288], [3.1299504335737627, 1.2975093767149601, 0.7220458505716567, 1.2307779459224597, 0.4789402191710988, 0.3353846300242213, 1.8056860358015214, 0.8332029610907473, 0.46039800978055345, 1.161887992381587], [1.8481304988261447, 0.6376924397735054, 0.477043109250414, 0.7314830135436298, 0.7489559165168663, 0.36148037390031107, 0.36120056390166033, 1.359782256803994, 1.6059205549252895, 0.4755112129467641], [0.7737025552226228, 1.5044652212797998, 1.4055690875712061, 0.34857065515665425, 1.238240806629055, 0.9391542116877943, 1.9041357312356497, 0.6815647803121587, 2.844703102902754, 0.14718374927358815], [1.344251401433488, 0.40880526798964556, 0.36713766187895785, 0.7992277306390809, 0.6583202768200491, 0.3933771111302544, 0.5021617290288227, 0.27841763985749235, 0.6424177380771795, 0.45197252205956934]], "b": [[0.4170083645562145, 0.5555709005739122, 1.4204803369087489, 0.4722768847888508, 1.9402699471224887, 1.1522808040473689, 0.6691108054869104, 2.0312429503337257, 1.7924515902826303, 0.7516620200906307], [0.6013831723579645, 0.8654042969686201, 1.090006410674578, 1.3939648421147357, 2.0833794697832726, 0.720769003940612, 1.7144833041316692, 1.5072582672577401, 0.7252951617030907, 0.35865285149998355], [1.1688373243225456, 1.125978683881398, 1.8004942384172826, 0.31197614956892267, 2.0850684781140876, 1.7596848513946082, 0.568049264727019, 2.4109113575654257, 0.6755739639364626, 1.0919064171676713], [0.1399642236893604, 0.8778758690351733, 1.4259261238643737, 2.903280595817976, 0.661941091631243, 0.1286877545646679, 0.347248342956086, 0.27025797871868695, 1.3563418750666476, 0.44551935446015206], [2.475284125443342, 0.06370398087152769, 0.37339059100922123, 1.1416712246989962, 0.17221789206733654, 0.6799418631273006, 0.18374516115001985, 1.1775137400455113, 0.5120505474442588, 2.242838417085783], [0.5558711798283612, 0.9593090276429458, 1.8433836411123188, 1.788827969245903, 1.7275645652624991, 2.0708048227405986, 1.406846673048159, 0.9373890979649201, 1.368717958473147, 2.1947063531476374], [0.40098476726331767, 0.9158809780871312, 0.8870637248458956, 0.971018455545713, 0.29392048771817625, 1.3131983634349609, 0.5313689436966808, 0.9976323757352836, 0.4996493086514232, 1.1494535007929887], [1.4528928421668876, 2.5238936987975733, 1.3606443197478142, 1.0924175782191186, 0.5597224605059867, 1.2909512791909017, 0.25901607953460487, 0.2566270958660035, 0.9361345476705922, 0.7088576390059859], [0.7656401668042458, 0.2140173209787349, 0.8067513914647808, 0.26687020471645667, 0.8311009649064258, 0.5132250639509777, 0.09289568426879807, 1.708080449588296, 1.0290623178069755, 0.5063635373557234], [0.5122882080529672, 0.5011059380392067, 0.6672916722051556, 0.485271343271387, 0.1625509908409394, 1.19496582216847, 0.49069275277810503, 0.8356133224390122, 0.3873428308936413, 1.0354256020494876]], "c": [[0.22685722424262864, 3.086572115322864, 0.48501924309141653, 0.7459014644275186, 0.21497883607792712, 0.3522190367711791, 0.7915861669727023, 0.762633170502572, 0.36296474072895746, 0.5791081019147408], [1.2359500722181125, 1.0378657541131553, 0.2869412384384859, 0.32265101749256775, 2.898609421633542, 0.704051575439164, 1.261313280634383, 2.197137162549124, 2.045768361366705, 0.4312309022947215], [0.7194769144895242, 0.6783391852581149, 0.5537628941630144, 1.7872288192946126, 0.04177563197359882, 1.817793605058392, 0.648183563828103, 1.3666450775280048, 0.515828074472124, 1.9729257804347533], [0.4715593562963127, 0.46578055964301307, 1.1711330057957114, 2.357002910812893, 0.29815117778176214, 0.9454927004915894, 0.7754923258253256, 1.0306021643559695, 0.39210489113602026, 0.16848303648171697], [0.18988938850854575, 1.2111835579727421, 0.6601483620211129, 1.3263181030547253, 0.560101892042131, 0.7756837509112401, 1.0343567878629862, 3.8874115614603175, 1.8564447895039258, 0.5611091077619913], [0.721646422322139, 0.753269328804786, 1.463097764434244, 0.9347585918344433, 1.219514489566527, 0.3073047734960815, 0.8704475803521293, 0.9382545586493817, 1.8182217271689542, 0.3288056238956725], [0.7527437813924814, 0.20113119473998586, 0.629974483281555, 0.7421504463711194, 0.5861564279078167, 0.09696776617848907, 0.9465231105496338, 0.5594638484305795, 1.1384071234571747, 0.8796074350437287], [3.406425128884841, 1.2644625573679271, 0.7489038694856601, 1.5621620855587321, 0.9529553796426895, 0.26281427660078777, 1.0749283110778427, 0.7650317364362164, 0.7967847016540133, 0.6726002360377159], [1.5348818262021005, 0.38729966873164307, 0.7287055234376034, 0.3496514888848761, 1.5767946773187245, 3.129328752135108, 0.9869613260653817, 0.3423877415373478, 0.9982112094415713, 1.47999680148128], [0.6915484083281493, 1.6184158792552237, 2.282589191811632, 0.8352901995005648, 0.44384716407923236, 0.6292754770457819, 1.2457944666969523, 1.7831218814878347, 0.6280711087216555, 0.9140528381587664]],