{"ini": [0.28785744189496554, 2.360479766398407, 1.368578684446716, 0.8719216565459139, 1.4570903816622425], "fin": [0.6444311041611844, 0.4627792156487995, 0.39868168105565877, 0.1839603859555185, 0.24785377893371963], "trans": {"a": [[1.0481599034962252, 0.21129027562747493, 0.8331111014641575, 0.48263549600911304, 0.4713335730314247], [1.7500674385105728, 1.9852844293229388, 0.5501721855704493, 0.3138753101899274, 0.0961965910009471], [1.9043821361281497, 0.7724294865082425, 1.2457510338343776, 0.6881563898232317, 0.38306495903920873], [2.627220281329034, 1.5280183141347667, 2.2106660874673043, 1.304175718629512, 0.5613353203655271], [2.7488906520690626, 0.46458226806257247, 0.13906445128544462, 2.329060827711237, 0.39794630646181]], "b": [[0.6080606639404386, 1.1679504886093883, 1.5151500680872885, 1.4522848622301385, 1.5324588991443662], [0.1682560578749781, 3.0426556910802662, 1.5776567720372099, 0.9606966517734726, 1.1649669864430936], [0.43127024700120337, 1.2573242863759602, 0.5934968771071347, 0.9937104033983563, 1.2584138651264452], [2.1881167611085064, 0.7356967564162802, 0.538326355362786, 2.449029560965619, 0.2231550486727165], [2.412531531420959, 0.5126509064596784, 1.0175295346854731, 2.091033747510175, 1.9022238701737153]], "c": [[1.4396543059048432, 0.8936540156756353, 0.3671628091178037, 2.483267233788535, 0.10525002586518252], [1.0638259083918262, 0.557295319687505, 0.6678355608817669, 0.656037054981684, 0.32785240699290236], [0.9190283849045036, 1.1111737953244716, 0.7191918667998268, 2.01079753090504, 0.1203517948463715], [1.0449971161596596, 1.7447252496375707, 0.6671712229731052, 0.687687120343003, 0.7553875787324607], [0.44589242099889126, 0.7305596374122966, 0.7298557291683182, 1.7775985896077273, 2.0006580253690487]], "d": [[0.3324792198162771, 0.22523229597303718, 1.096969851147887, 0.08532873012574174, 2.057565545252475], [1.2668328591083469, 0.08423967916398742, 0.9281507926840651, 0.9560286494775352, 1.1300523153613993], [0.7397551313500003, 0.3941212743942804, 0.21203895239298803, 1.6656373565724187, 1.059963596914749], [1.434053834256409, 2.0720720325616204, 0.23891145137841255, 1.0562475287539324, 2.0306123312822186], [0.645383417102927, 0.10823890110113743, 0.5851936483112034, 1.7068919234306212, 1.689403490766676]], "e": [[0.6987637592312704, 0.6275514732000625, 0.7831558370815297, 0.5795276205744481, 1.354052417329996], [3.2982543267590034, 2.060568558807005, 1.3110641186756524, 1.8681591668507447, 0.48738725747504674], [0.28838318708236443, 1.9081038041786533, 0.6769583044311454, 1.0858044789508157, 1.3075309343655273], [0.5768239790757949, 0.9028053425362037, 1.3655329495276647, 0.29974268304060075, 0.5219487845229099], [1.6255129835543747, 1.1115798002141417, 0.818689587521928, 1.0102781223678423, 0.8944974210925315]]}}