{"ini": [0.354993929753037, 0.4854210781078928, 0.41146412539924504, 1.3589909643555744, 0.3177998794748088], "fin": [1.5324591238891763, 1.2992186489808677, 0.4685808059906496, 0.4550828365920488, 0.8026760130360956], "trans": {"a": [[0.590150637420242, 0.3169252536942972, 1.0659939673397276, 0.3737546733341411, 1.0076260151017555], [0.546115203413023, 0.24029051225169157, 0.4722471886093485, 0.29398482810527027, 0.5473119789445996], [0.9271260778534091, 0.8135257420833586, 0.2854025963608579, 0.9324002050332014, 0.3538302802951241], [1.2890391207347616, 0.7443678098975198, 0.7340132454193249, 0.8962148074808612, 0.8650011772651971], [0.3759551856310404, 1.002153725122937, 0.7496957084408238, 0.34567421463075576, 1.0129652816561838]], "b": [[1.5397020132845385, 0.5289815266988268, 1.5475130244960065, 1.0680854852318342, 0.5421899947013092], [1.8952492374972363, 0.48204100696014934, 1.1105193517825902, 0.27020227103007616, 0.931669281529756], [1.3836170359186466, 0.38170289897169446, 0.2056549944981859, 0.17525387678561072, 0.6046627231340692], [1.490116142992943, 2.2647337245076384, 0.5398724165413447, 0.39372267088275203, 1.9248936369528524], [1.1336833022894663, 0.28762414241324535, 0.39386868329864694, 0.3348026192533322, 0.37679338885821867]], "c": [[0.7837721349619076, 1.6004046951560955, 2.0951251448261994, 0.4062704713325565, 0.680215222870818], [0.37178973061152215, 1.2816748896892396, 0.6406022728739845, 0.6798699531823892, 2.3511676237739683], [1.4354839024010895, 0.13422820763604118, 1.634080864816243, 1.1662126266445114, 1.8205065141877323], [2.007672013487853, 0.3341848389910126, 0.8002594709236358, 0.5749700696919878, 0.5263481352431163], [1.7659849582356266, 1.1456365380969502, 1.2221826298378795, 1.1005559495860915, 0.3940818190643305]], "d": [[1.2116051895689213, 0.7479209266960539, 0.14727075849268734, 0.7225411285801648, 1.7149357448564249], [1.6497469712358552, 1.2711783041056886, 0.3063412507526536, 1.6620438818652892, 0.4327252997891613], [0.4494545985556886, 0.4829738734527597, 2.6513871220750826, 0.5066295683967417, 0.8260700470819231], [0.3047605300121632, 1.7297284116201905, 0.23821759241205087, 0.50293560430462, 1.3477702476209985], [0.3774041507806067, 0.5485311005712785, 0.38803663982681474, 0.36909226530005684, 1.452925256937573]], "e": [[1.0797360536494902, 0.8005106502715351, 0.23309966691152578, 1.3220772556852194, 1.4939812314774892], [1.2808548962523376, 1.121284333961651, 0.9021617112594701, 0.07110460203110722, 1.5540194880759057], [0.7198962176450318, 0.7879967410615314, 1.0219255666687777, 1.8008729412229285, 1.7337767362889112], [0.9457045046607506, 3.41598806951134, 0.5322549219609782, 0.4654165810064217, 0.12732592069800933], [0.775196858379204, 1.9309136290993811, 1.2528237485052658, 0.5450210409771742, 1.6915138785268646]], "f": [[1.4668262854179177, 1.4365260510990026, 0.724884645524737, 0.7969832103561231, 0.39511820308484186], [0.7841556750521813, 1.29170825959042, 0.6440637035398011, 0.367467983431076, 0.921542966927831], [2.0895264566863783, 0.5484997753256567, 0.6282819768028051, 1.5032666396502443, 0.7366063970273005], [1.2110718434382648, 0.6805361871503719, 0.44450514750241255, 0.43575249250787423, 0.49941827677305134], [1.1553159365847407, 0.1382820990596789, 0.3896121214382451, 0.34314393564511847, 2.7791987469628796]], "g": [[0.8075926898921626, 1.255519187507031, 1.0780057884662861, 1.0742116945947382, 1.2524022061001947], [1.1964699820629203, 0.8653150055814912, 1.67265958141771, 0.6568424131738894, 1.2329332450684223], [1.3113188907532844, 1.29907519205517, 0.7381265825449899, 1.4312376687460593, 0.14932433875003476], [0.3417595423342015, 0.797331287200924, 1.0541347415819102, 0.1588817168425108, 1.0674060271815147], [0.09875422453227187, 0.7127690580687919, 1.7395177875805787, 0.5466418571523636, 0.14637211606168513]], "h": [[0.36429213612333006, 0.49642755363313945, 0.7552716073846648, 1.8688287173138405, 1.4777561902117144], [0.9064142800904847, 2.6473353890419773, 0.534446937680899, 0.6635310731583497, 0.4820406671951158], [0.7801921006323568, 1.7526870963007544, 0.3395114013100712, 0.5663653216490732, 0.2138643458933924], [0.08537783460235025, 0.4822895480115319, 0.5200660036555048, 0.6309896302345234, 0.44446740016955943], [0.7822092848368175, 0.033511589790653065, 0.2968084678598767, 0.5369654293780516, 0.36963289072760136]], "i": [[0.852257897613478, 0.7519419232091039, 1.1102331769147253, 3.3064470212853316, 1.9642775597499733], [2.0296277492052544, 0.6060968893555637, 0.13331100030088566, 1.9220009002380594, 0.6327641071969149], [0.678511976517633, 1.1151621792120712, 4.465766388580654, 0.80212680026113, 1.0392479622695974], [0.9448954406739124, 0.3815536618931461, 0.22146695429727328, 0.7171349291746164, 2.052783696834935], [0.5090793398282528, 0.3129957711803686, 3.019661675946903, 1.7413710207060162, 0.16569037330188185]], "j": [[0.4732263342379294, 0.7887842855217713, 0.32360831459799744, 1.5758871156228795, 2.359589960424801], [1.8439628009354252, 2.814914005649795, 1.1617952994693388, 1.4421845800793374, 3.5901965897025665], [1.0123014372782795, 0.6156244072910935, 1.4488697303734874, 0.7632067522416135, 0.33797688637922274], [0.6219115110451754, 1.3764308161086696, 1.9063954094606248, 1.1817153805649756, 1.5716799529300884], [0.9011018214305474, 2.607212075661557, 0.4241749689278928, 2.5635965567946153, 0.1439801770771083]], "k": [[0.9606926072132982, 1.3024797518664544, 0.29936837834782104, 0.05532298522107033, 0.045296297070330394], [0.21363238550726796, 2.705860595193537, 2.367097252873815, 0.3143664903590787, 1.5403646696417643], [1.0437995698666345, 1.7953526831031057, 0.8357571931339302, 0.8691272960834094, 0.34610766445276364], [1.6295554603115645, 0.4447370611631436, 1.9752685172885935, 0.5271436236414822, 0.7238394708253398], [2.3526753661028885, 2.5483942571333444, 0.9314538635044423, 0.6832175726892361, 1.0683959556228624]], "l": [[1.0378567713190867, 0.7928610931229199, 1.41707551365383, 1.2584624731820977, 0.8055403600886143], [2.6425520020953925, 1.07254298201338, 2.8712080466542975, 0.8554149513426901, 0.1388822568916526], [0.03640771142622562, 1.7196239286736836, 0.6855456134312555, 0.8420380550700903, 1.4270610691205086], [0.6971982729601642, 0.3249912753265449, 1.0082041259199885, 0.048722969879196644, 0.9729010783206693], [1.1410397004466042, 0.6671077558341606, 0.2643519323864326, 0.24622692406789784, 0.32926781087201334]], "m": [[1.7885190641189996, 1.033838393815172, 0.19563719609492336, 0.8621486902988046, 0.6962435157524198], [1.1005421359184155, 0.6251418554367967, 0.972225455574, 1.1183606747592676, 0.3782378432313026], [0.9711314513407118, 0.4534018421057609, 0.8478797099815688, 0.47971514384217884, 0.9680946260869921], [0.09385433152342532, 0.3189612212068786, 1.1903945200403752, 1.292109261308935, 1.3519140687835907], [1.736281958382556, 0.28334991317529673, 0.579878250135293, 0.4797181280106137, 2.3311892574852533]], "n": [[0.06621701099899817, 3.0173191699455564, 0.5726005877476191, 1.9061072355171664, 0.6466472636078533], [1.7985726302148752, 0.2977671771044625, 0.8080682939421635, 1.8353727109869433, 0.37603967513309683], [0.679337322422886, 1.4148389057887854, 0.582463687297092, 0.45619199447441805, 2.20711992579412], [0.29361073327461534, 0.7497834814122883, 0.28434327398419246, 1.499103844790665, 1.1787009536247244], [0.48557806829691585, 0.849703511720799, 1.6172607354612254, 3.123060027151162, 0.7077492934260056]], "o": [[1.7006244778192114, 0.5519519219797006, 0.20269907841587662, 0.8702555162327898, 1.1506557119034329], [0.7207924278678075, 0.3350415982950227, 0.22542151507170974, 0.1825839654524265, 0.8503473119081997], [0.31056538488931595, 0.5354678339724849, 0.4494334570651973, 1.4388457627647369, 0.438116496373723], [2.493978960010753, 0.25379439512507757, 1.859744602285942, 0.32424577708261004, 2.2966398707024367], [0.9113446254331596, 0.6107358527306896, 0.3015441703804291, 0.43716076368965817, 1.1726339968352637]],