{"ini": [0.7906842125889341, 0.34198177806147917, 1.1713537772853384, 0.690935635423978, 1.4739109071786989], "fin": [0.45672200505460636, 0.17498233793198764, 0.5419553989232492, 0.8928725283258632, 0.6887640386524501], "trans": {"a": [[2.1708028432939046, 1.6733611942019653, 0.37967964016900885, 0.6430399403612352, 1.1521954709075486], [0.4009333434225248, 0.7298865635625293, 1.4697063871495863, 0.39494928209065544, 0.6667944796830938], [0.2961969299076468, 1.6408363274989846, 0.5413928634902099, 0.2874574549960607, 0.8596802274930053], [0.1846178714847999, 1.589351600374682, 1.988675121155602, 2.1486302668162347, 0.2843122109635323], [0.5404640604468438, 1.7015851788823533, 1.6679184394782818, 0.919424477268459, 0.5122048841280421]], "b": [[0.951689221180208, 0.3786410019270608, 0.9330779110267923, 1.3126172379857135, 1.0233801399007527], [1.3400196877068546, 1.0853213099912515, 0.3542978998383969, 1.43812335794193, 1.1500297091202636], [1.3038432722264441, 0.28997854529721284, 0.4746736715963119, 0.6086637871702187, 0.6193627228360634], [0.3187496158986818, 1.521561887555561, 1.3946639742725087, 0.400050727505003, 1.9986347516409784], [0.7790669104313219, 1.4130087989259097, 0.38092063675546006, 0.253545541686354, 0.8551719886372104]], "c": [[1.1417808467714434, 0.22243631837758526, 1.0662547488886696, 0.5903656706727123, 0.8101768424502162], [0.3967540904823639, 0.8206458390746519, 2.2471554537550404, 1.0305494196928071, 1.8628495923159436], [0.4387702647039389, 1.5731689616140037, 0.9626766580027156, 0.8933985164211519, 0.3465608104178881], [1.0177799478038951, 0.45475924765103926, 1.0468539245908053, 0.18398370205479558, 0.3252145179585592], [0.15896653381079787, 1.1717253110994161, 2.8783893534090295, 0.5446676755796364, 0.5672005020315412]], "d": [[0.2612220102109613, 0.5833380737197416, 0.17274893955139264, 1.639981988161578, 0.7267497479263524], [0.7035994425231835, 0.935598426277189, 0.7172676451633861, 2.119705804364772, 1.5973573832597094], [1.7641619388767291, 0.3672968729313723, 1.0598544581783547, 1.118668906991381, 0.5180627531721722], [0.6412262180980777, 0.4039447639238228, 0.42759640675172544, 0.6232328569111232, 1.907994066863735], [0.2837367043546787, 0.7191666817851002, 0.42303374633127055, 0.5639243104363675, 0.21755827080005588]], "e": [[2.6940412305000168, 1.4210713672065483, 1.3423687093143717, 0.8143590554049904, 1.4063828143129313], [0.3824134151116342, 0.832841603106101, 1.4541624335766512, 0.4792592484313882, 1.1451400642990837], [0.07719402073355768, 3.452974332706204, 1.2058580484388912, 1.5566019582839, 1.3627242184748989], [0.647116525574886, 2.264052482914748, 1.6975961920882585, 0.4026629132352335, 0.6832532706008949], [1.0061300782000397, 2.4235175352862304, 1.816616272159691, 0.7498469468880555, 4.053648346732239]], "f": [[1.1397945652984809, 1.5655297396778454, 1.0766653054499422, 1.1590426267971292, 1.2746836250702371], [0.5336714389184695, 1.5632514365327177, 0.09382583470059865, 1.254640161142505, 0.7657175596672151], [0.7382747617241602, 0.49079795282953254, 1.7919898189779493, 0.9361283195966974, 1.2862399696672977], [1.1266419856885432, 0.28886168152903213, 0.16964642042141875, 2.3743499712794, 0.5990597189253323], [0.17592214332952005, 0.46414662735448736, 0.1832230835967207, 0.5638769327895207, 0.31610447468001174]], "g": [[0.5424855348294622, 1.249189444393076, 0.26344380335710477, 0.9593076066268751, 0.9437374463852276], [0.42332331630557574, 0.9978825912771255, 0.5531686230602263, 0.6366815148050483, 1.0051122047758763], [0.6758743376288067, 0.1249634558758193, 1.7637883409746358, 0.7055904207194995, 0.6412471484692811], [1.6492953966786092, 0.8198553905744314, 0.7579307410439513, 1.0431639784605262, 1.7188249964555518], [0.9738843504692707, 0.21051842073250185, 1.2943361893353187, 0.9137670218234556, 0.17310314576018568]], "h": [[0.19787454161866272, 0.9966551603650308, 1.192482171631046, 0.7004740848312101, 2.503326795571924], [2.459839354516393, 0.6977314406847017, 0.7528568964203185, 1.0474162108681695, 2.4859704425049562], [0.376894016274717, 0.61807873086257, 0.848242540224906, 0.9009599858498079, 0.3261751850069772], [0.3761657559343682, 0.1511617812052304, 1.3992486675179818, 1.2856765203820888, 0.5253964509704814], [1.1124043195225377, 0.8782769663270339, 1.2842393503628198, 0.5012930316247307, 0.25006859592861763]], "i": [[0.8267309274479951, 2.0889562224304936, 1.0365579551648552, 1.8637108812530854, 0.8379791208448042], [0.047808542874327585, 1.0296868933782928, 1.8121998546691396, 0.4403739481202222, 1.4035247529707888], [0.7327687952149, 0.48850205295145804, 2.324604303885417, 0.9390722989226502, 0.10615074641396896], [0.552773992072333, 1.62967337455327, 1.8212366752467761, 0.7304183807082292, 0.5765613248776674], [0.5207779954832169, 0.5217043761152556, 0.17526500086173993, 2.2615699557496356, 0.38718259409545264]], "j": [[0.3170208866418165, 0.11564396491976546, 1.2458542533457848, 0.9246379583553523, 1.409365775495615], [2.1209232040560737, 1.2690033659522586, 1.259055110991354, 1.2321314431351276, 2.903928731171637], [0.48561055460711766, 0.1610637641421217, 0.6970068075608776, 0.1326756819741481, 1.4329889763719932], [0.8991613955355939, 1.3186648290061553, 0.9520599295525721, 1.1788543684222317, 1.684662005121949], [0.6950713962612584, 0.8747259548374624, 0.47719702497212607, 1.3739340490787968, 1.0333202501030083]], "k": [[0.9833879583679471, 0.4404338029157684, 0.7273914385438384, 0.486255510785714, 1.4159324137272338], [1.3075764639984568, 1.5055023439349948, 1.22768117211673, 0.4862250672601537, 0.7407910345263932], [1.2066453053454544, 3.208065376993516, 0.15338117194520395, 0.3543824726016145, 1.1889497625895449], [1.3470313964911018, 0.5175763561117306, 0.7489769657331907, 1.2056874030725668, 0.9440783759303649], [0.3759740196068282, 0.3736885523909426, 0.9216707292827164, 1.6604395953537638, 0.67902468416057]], "l": [[2.5529962163950266, 1.526616351045629, 0.6653723737565391, 0.5203451146816195, 0.793805527965456], [0.6917760924549904, 1.0159168852826899, 1.7170088594024455, 0.9565725581199973, 0.5253558994435099], [0.21221503958985238, 1.8372524982656029, 0.7544711444193601, 0.9275164486807036, 0.48508979384592693], [1.6507117614397098, 1.8543339661083744, 0.0496219192191051, 4.175900189605406, 1.5408923685126152], [0.7883082658435776, 0.9553652230546733, 0.29416251422107775, 0.6304594865593138, 1.9749182745947056]], "m": [[1.3225771596442661, 0.1464779173322207, 1.6509556708159183, 0.6286782700600313, 0.04700722178811656], [1.2425731126321344, 0.5154894394483055, 0.31817023693829793, 2.002799630390228, 0.7604373791512773], [0.7617737060401997, 0.44834182924039967, 0.5346094393557648, 1.0454310294288542, 1.0286052508337094], [0.3747504338000722, 0.6052013421995124, 0.617900439557796, 0.3353054671476946, 1.4755314409785507], [1.1064590699943455, 1.1589215488009474, 2.562234103525996, 0.2692090072760547, 0.2739970966297886]], "n": [[2.3314995141455293, 0.7313003253671171, 2.16441653799247, 1.4761442119753787, 0.6803025249233603], [0.6880246578265008, 0.11097482244321706, 0.48853712340367167, 1.4707202184560382, 0.588651019141165], [1.6763708009536282, 0.11342977598521288, 1.02597969155481, 1.1790618227898892, 1.008765984237347], [2.320087188200521, 1.1751856555040856, 0.7126849132510698, 1.2944431861092773, 0.43328547198907996], [0.5967686681618399, 0.5379573694900504, 0.9916996171352979, 0.0777338275893385, 1.3513786839711173]], "o": [[1.638445325876894, 0.9729031840230961, 1.163125993737141, 1.0772568678789354, 0.07561001846771372], [1.870388114166485, 0.5759108463807907, 0.8671414918637266, 1.486327280357267, 0.19761581148159363], [0.4573475995930634, 0.1745025956481533, 0.2615380717576028, 2.3571601752097333, 1.0718045453416585], [1.3753841388372587, 1.158857850052874, 0.4476611620444595, 0.8525761324454029, 0.31619958032360235], [2.210750009428709, 0.3397883188051932, 0.6813853776864058, 0.38168810329762437, 1.8389007496598329]],