{"ini": [0.6532254311235072, 0.632201681808411, 1.2833075178915252, 0.9795946329784085, 0.8205664418365493], "fin": [0.900970400706276, 0.3357667700749511, 0.2550518446796692, 0.11214827674752326, 1.03355383407612], "trans": {"a": [[0.6540643178436913, 0.6962500381340934, 0.8394165614861606, 0.9679132841115566, 0.91046836462439], [0.16426422057232315, 0.39355329988075305, 0.3727037369887492, 1.079802916347907, 0.5867052082509656], [1.7151531005146758, 0.7120573835141232, 1.5069274927592702, 1.2951988325136872, 1.7601019681899004], [2.1427707798410296, 0.7791416370655374, 0.49162508069355815, 1.3295333875602209, 2.1682558863714196], [0.612830042616489, 1.3534669696216703, 0.3795073190808377, 1.351396908816076, 1.2839041286138462]], "b": [[1.662082784747176, 0.23903592362236104, 1.093573556043538, 0.489757299296184, 0.6722500874512275], [1.3607827707790734, 0.7843229526510305, 0.052551641212482056, 1.749373020692334, 0.06538278182494443], [0.7010273279620638, 0.5866329603745303, 1.2693688571592308, 0.5618615006286781, 0.5392681571946426], [0.9382102321806729, 1.3640716170494436, 0.586243403825065, 1.5006839236509537, 0.195618351416887], [0.552389969661624, 2.186503042373894, 1.0954793388523085, 0.28356079508493787, 2.060545037983942]], "c": [[0.8713424552201715, 2.528275265281139, 1.3138814086496022, 0.7274718225104687, 1.1745548045751764], [2.507022418578174, 0.35829761222147016, 0.6853364538189988, 1.0100252646342556, 0.6702646510512597], [0.6980316917044487, 0.9088337749312855, 2.3569868453039122, 0.8651814009227834, 0.46592355368114347], [0.18790297894150187, 0.44219915183119574, 0.44423829693178035, 0.467052259467822, 0.20014876968963782], [0.43600679611278226, 0.780639052128752, 0.6978737158498145, 0.7349109600691698, 1.2791868014347076]], "d": [[1.498538056387647, 0.21993526106203087, 0.21705929286699566, 0.17411796261543497, 0.4922899410757828], [1.3722065378186488, 0.8626805314086324, 0.834371526057896, 0.38623599050422264, 0.9825482797606548], [0.49490404105706925, 0.42477889544062064, 1.3430553545454746, 1.7086055900941333, 2.216432671453242], [0.6845344535008068, 0.6360949605056757, 1.8083268914973687, 1.8197117220948493, 0.5181278311378456], [1.2202707258090533, 1.9239340615400429, 0.7541570229844688, 1.3447710421015246, 0.43582567574400655]], "e": [[1.1912572863316782, 0.9967548537812614, 1.0146074671959824, 2.764022556492466, 0.23937856931178225], [0.7465640000213629, 0.8145596096986006, 0.5820478168015604, 0.40137505177878935, 0.9563263030234339], [1.893031898538997, 1.0454366427910693, 1.5424242556660337, 0.2181416907726945, 0.1610107326033813], [2.6076751791106574, 1.2736128962799964, 0.6104217873979797, 0.959123331118373, 1.3872596668709731], [1.3674042114726317, 1.4365073965217012, 0.3383392785072269, 0.803638592603452, 2.540100040159104]], "f": [[1.1131935583385528, 0.9546674075039657, 0.07752887195274946, 1.3754221095997468, 2.20981531173499], [2.332367519340217, 0.7668074449282807, 2.3699754628101966, 0.49376962307527666, 0.6454303486885928], [0.8577859120509351, 2.883410424845782, 1.1308735625711699, 1.5083778933408145, 0.8884275349512681], [1.2799186488398884, 2.103663963326319, 0.947111690146054, 0.6596965747163311, 1.2580840974420713], [0.6512096049901646, 1.7422504395792415, 0.32741667810664554, 1.1884501067944573, 0.7531989693838524]], "g": [[0.6037987243932307, 1.0558814599682884, 0.02325009918402781, 0.4562807711412062, 1.76675807619372], [3.6598889619883685, 1.9395694582042682, 0.7815727082327815, 0.41648589123921254, 1.3498445077108128], [0.8973927372289602, 0.2747839093705416, 0.3945327775613596, 1.544096042460102, 0.5308594178674187], [1.2842840447350712, 1.8041614984933634, 0.23331648308830819, 0.48465012235056737, 1.3321498452813476], [1.0293171591025227, 0.5136791478788448, 0.4000512935916006, 1.303289030140745, 0.5286714157378902]], "h": [[1.5663754866093884, 1.1328753692816858, 1.4567380562820003, 1.2784840304866558, 0.4656179695160953], [0.24251297561071997, 1.3188892381787507, 0.4966711336938213, 1.9028121288184483, 0.2190445772837475], [1.814924248686021, 0.6755252273395624, 2.0078697644883454, 0.43487206647566834, 3.0978380277498165], [1.4590544386079254, 1.4736486852244695, 2.1861827385937986, 1.2782672017279173, 0.36617564056993224], [0.6281553847807213, 1.9782247822595116, 2.12431712343364, 1.1040614980061887, 1.314929489641958]], "i": [[0.04415457156999418, 1.364488646107344, 1.348557290370339, 0.9456592960422354, 2.9257084705607874], [1.1023421284952761, 0.18872916511608168, 2.841387935289334, 0.16067582589773113, 0.6571966233091278], [1.340336774979989, 0.3553284067537562, 1.6674825897249055, 0.3862155111463341, 1.0089285990987145], [0.680141607562269, 0.8885469719362482, 0.5522504920393488, 1.6215523664994103, 1.105270514488853], [1.330610421408364, 0.7668816893260617, 0.7176021159653743, 1.0012143253939676, 2.217483105626999]], "j": [[0.7968896002333822, 0.7701905540287279, 0.30037534913032354, 0.19138232987791615, 0.6265191630360801], [0.66395863151055, 0.8489717999862691, 1.8264909950852868, 0.2937640652804884, 0.48062453233476404], [0.3737700063071171, 1.5816750494256262, 0.9691252523232943, 0.6306045411356419, 0.7445102529700415], [0.2540848098173873, 1.488522897128931, 1.1547135685498884, 0.7727668205801774, 1.0156024280747402], [0.6284938464865163, 0.6162327933139773, 1.0485361456318463, 0.39849391327527867, 2.3528951870412347]]}}