{"ini": [2.2361606840404065, 0.6726498461971979, 1.03447695909414, 0.2965635739527369, 0.6397974641441818], "fin": [1.0841000973889514, 0.8980915941591979, 0.7101807030664269, 0.6753533499197719, 0.5252845989529774], "trans": {"a": [[0.6930950922270368, 1.007199458424972, 0.6580653183864058, 1.1374169393899778, 0.8476377067801187], [0.16907174814935402, 0.6721314102570144, 1.2284549476502469, 0.17511494627079624, 1.1643872514629663], [0.7468577556547125, 1.9781882125830605, 0.05578645791697792, 0.4740662372628831, 0.9878047413860022], [0.170446654476503, 0.8222301451778365, 1.733737702325906, 0.9850883723865815, 0.7146193316332162], [0.4467473670705403, 0.5281771027227553, 0.3827134689173175, 1.192424389686237, 0.3805488786973246]], "b": [[0.47602076779375224, 0.3721527137336765, 1.3154762638966646, 0.692316038103723, 0.8220754276685137], [1.2439944061648802, 2.695389526466699, 0.548139891073767, 0.6994311826960591, 0.7625416541259511], [0.888607770917315, 0.6114708764853862, 2.154617798330999, 0.3053974816334031, 0.49847721307088727], [0.37180298845860293, 1.0693448882044791, 1.321724465326721, 0.6751933283122837, 1.1540018647441923], [1.8361191268156718, 0.6058354539626355, 1.0081468013950576, 0.2593477725144822, 1.6026863738506478]], "c": [[0.9765417671774494, 0.31320181017865495, 1.0200503551392213, 0.22778020378551073, 0.6133694281144969], [1.0846634837501072, 1.4648912241307805, 0.6723001518030332, 0.9090272628545382, 0.04154406126978041], [0.5701586199551936, 0.6029682383857982, 1.851218433535374, 1.425870532320172, 0.8613853647606284], [0.2666769621113219, 3.168936479698063, 1.2912624555620744, 2.2155596129747837, 2.4072548094303787], [1.2680208497775183, 0.8269635622374127, 1.3124622385008753, 0.21839759828042413, 0.7268992615051922]], "d": [[0.6005438012042138, 0.5350055789389924, 2.837052306175158, 0.5986472954164633, 4.006979501844475], [0.835141761162616, 0.5726071577987448, 0.3100348984683312, 1.426217809526958, 0.4006927346909883], [0.6641707355018553, 1.9163046108336106, 2.0052713510942275, 1.0527563512469165, 1.6020950716121323], [0.9272679341424849, 0.6338806875633428, 0.8471208746803016, 0.891484726410143, 0.484397369875925], [0.8025934084361817, 1.062252994628838, 0.48341192399094746, 1.0794222288335837, 1.3437384861822201]], "e": [[1.7389546777102292, 2.0274611633783017, 1.1405479522432063, 0.11962939014888474, 1.5151405930901396], [0.4970974311357977, 1.3583067222552219, 1.5049499962904798, 0.8719384134394702, 0.7402459031894306], [0.6596595511704717, 0.2416068967238511, 1.6520548437888052, 0.4036193575065813, 0.33809726574181986], [1.7968876363184143, 1.5251789150339123, 1.071455772849334, 1.3689044108259711, 0.761662682204014], [0.8062029643449927, 0.7571267737825675, 1.8638518139369873, 1.2299028695758227, 2.577667973258477]], "f": [[0.47844407308709086, 2.0869100135061136, 0.4374104003755753, 0.10795354020725681, 1.0886895429140273], [2.344555057672511, 2.4088189490649836, 0.5449667927169043, 0.5293797578917122, 1.2643280413041977], [0.5282051894094574, 0.9520013250559589, 0.5185768000223372, 0.8409950057975639, 0.8762895890352301], [0.9053890455137213, 1.093749538415692, 0.6064148899205305, 0.49842795038483, 1.6482830577500023], [0.3660341203094971, 0.7999915741071566, 0.36903545800171117, 1.1253594122548625, 1.9413314487634634]], "g": [[1.0922981188217846, 0.3550772849157748, 0.2662151404765695, 0.2652361926715343, 0.2538281463221425], [1.1328909305278003, 0.9099091914354184, 0.39706920755636066, 0.19787144568697865, 0.7155045180894816], [0.5587030397387857, 0.6959692461959045, 0.36706224541019217, 0.6852547711579738, 0.3466215016924303], [0.8485412153102634, 1.7453173755945555, 1.091490515784704, 1.4633082535198978, 0.23122999154652976], [0.5077884796173661, 0.49667463127939787, 1.4334911485279922, 1.9877196028023567, 0.47512912184297634]], "h": [[0.13067909120212817, 1.414979807718796, 0.8507863563487887, 0.6768044565764036, 0.3644878695207157], [0.17121727704704812, 2.2359388418597637, 0.5767691882266, 0.17277107576876694, 0.1370820547005737], [0.5472567742826229, 0.41542462519015855, 0.8191459099036527, 0.3198943880434041, 2.8167775913609434], [1.4963933756570955, 0.6452324680465366, 0.37872104497938963, 1.294186845815004, 1.6963555823153906], [1.295680131686717, 0.44148993068850007, 0.9790733467039824, 1.1508147570753722, 0.19969784967133777]], "i": [[1.0630338954131089, 0.28296274006145883, 1.3238919859809302, 0.8240173656612776, 1.7687284720087968], [0.3278759825021273, 1.2677020218839061, 0.012432076468888385, 1.1713430302073844, 0.6802755697133951], [1.7694985064510709, 2.7921909009137753, 0.5784237850979135, 2.8573015134639035, 2.307131944740248], [0.9004910050014283, 1.3447869957365401, 2.295886102791222, 0.5669952460168748, 0.8200708010860551], [2.784179721800937, 0.6226363779394097, 3.5285660949753113, 1.4631027910556913, 0.31618839252472164]], "j": [[0.39918736004139865, 1.3770005039566806, 0.14354520930250203, 1.2013346657503243, 1.3300074099915942], [2.035988177467398, 1.6300013861097404, 0.49188669536564544, 1.7295815646046173, 0.7566867250991621], [0.6847031899508117, 0.6873559200981506, 0.4338557131644393, 1.0867904664023535, 1.6410163696788347], [0.9847730021811328, 0.6424705811798919, 2.964122500033905, 0.3416401407630151, 0.5721215421903773], [1.0955317965055076, 5.807845621084294, 2.168415202817171, 2.7530841237206167, 0.24862736945124114]], "k": [[0.16564896473406027, 0.16078457693087192, 0.17798762206626778, 0.9087187320233705, 2.0628039784610586], [0.5832243987514668, 1.2690588022276375, 0.0674811779606404, 0.4743029685677373, 0.6780756454119402], [0.4980820128669827, 0.25772687563185254, 1.2871918012422043, 0.2742134151849956, 0.20546731749677927], [0.39140203926139516, 2.0978588756739454, 0.4696644767694211, 0.7392679461494732, 0.43729748706965094], [2.16485598553733, 2.599791800512395, 1.3869090900822134, 3.695736890505122, 0.6543277755277565]], "l": [[0.6903988040531149, 0.4699663378388249, 1.0131514312899426, 0.5636277492939227, 0.820946500324182], [1.2537097833801598, 0.7171604010113685, 0.5363441831548477, 3.024229455408534, 0.6375204335909154], [1.9217960821393718, 2.863256030633251, 0.8561757116298512, 0.4936899359344351, 0.6029897629366577], [3.109421074877525, 0.8516959854165065, 0.41078251092164747, 0.6086153834831768, 0.9628291321525094], [0.5186867469029114, 0.9438356021489208, 1.1801287595006436, 0.8072922928255637, 3.6184372469463586]], "m": [[1.0040060197471263, 0.5444163964016321, 0.5502053185728166, 0.34739236926561806, 0.8645860305072436], [0.39813729170411827, 1.0787627984899406, 0.2505231201941822, 1.589462310615921, 0.8402282145289979], [0.9468123125599236, 0.36594142829295306, 0.37071474842655544, 0.2808750589844589, 0.9602643181085062], [0.3084380918965559, 0.8871734444304893, 0.8282029980951598, 0.43500726742775553, 0.8425797307516399], [0.7126978618835424, 1.5895466252063246, 1.5087760063855207, 0.5403267817963092, 1.130967207153629]], "n": [[1.0776703983939728, 0.40820653963741704, 0.665520529433745, 1.2467061791503518, 0.957739973392947], [0.4849177931878376, 0.845291568555243, 0.41370665818704017, 0.3897266545888495, 0.40837343998550335], [0.8145020374685524, 0.14389897611576902, 2.504013149601592, 0.33689427684593426, 1.0629302510537606], [1.2273066055609427, 0.5975634059518463, 0.28347261890095926, 2.9394595816369216, 0.5380753702587957], [0.36739079469558295, 1.9112263415833064, 0.9235530904761068, 0.2551933407953798, 1.796141807857171]], "o": [[0.876524735581362, 0.36021049914208325, 0.5985247205985276, 1.864852180599198, 0.8019588821128542], [0.6610011032812723, 1.2820616959303197, 1.4131285889904575, 1.7799140230265018, 1.3960353485749126], [2.5253933104126833, 0.7865938827670748, 1.3632006301117348, 2.530220711494635, 0.7205598407998721], [0.7938290051237469, 0.2751914153825246, 1.615942836387395, 0.18365573243102004, 1.2309138000492548], [1.6180983824390398, 0.21987262112447634, 0.2873234636603507, 0.26537946311886784, 1.074690035822146]]}}