{"ini": [0.2629590077781108, 0.7247677198309788, 2.6486195378064123, 0.5264248955296633, 0.40534344124598815], "fin": [0.6669602203543794, 2.4895911190041304, 1.181586995747051, 0.13449519379639963, 2.137719738441805], "trans": {"a": [[1.0717415236859944, 2.761286545126686, 1.0150438067269054, 0.5626623634855098, 1.217536506432489], [0.7708078306321696, 2.043032418360138, 0.06859968239172015, 0.39465430164503124, 0.6254300474346813], [1.396987794356354, 1.6804456636053775, 0.848783586423259, 1.7954101743747002, 0.8041758964517975], [1.3552743380217156, 0.6311254248703574, 1.6360871490105313, 1.9745490131119259, 0.6211633588236728], [1.321907933541601, 1.0339077311724068, 0.34236333918932027, 0.43648245547789705, 0.27879528019422045]], "b": [[0.21046367193215057, 1.1701148844584222, 1.5235889997916938, 1.0506679441028108, 0.43314197032931656], [1.1577180308398825, 1.2279463503290218, 1.0161910074034506, 0.47287829344748633, 1.2264422986988186], [1.639895669701059, 1.0341921902019071, 1.1868321304375913, 1.332871483569373, 0.9592329902026958], [2.221132636447568, 0.6643796155022623, 1.597334959614443, 1.956030839318204, 1.1345439206619155], [0.5603523862606917, 2.7279440240132526, 0.7203055787180203, 0.2235548433492529, 1.1964115119808165]], "c": [[0.21702292706816997, 1.3338859729378378, 0.27009084168371345, 0.22989203673976732, 0.481509781882013], [0.41886052519596984, 1.2782596772450223, 0.22998599683616852, 1.7568320878914823, 0.5748438566190132], [1.45377823405353, 1.5672641755105046, 0.90856205208376, 1.9343978461533144, 0.80841832269056], [0.3863956518050947, 1.1539050430579096, 1.248022467273001, 0.3496362223517699, 0.9884955114168764], [0.36880773820582496, 1.0517234520345162, 0.8021928778722724, 0.8006020609667196, 1.9264914177172763]], "d": [[0.5826770824124864, 0.10636894184186486, 0.6313536500895748, 0.879893103870074, 0.6261232971254304], [2.982440231839462, 0.613724775472923, 0.549324499055587, 0.9355622181464106, 0.9456346731391015], [1.4496361451022937, 1.3162914848465297, 1.279047363535161, 0.6799401331427197, 0.7785319968135664], [1.4251306877793901, 0.5798960574283599, 0.6746481756608275, 1.564610028056598, 1.2919584872345429], [0.4214002510523382, 1.2953510957662788, 0.7159272844892647, 0.1112198159624789, 0.9998842280548045]], "e": [[2.2441939474070414, 0.5695234587224852, 1.1045547275905963, 0.9525337019482287, 1.203504614328562], [1.1742088984253882, 0.9344933178937108, 0.9366815442867514, 0.6979808051375963, 1.6259438891625968], [0.5402073139280155, 0.5780191898632283, 0.3149051016991484, 1.800437287471882, 0.36007231101669834], [0.4659749874885144, 0.18050474091180008, 0.9156774519773069, 0.6005823405067233, 1.9051568807356523], [0.32493855803652355, 0.8073064534741147, 0.9153521468599513, 0.7886984040382614, 1.344883032471876]], "f": [[1.2735408996343478, 0.7582399971742324, 0.21322435861564284, 0.6425994886647749, 0.8310202776261459], [0.6885665263866501, 1.2910439899189066, 1.48712459017271, 0.025073380633084657, 1.5562890096319653], [2.746462517940357, 1.2552973595436772, 0.43416041035405234, 0.6395557068798986, 0.422340679016127], [0.12005681689714313, 0.62944250729285, 0.09981268160535264, 0.8931587940008734, 0.7764076503241083], [1.0641722560540927, 0.6008300978453772, 0.7136405420639277, 0.801025928421958, 1.8637769504557304]], "g": [[0.4866152879970931, 1.0881965418893225, 0.7884808116090224, 0.6468962682816625, 0.7803407098958755], [0.48951979320234984, 0.49904485636433044, 1.0797751008334469, 0.24013669763546747, 1.7202440817133313], [0.6971308224327633, 0.3221272167734138, 0.12336589290301316, 1.8116002574164718, 1.5681177036983065], [0.34937304031251787, 1.4360688219765636, 1.026233591492615, 1.1628645945157845, 2.0367289806236992], [0.540992503571283, 2.040102957694264, 0.8530736042704301, 1.3293996269207062, 0.4623228921882696]], "h": [[1.2862545430453167, 1.3444327321673366, 0.09400834509550413, 1.1074612518534745, 0.5254859424218787], [0.3894722090443297, 0.49104611748826726, 1.24185304069406, 0.4065481477025845, 1.8533166135436623], [0.4708021487184714, 1.5154014994850518, 0.48355523245143317, 0.4410767849696488, 0.53031648140065], [0.4253145673129246, 0.7179263602346857, 1.5361199371058645, 0.9838382895848771, 2.83514422745909], [0.8178400674220073, 2.2863093607705998, 0.45480014675182806, 1.1882514392945165, 0.15386106015902426]], "i": [[0.49006590059905536, 0.7009949135358332, 0.2550713851840065, 2.2484907484110725, 1.86901955734924], [0.49990751602107514, 0.8872423596846895, 0.774495642149251, 0.40037882744686404, 1.4266505391973703], [0.2635588189799691, 1.0957064667124452, 2.0730328592308327, 0.6932075766119581, 0.11580534730264526], [0.26532039290923876, 1.8015713279461898, 0.6251258876489528, 0.37999835474411997, 2.2899873257651127], [1.768996653660898, 1.0771400448286148, 3.409684404316295, 0.9149023916664614, 0.2572826589394372]], "j": [[1.3430233439327819, 1.1693453697864993, 0.31424748059258106, 1.9363494295457828, 2.0802220021128455], [2.2789622148317754, 0.732790821995831, 0.7401848494026965, 0.19805411505109002, 2.3747986760056805], [2.3460329832624116, 0.5503609112761229, 0.963036671707309, 0.6048508379074373, 1.543453093578185], [0.6546448278629461, 0.5631661897383843, 0.8524646055514533, 0.9705137729658603, 0.12691109155682265], [0.9644442963850813, 1.6600815989600328, 2.638255667760908, 0.6490380538399185, 1.869942608889975]], "k": [[0.9188153886266514, 0.5771283110924086, 1.1942376687262477, 0.35574563340328935, 0.5588659494347906], [0.2111280140933029, 0.4943908921331795, 3.096421707551189, 0.5872238498145426, 1.202324614546357], [0.5560549211999088, 0.5171337261965963, 0.5374425330154813, 0.37020115155179545, 1.22407745917444], [0.2798954128718981, 0.17037264692659587, 0.7307680211571431, 0.2689192297005671, 0.7347377812864851], [0.2897035497308113, 1.5414928050223682, 2.598627574824407, 0.930070790927065, 0.2197337566895275]], "l": [[0.359670688584106, 0.9758415315272212, 2.019996323967827, 0.39797778203723316, 0.1886691618473104], [1.183641873340178, 0.9786850883146722, 1.090609279898667, 0.8582982306575443, 0.9849191461000494], [0.975642124776167, 0.6090509408044281, 1.1132824408530293, 1.2156874838000686, 1.7984778382384867], [1.057637000911585, 0.9532402102848758, 0.3549957641035529, 2.817950969547722, 0.30821978809888484], [0.36155385922210975, 0.2798937206563117, 0.3406883950276499, 0.5508258480771858, 1.1546060245119452]], "m": [[0.8229955861119246, 1.2194361811851246, 0.18020904805900906, 0.394149650936061, 0.5226884494925875], [1.1335392532128197, 1.070550621416899, 0.9785612103209733, 0.7428572067855778, 1.1040745113060981], [0.4678478661531951, 2.60493753232735, 0.571855654230985, 0.5793431192641422, 2.2750678804849187], [0.7766203899789432, 1.9132780358400585, 1.4455969368678099, 0.9991011952670147, 0.36891638132746946], [0.12860589703756367, 0.9898612751047441, 1.8456205524059048, 0.37801505398879287, 1.0964871018962676]], "n": [[0.6606146236171313, 1.5770863707113112, 0.21094924226225073, 1.2228196142052483, 0.5410937827083777], [0.9239254227866655, 0.47584745534579, 0.47202163021398247, 1.1680545913689038, 0.7891907744361609], [0.13300632682955155, 0.1687780984711593, 0.5203430913461808, 1.2892011676901673, 1.6810040721346895], [0.6525228032689872, 1.059940277579826, 1.968818394383771, 0.8337037758648064, 0.24416868177916798], [0.867987563789154, 1.2341127862313335, 1.2692330173740278, 0.729836766751019, 1.1739572676272594]], "o": [[2.2347087559150616, 0.7231972201350995, 0.7634186245160902, 1.1009779749585122, 0.7232619796337335], [1.7601138834455374, 2.5583300518281766, 0.7398392442966916, 1.510495339925909, 0.33356193223720054], [0.7371918121019981, 2.900402333221483, 0.7216095156902257, 1.4257202860190976, 2.305524206302756], [3.293031007082473, 0.6002837773322308, 0.5860505168937318, 0.6912227053985766, 0.30432180374939327], [0.15260827344938355, 0.2529016466367402, 0.5065544859457771, 0.9192329194042972, 0.7374555098359858]],