{"ini": [1.86056630934257, 0.9015476404700259, 0.7003982670682738, 1.3720841905158787, 0.9981460499243713], "fin": [3.711035126341685, 0.5261697834971754, 0.4229049461616455, 1.590345740817967, 0.7170014343595026], "trans": {"a": [[0.14824998800735217, 0.9571506045370375, 0.28468316376418806, 2.9149742319214873, 2.3231528175706386], [0.9774101724913791, 0.4238763685338352, 2.485446709332259, 0.807894297399636, 0.1293324205342537], [1.0584486921976084, 0.938652450841222, 1.2993417280902597, 0.14186679337266253, 1.0112357952795692], [0.5549038951841981, 0.6160456895208062, 1.1710706071608257, 0.6879340419192466, 1.603212667831126], [0.9238546987547462, 0.29420526799369945, 1.2503604452438009, 1.061824369293102, 1.3488870092675478]], "b": [[0.5880018172686595, 0.5989308438450893, 0.031873582610554, 1.3847787692033495, 3.4310353665764692], [0.5331898249354896, 0.45431831566473346, 0.23551360835806195, 0.36656902764614985, 0.888497596263156], [1.0122740715155547, 1.0235531464200578, 0.15715186564509226, 0.15604536536628605, 0.32152867344686414], [1.339651927893831, 0.8460576084138505, 2.0765980690234063, 2.3335192995474627, 0.12376377717430723], [0.7752701279583115, 1.78013726048322, 0.2786675007410012, 0.8636488859392019, 0.6432090866081622]], "c": [[1.1245575142913493, 1.782121335748755, 0.14457017733757424, 0.6082962314867036, 1.001776491655596], [1.354059243452853, 0.1211907481048409, 1.795698266966663, 1.0556255641368677, 1.1765739440115057], [1.1251135869581683, 0.7687320559278858, 0.5095485991657215, 1.5525997136514713, 1.1091178502506756], [0.15136500768454508, 0.7822410531227912, 2.121399242678551, 0.3842684640439577, 0.08397810516863151], [1.8453094250954316, 0.2759803559588083, 1.883630534132929, 2.3274396548888587, 1.071934647012923]], "d": [[1.1853370981243643, 2.2689649063065294, 1.1664331421516971, 1.3274690895508197, 1.4719873909110135], [0.8773238384065679, 0.8903243720350118, 0.5357053282626496, 0.06924215254425371, 1.5999545045781016], [1.9959786321310262, 1.0518342176183975, 1.4063040997684708, 1.8084894529609785, 0.43528281713320627], [1.846213788371871, 1.0007017326177172, 1.0058239968911267, 2.828781415510725, 2.0933837760617218], [0.41355578314768454, 0.4223142838850138, 0.5276344736220292, 0.8796898622863375, 0.7701107941720856]], "e": [[0.7996311289933995, 2.628349984811157, 0.8222851917681148, 2.6118135043587807, 0.24270109667203288], [0.9934075023928531, 1.359027868161311, 0.928913524294003, 1.3332213508865638, 1.6539572286587345], [1.7113274491364492, 0.832601539335675, 0.7806348929937325, 0.9107096994846219, 0.9695946232615614], [1.4976592325881881, 0.19426780782712322, 0.6743471394729447, 1.6334064794969636, 0.6425138319247514], [0.8698558052820592, 0.7002724131565277, 2.0338265137347107, 0.7980555576048255, 0.7091787581676665]], "f": [[0.5585898834239927, 0.6974970447658854, 2.9811176133484043, 1.1254892361306854, 1.4294206493962223], [1.0747573445397955, 0.697425978822998, 0.4202506075274158, 0.5786995840408798, 1.0043995686931688], [0.7587622710209634, 2.7153099448385953, 0.995733619031217, 1.625020462533219, 0.5421739322692358], [0.3864859423302768, 1.1099135766685302, 0.43353738708356543, 1.5690563658168097, 2.2770198844478395], [0.3857931746081083, 0.4688708653753404, 0.38211505719070304, 1.8305959285029705, 0.11665427409570958]], "g": [[1.1581096798856216, 0.32150663380093725, 1.5931076476839965, 2.5110311878598486, 0.9322923477888947], [0.9067382588425029, 0.5072141221203114, 0.19058755558980192, 1.0643967177123441, 0.6501148147039719], [1.2274341589080051, 1.1307377976738606, 1.4063081686276937, 0.7295533660152722, 1.5848626852860077], [1.0471464510980826, 1.7092266249580013, 1.69666366610128, 0.0593271233292194, 0.353876766054732], [0.7199819023650188, 0.6374466720253471, 0.5618070424513079, 1.4512227142744478, 0.9896252021390913]], "h": [[0.3954522127342795, 1.2543348047802156, 0.7539324951538947, 0.573862900543369, 0.31729932361999735], [0.4809629193189799, 0.629907823177569, 0.8076794357329513, 0.30958301138291466, 0.6932935701400521], [0.09679609043986181, 0.9305594285032408, 1.1802871843045601, 1.3218630912693117, 0.9671782749639465], [1.512511986387321, 1.4191780932476166, 3.3822397996744575, 0.45519859933465895, 0.5862915531921882], [0.709082571792357, 0.8897588200275242, 0.15341109011253098, 0.397891161556379, 1.0406850681749675]], "i": [[1.3859022825800036, 2.020316776941688, 0.45962464373383993, 0.9430532091576582, 2.2343788259578825], [1.558049166183373, 0.6853889890913206, 0.9191206020774028, 0.6579053393590321, 0.6855165267438866], [2.2242491378158133, 0.22561988134603056, 0.5597531170721707, 0.9407140832105548, 0.14561426946303022], [0.9567489005738132, 0.4361722924810099, 0.37593085863174974, 0.8560591240662023, 0.49702448623788636], [0.6890068590495131, 0.43237822146085675, 1.0930599710052973, 0.6536465064812542, 0.8785041468538389]], "j": [[0.7817276623633819, 1.360245610741868, 1.4619072815695515, 0.32502759769782363, 0.926572334076838], [0.9268603419547315, 1.1373113260372856, 1.3274631225779325, 1.2038929647032395, 2.872161987736742], [1.739441742849133, 0.5977139467408517, 0.5266355635200082, 0.9912892436211995, 0.4644981636405767], [2.9082814179806156, 0.10947146275634734, 0.25546284741788416, 1.1553923342126915, 1.6591069800793496], [0.5546013539810452, 0.8508455870262133, 1.0349989325010232, 0.48161019888532136, 0.2912842319052017]], "k": [[0.24391893945517215, 0.8368277801919674, 0.5526483710012341, 0.16762896397130622, 0.729001039601099], [1.5308328023691329, 1.3547494299316714, 1.3614041894080193, 1.3939756491870934, 1.3556100873802626], [1.0166981196831, 0.2725486413650131, 1.0885921260354194, 0.8324021441427505, 2.455988844170422], [1.0902983862158773, 0.9762506909733147, 0.4112213038091004, 0.3237747330412556, 0.6764676007817515], [0.8887700725954997, 1.0030174604441136, 0.9390085439915201, 0.49346097526544713, 0.5729839031498328]], "l": [[1.2166957386342976, 1.7322011845256944, 0.5097810847853249, 0.2498116381500063, 0.5227315696727999], [1.0126068394010237, 2.067024888909447, 2.092803306255842, 1.4569266349491945, 1.4476749316202278], [0.6952979492413559, 2.91006149697425, 0.7738805823519715, 0.699103700262483, 0.3419807197761523], [2.139014931512612, 3.3280644249118607, 0.6394160945609253, 0.6874304933613258, 0.2707457702133339], [1.1229451808621231, 2.410457880753662, 1.4121052470428377, 0.28999318153409254, 0.5326946915818457]], "m": [[0.2969658143600076, 0.2898254103230979, 0.7423137435606669, 0.32260078636731515, 1.0365083725651685], [0.520900058813683, 0.3119384169438908, 0.9968254488876823, 0.2259650813161327, 1.8138499441951443], [0.47828039387159804, 0.17508660693398667, 1.3566209801074445, 1.2109117476226186, 0.5860069148720867], [1.4793563101399323, 0.2806938592892624, 1.2112913808564425, 1.4627089289459183, 1.1569093173290053], [0.753121524161638, 1.490714085902822, 1.2692241948483847, 0.17694298621355667, 0.21872594834211673]], "n": [[0.28043951119052585, 0.697364745106006, 1.0956355306008447, 0.39715104140784363, 0.7498942065928704], [1.6410972744770136, 2.3593618683102724, 1.259263850693019, 1.1251625036783184, 0.8073555347590959], [0.6247308104276796, 0.11928288927500884, 0.2635180782879456, 0.9714150146898192, 1.0541050170322788], [0.7995472191237326, 0.5370709739408205, 1.3487624633874, 1.2326103177170307, 3.1220626497141137], [0.66880186934559, 0.5053018248707646, 0.31878699690194573, 0.4892571830729308, 2.000507319585193]], "o": [[0.08878349351417605, 1.3265382170208049, 0.9681355235810106, 0.641405422081702, 1.2465990260994317], [0.39675522350836223, 1.4676064106993438, 1.9057174580853047, 0.6074559500732087, 0.8749693866417485], [1.0277060836929601, 0.28902887700756746, 0.6751557485716305, 0.8334543655570892, 0.703331340698637], [0.5974673492883232, 0.4361596101404698, 1.3834106508637511, 0.2199327362345463, 0.17356356546872131], [1.825133994985032, 1.2317091539132246, 0.44835547319727204, 0.979062495080519, 0.7220646600953827]]}}