{"ini": [0.37811681018722276, 0.36609787431847113, 0.5287331435230481, 0.45218002378149186, 1.36570894205094, 0.9293347723218326, 3.620060186082273, 0.28077326152504306, 2.535928016163337, 0.44484175127631004], "fin": [1.547262984697439, 1.7825874887291557, 0.6218069717942127, 1.3354414689735066, 1.530905409258794, 2.9210524201499894, 0.2779139919107778, 0.7075070826479412, 0.4340518466676299, 1.130552188728759], "trans": {"a": [[0.3070519941944285, 0.7116674025859854, 1.1169198498195516, 0.32814507958479466, 0.7361968155044756, 2.5092181275339502, 0.38228101534874404, 0.961189744182796, 1.9779536254432437, 2.4661991678796187], [0.8480715375525488, 0.5117706403960127, 0.3927515513504082, 0.9086987907830029, 0.2523915501710995, 2.4829994511732068, 1.180936423406692, 0.29116165025293317, 0.12369696101684721, 0.6970634505796757], [1.3718209406770787, 0.6740705551037148, 1.2912875374880601, 0.7708431506164467, 0.037966443061843984, 0.316083363493596, 1.160828258890989, 1.3594953103706195, 1.76785136006088, 0.3255958920171581], [0.6715091542123854, 2.1312026951852636, 0.3238375468690771, 0.40140721038621696, 1.8179748708451904, 0.7928352129369552, 0.6999365626458064, 0.6981098750914643, 0.4120284747913488, 0.719939116163116], [1.4066994291554085, 2.3334570947730824, 1.922702910829675, 1.0893869722943503, 0.18285728039585583, 0.6918521523105892, 0.4180970078614551, 1.04255543807438, 1.57817823733089, 0.4456382527911555], [2.018335681024283, 2.434571190934604, 1.8103201728441973, 0.9111499697019612, 1.5053728984537766, 0.45577167958205833, 0.3485157221790166, 1.6816631777567341, 3.8652379300289317, 1.0405682272561236], [0.8930085998955486, 0.9387403115645232, 0.7474178491796278, 0.8089575068795386, 0.18974825621839964, 0.9327993583789814, 1.0905717119091365, 1.951831230824489, 0.6649456262074003, 1.6030890464142553], [0.3842375575535368, 1.2181831420213856, 0.2867970157777687, 0.4059726976894187, 1.1081557114330802, 2.3050849163495735, 0.6460430904314522, 1.0703642900060804, 0.1582499256675442, 0.5745334768237476], [0.7853165095303873, 1.3056408593885211, 2.234126265982952, 0.613126797949809, 0.5605164375510301, 2.7576896485576197, 0.89404596763925, 2.4947680551936897, 0.5973535906861881, 0.48717569105322317], [0.5236768298224538, 1.2466877234320586, 0.9092221540448597, 0.4018704285054924, 0.5014382839860824, 2.7069220948913215, 0.9198474047454007, 0.486359694994659, 2.725924347228477, 0.946377836599102]], "b": [[0.3919280389350012, 0.45908906353698237, 3.613688829075213, 0.6916735550179647, 0.7793875968330221, 0.6865920996481077, 1.155891962948575, 0.7935985855860443, 2.3602689644030797, 2.933072351038937], [0.6291932567066911, 1.7990054209394002, 2.51610495720539, 0.808740499933263, 1.7333096229666978, 1.2038322650768347, 1.053876707878265, 0.38983706001915097, 0.21664574637277673, 1.7296658884443215], [0.2584865976791346, 0.7154013424728483, 0.7687554382919496, 1.2126688945431638, 0.269204496764559, 0.38821076170958363, 0.2535830393909917, 1.0055799129191487, 1.1042420690530284, 0.3705736979987256], [0.24471372884770198, 1.0111762524648527, 0.6623082683303056, 1.1958422365479713, 1.2775917584441687, 2.4460239478000716, 4.1553582951909265, 0.12411041620260285, 1.4524308158832226, 0.3582719947897017], [2.624898857533608, 1.4975913310456643, 1.1225117933519608, 0.8589868955109724, 3.61027044138636, 0.5241104272947832, 0.6882038891091856, 0.7458466627566346, 0.9720145731053069, 0.35052426746884713], [1.475039200019766, 0.6235135607005857, 0.7533449823789795, 0.6729496177789391, 1.5467439269852388, 1.8940789077570106, 0.6356400548563574, 1.1435146488112578, 0.6617466117222641, 4.674054984908512], [0.15779588577651746, 0.7847774239290194, 1.2280221116730619, 1.552438774324494, 1.1898566571199973, 0.4192933022356078, 0.4689375817448277, 1.94047961825321, 0.5745878220597224, 0.4066031584145743], [1.4252007395159136, 0.8310504048865561, 1.8990030240208282, 0.39157578855516606, 0.36585971538915735, 0.6279516717648997, 0.8526939265467308, 1.5226471633003535, 0.5188094252592261, 1.3347717569676074], [1.9373059350201953, 1.9291583394041742, 2.4903023952409464, 0.9753360801869492, 2.16480357369851, 0.9133595638120572, 0.49353300054557625, 1.2552322997327183, 2.4048735705944524, 2.1160060087883776], [0.2897698993704886, 0.7499562892013839, 2.2052361075662525, 2.8349649093320117, 0.8733073577675012, 2.7134533214262793, 0.1284614254974216, 0.6525669126875602, 0.12309128840694536, 0.04882745745123172]], "c": [[2.2520139692077965, 0.806220874538622, 0.31141182912400084, 0.8334627096063201, 1.1573515040433766, 2.2305286587301487, 0.8111913033763495, 0.6867226083981417, 0.209707909371628, 0.29195173480952236], [0.7362377491127725, 0.8323275587154781, 1.2403524601954576, 1.6137999039305555, 0.24767240706602353, 0.5228700841333893, 0.5334546296217622, 2.1571582533362426, 2.0193049526581137, 1.4224835143636252], [0.2942400930185166, 1.7896760514680374, 0.42520829500713864, 0.7475160157604903, 1.4908435671389844, 0.9967269299429753, 3.0742104414248734, 0.5808169903539289, 0.7911192714281434, 3.244825106920501], [1.9092539280396168, 0.930319170147045, 2.4605708753452635, 1.2939434408175339, 1.9523993564208908, 0.5714631964309562, 0.333604772611364, 0.15745241350136976, 2.631458053742694, 0.8164416408868638], [3.029561102942805, 0.8240311493576725, 1.7476578602590553, 2.5688357026615187, 1.8268970916272262, 1.3932852425887479, 0.5151428594513615, 0.1595131321623061, 0.9576679521908393, 1.9562208215904708], [0.22362189876214084, 0.11736331671148069, 3.0758641919910854, 0.9419397975643417, 1.6588292266833418, 0.3521462272338825, 1.021150466884179, 1.0778455291294213, 1.2741711171697032, 1.871659280127895], [0.48591740483095597, 0.9550498944837562, 0.7640386050132201, 0.8304808010953417, 0.8370740413957253, 0.542041667371228, 0.7337593244675277, 0.834629482336594, 0.32598394843068546, 1.4929833569643167], [0.6671499239454549, 0.6896369864331413, 1.4818512978795992, 0.318308485524469, 1.2452638656575519, 1.8586605562267011, 0.2993939944082568, 1.1771697538142107, 1.0512274708215743, 0.831505209483818], [0.9843752372706026, 0.3737271995424046, 0.1389317817607421, 1.0734886026131312, 0.8014846589119876, 0.5563261685133701, 1.6775490280760839, 0.9804662704592809, 1.1628278777358902, 2.055920776809045], [1.0220120544234053, 1.1306378890976956, 0.6692703204408004, 1.5294111362698712, 0.3079595109910252, 0.6902021113176199, 0.5694276680432172, 3.9251292451775432, 1.2408023448375847, 1.92195247662017]],