{"ini": [2.222520348347252, 1.003881688751305, 1.6044698507210615, 1.9744177631835933, 0.9359344294671335], "fin": [0.771595569681767, 1.028303587504511, 1.2840381303753376, 1.202654956840684, 1.192708439563315], "trans": {"a": [[0.3102150514004245, 1.1868836469698072, 2.506417797089515, 3.4599831525321165, 1.0838154434306078], [0.5504590110027408, 0.8439409469465896, 1.1421325336123598, 0.7302173619497369, 1.5471851865382849], [0.35965438497402813, 2.2598567072991225, 0.30126233189466145, 0.4262125593356576, 0.1883939123426888], [1.0852357143925173, 1.2924294291933411, 0.43258107453988015, 1.6770770985211836, 0.22868015886579113], [1.583640978731962, 0.027439392007503734, 0.8294797604755287, 1.6260470638865965, 0.6759433330750428]], "b": [[2.2087139294577245, 1.8317614745777948, 1.0632490613372103, 1.7913866859792094, 0.5618828791916849], [0.6704101640656923, 0.0922057438236881, 4.38797326096615, 0.21704004476839955, 2.2213908952604817], [0.8651108957379913, 0.5662250340141378, 3.216398618941393, 1.648305661061887, 3.9916839036325924], [0.34222857508702714, 1.0927948755459989, 1.194708541791082, 0.9854913635644436, 1.103209702470314], [1.218312639877212, 1.0942862556478705, 1.5183600915788453, 0.6399712559991632, 0.24754182238232245]], "c": [[0.7364809311476921, 0.7842709750113256, 1.9191062532600678, 0.578809073322625, 0.28532825205095996], [0.08683094105498067, 1.5423658394821724, 1.2671512287795959, 1.414287763408936, 0.19710760247078113], [0.0766149471497522, 1.1134136815398392, 0.3966853448962023, 0.5273515605678569, 1.4829678106791353], [1.1761489732331254, 1.4592971676814124, 0.5492983291736308, 0.9698675250987314, 1.0352632966380342], [1.7550403140496866, 0.5807280300591384, 0.5378157342827371, 1.1370651371945417, 0.6657591719796134]], "d": [[0.2228985200870083, 0.6926311884978922, 1.1054598900790757, 0.2324914243978558, 1.1294152251719354], [0.3281229115761846, 0.8191267274518947, 0.8730363662737272, 0.49780772384292793, 0.6677572681269315], [1.0587297955362274, 1.0134725417448662, 2.3550784576730277, 0.5006005110645493, 2.3459584845307075], [0.6014098036096859, 0.8878809314576819, 0.3467801041573853, 0.5764674132970163, 0.45611408219290617], [1.0832869765376112, 1.1432100648908796, 0.39747289458724133, 0.29246328485039325, 1.6234203688774962]], "e": [[0.5492871456091514, 1.2441926517570587, 1.6065823379447066, 0.17169727352286124, 0.5444133896133037], [0.07921334958355651, 0.9831004889892683, 2.0772579701532834, 2.1193156732010605, 1.3473414077385193], [1.745000668228611, 1.4395086593716444, 1.3391543699878146, 1.1853179206441675, 0.5355314784433387], [0.8363288396977935, 1.2988869774547571, 2.0186523137521726, 0.7529678482423934, 1.2895887047010954], [1.0132779119193167, 0.698611449736682, 0.30697388182873203, 1.6173188092290365, 0.8046815131200679]]}}