{"ini": [0.8555509496685878, 1.3407060473486623, 0.4883656634483926, 0.5109417431318145, 1.1369823770606446], "fin": [1.3635387234996248, 0.8898655087511981, 0.4514028095145778, 0.5644875641757309, 1.0167478737127176], "trans": {"a": [[2.2022379052397127, 1.2488558023488834, 0.7034023131472387, 1.5336874120523545, 1.0935742432690256], [0.8297631900087934, 0.9819987466736609, 0.7973762911984035, 0.4202532696359186, 2.0895436867070205], [0.7975712244799905, 1.9784005692504296, 0.8653522756244664, 0.646734857690116, 0.40381890951632105], [0.9338543735792242, 1.393641012034831, 1.1429032927253184, 1.8624779118755808, 1.0590029510010626], [2.8546964946166415, 0.9069415074102807, 0.30209920207302216, 0.7386264364815671, 0.5828373768303899]], "b": [[0.4809969980126083, 0.8736514545924033, 0.6992176580601408, 0.613280888579869, 0.8239982168903346], [1.191498499377914, 0.8144870356254761, 0.8053415148245922, 0.5459352751637054, 1.334285164997701], [0.5344265333641648, 0.24631024993635173, 2.000569198662277, 2.442258020642208, 1.3804379327001028], [0.9074369940268775, 1.3068659747058007, 0.5887215926488552, 0.12859346309882158, 2.2639163086950695], [1.776947105488885, 1.304606046035303, 0.7102442638710317, 1.291644830556423, 0.644870741211373]], "c": [[0.33442137703663344, 0.4465614141641892, 2.245250999536609, 0.7859824394926966, 1.4031212404452034], [1.0543073275771264, 0.94268421947231, 1.1413695841899894, 0.40302122222722325, 0.2434605807076593], [3.6444332338367036, 0.45889206024136847, 0.20494762877565095, 1.1469633139047999, 0.522572636440053], [1.090088466367217, 0.6771208128449089, 0.885486382009567, 0.2890140145864419, 0.6447718926020598], [1.186850950714095, 0.7841392836865819, 1.6349885700862374, 1.3550488199801705, 0.18064689033460726]], "d": [[1.1232579979553023, 1.4821259323852813, 1.2877034549518227, 0.8046790343125906, 0.6455549035170893], [1.116425583611146, 0.5206004297026905, 0.8106167005974254, 1.6507147865805818, 1.7284832965850188], [0.8297968119668158, 1.0045403222648632, 0.9470262220990832, 0.21601722079601302, 1.093389853155202], [1.4911468917416335, 1.4180897147460916, 1.3104190996886906, 0.7830322909214347, 1.9202606975675511], [0.30255672036282166, 0.7564445148290313, 0.7385370324906779, 2.3048150693686495, 0.10228057265319707]], "e": [[0.5704960029844318, 0.9328753917744408, 1.0043179819651586, 0.8765284655492145, 1.4623266916698134], [0.6652293555772014, 1.1235599830704628, 0.5397070336414438, 0.5540972870590322, 0.4412813532025414], [1.016418983158289, 0.430433970060224, 0.9883913355788536, 0.7685811775552661, 0.8987459522470544], [0.8666943084939288, 0.3889469352708257, 1.3704757470520121, 0.6752526258647451, 1.7052179816969726], [1.1847688142451025, 1.6079009369453596, 0.8457871309857667, 0.6798457481135183, 0.38415235444091006]], "f": [[0.6472207821326703, 0.5337972333703657, 0.3837550305851876, 2.481312514193477, 0.9213818353706337], [0.30923221525976624, 1.3204528273824074, 0.6989687367701879, 0.28349473483952053, 0.9896350450671569], [0.5201020101283398, 0.6750744011209008, 0.7929362828537679, 0.7097870915567576, 0.9024995194016774], [0.46264145400900997, 1.729455645148679, 0.19005195120708704, 0.37861584532912224, 2.3904147371771045], [1.237476267309813, 0.4996278637792499, 1.0839102750119964, 0.6163565928377479, 0.7485862660357971]], "g": [[0.6060145581899605, 0.3316145093070029, 1.4632718652798058, 1.1102125857830178, 1.282596605651348], [1.8016865795829795, 0.5893725987277627, 1.0075605373199779, 0.5671380773941994, 0.7335657770465669], [0.25319695961562516, 0.740341525345377, 0.36332933856356214, 0.23911217866607984, 0.2958781902445764], [0.8918677289558523, 2.0405316204705026, 0.8217832162477993, 0.6829204485581144, 0.5021913473541539], [1.5563573986622798, 0.7486704636513879, 0.36717687309902836, 4.167954329672417, 0.9505668338849645]], "h": [[1.2018268128126928, 0.5208557000921631, 1.4611976076002255, 0.6074356744483721, 0.5101383557381807], [0.4049742589424182, 1.4028130620005435, 0.7412646939534766, 0.5991936225560995, 1.4449765133337433], [0.9729573163880839, 1.9143650726954475, 0.48602786006028503, 0.2077281109584184, 0.5935436130587589], [0.2664525161859903, 2.481372752128288, 0.7090417225722145, 0.5001280441904593, 2.526122299244477], [0.40219876309041985, 0.8658617592106121, 0.7777062308707101, 2.182221693084042, 0.46169669850048484]], "i": [[0.08663121117695695, 0.3985444549217303, 3.0308541327267218, 0.7153558496998523, 1.5463143596364972], [1.011450348261375, 0.5204290694023321, 1.1109479150837565, 0.9306116081177422, 1.253463070309992], [1.185022863037137, 0.36254703195578264, 0.6386855908522887, 2.0487853036558463, 0.1985986560700302], [1.2451178839599946, 0.3806653489152251, 0.7873228441263012, 1.1159439121575871, 0.7272085531361445], [0.3798188213210762, 0.9837217232125394, 2.324977345167143, 2.3725653786688836, 0.4434958740927602]], "j": [[0.2257010794014673, 0.7114710561502773, 2.5898856926406792, 0.7387028964825127, 1.3533821612639056], [0.39376144787319817, 0.8816424116762425, 0.668694768224771, 0.5318196817731429, 0.6336547504124015], [1.1074528315116607, 1.0781398345297597, 0.27126293328108053, 0.28180007654836575, 0.6990412850857459], [0.8885418912751444, 1.3560779708025976, 0.8351307414180026, 1.1992673369462425, 1.0656114935432823], [0.27327200066216856, 0.7137139156284632, 0.6308711858150586, 1.278147968031513, 0.861053777052338]], "k": [[1.7913016900210632, 0.5085206648422365, 2.43422801969936, 1.0369872662365673, 2.364931038379211], [0.8321893819177321, 0.22061029875154445, 2.359755312318149, 2.439295351521728, 1.2808484428324536], [0.8643606253795122, 0.4065588027529137, 0.42098832921956414, 0.5826020397701457, 0.3482428808579974], [1.433042074498763, 0.22491723632982946, 0.33871841482676085, 1.2887564959818762, 1.2693602889121534], [2.252064472310369, 1.649133167957498, 1.1420819981520312, 1.271345041967388, 0.6031848930639615]], "l": [[1.4362208651088038, 0.2832115774051056, 2.3883721749202165, 2.489160921100151, 1.6613720570710775], [0.9669730980166382, 2.034889305315062, 0.32170169898149253, 1.7653705389178402, 0.616728226528052], [0.7504977620486633, 0.3801881661906878, 0.28023583164437366, 0.566640299236331, 1.3488111259897593], [3.9939832537211046, 0.4826191908996133, 0.18759965377814544, 0.6170582768172875, 1.2178621521148565], [1.1622439982673176, 1.704796787044025, 0.23691589082742018, 0.36636241339709424, 1.618188016833516]], "m": [[2.1634495765948834, 4.007339041310831, 0.33563296021893857, 0.11510953291929411, 0.032763565202548396], [1.0155346756247299, 0.10038172942780828, 0.49306393916168767, 0.928596227977452, 1.697332716388584], [0.4150178450445125, 0.9736412715638293, 1.2252610601238587, 0.1394715235295471, 0.2032235846676887], [0.6590295721999921, 0.7126463716722785, 1.4833593584540667, 2.233150936457898, 0.8838690104779237], [1.6286726613844544, 0.5910035059185647, 2.091138459687422, 0.45332622511125437, 2.052386863660548]], "n": [[3.485580482554996, 0.44437856122681385, 1.3644016302014286, 2.2579633384100974, 0.17160762417736375], [1.9996832137998755, 0.7060127189316233, 0.6163757502799481, 1.3558364592802699, 1.7065146623270442], [2.4665485946901953, 1.1912546106665187, 0.3999312610763541, 0.8005673679276448, 0.6281200083037011], [0.6680857302548134, 1.3876821754427429, 1.773316418316389, 1.134670610956029, 0.8400635531798427], [1.7695497215517264, 0.42665887321444645, 0.4661323053278654, 1.1479177813960815, 0.36963076729895966]], "o": [[0.8216317318471118, 0.13414262266949326, 1.3794795624468545, 1.2522796063447426, 2.1470839257815313], [0.912040841813966, 0.543283009081311, 2.6286721755278175, 1.5745446005274673, 0.58479978153372], [2.436714307796007, 1.9921645004868114, 0.7290847341559175, 0.8726170459098337, 1.1438289714523104], [0.10490314610732329, 1.9962297043564858, 0.21422541366177436, 2.9493548534045266, 0.5338215201458759], [1.1026853216030066, 0.10718538783724951, 1.3015225024494634, 0.7136242859030303, 2.0848055267361167]],