{"ini": [1.1727446435252895, 1.0952489920796733, 1.0629947874147785, 0.560705856557554, 0.2719192394832403], "fin": [0.38525616731742685, 1.0212123136016868, 0.6005627168912052, 0.8685108869459363, 0.1665815697608713], "trans": {"a": [[0.10536530007860395, 0.7352023714168355, 1.5725913838937355, 0.39496855779842377, 0.5520975950375558], [0.9806114747115587, 1.007797579796708, 0.5031236697449645, 0.9086812355543474, 1.9670076156415293], [1.3065426272672274, 0.6479596842643811, 2.621368080254027, 0.8462078190084745, 0.47444030482971405], [0.3053287040134317, 0.6397780660242475, 0.2049376441261508, 0.6491573569654309, 0.29618844973844716], [1.0481093074571077, 0.36021577043093217, 3.610380446973543, 0.6965162075806101, 0.8953585705090132]], "b": [[0.6608942998442324, 1.2660618416885576, 1.6554116763412963, 1.705825664663101, 1.2875816153354456], [0.22831663098680752, 1.5381132760861584, 0.668612916984109, 0.38044038441931405, 1.9087697877660792], [2.1215498158244306, 1.2017379056115194, 0.1206957076410197, 0.527660796750265, 0.8424105500119863], [1.3489747576981463, 0.48282860085776924, 0.6079262280928341, 0.8662524129087964, 0.7453265258741555], [0.8981095055785987, 2.574233190589226, 0.549048097043165, 0.49987516811560245, 0.5162119940522719]], "c": [[1.3839038116491735, 0.30584246116649233, 1.512808377265488, 0.7376040282710321, 1.3828419938620975], [0.8941001686946941, 0.9171063514136434, 0.9522019888393548, 0.4682902633378039, 0.6300436949075435], [0.7409128346210825, 0.7406815789631678, 1.8471683059489252, 2.3026433136309095, 0.14769478607836115], [1.4222321175426909, 1.2713275819274281, 2.053662471148172, 0.6225035621444416, 1.0561516378068885], [1.608818142393909, 0.5889314468049527, 1.3437424267402232, 1.29872671401074, 1.2095795107730638]], "d": [[0.980465642559305, 0.4631750101727759, 0.5118544362832066, 1.5553508074335538, 0.49052755383128366], [1.2444574247377669, 0.8617808381936062, 1.009519590145361, 1.6506000054195846, 3.0802991833908], [0.6998686190060613, 0.1357175385990493, 1.0692552729950786, 0.6457211661425414, 1.4025984819098307], [1.5035517052323346, 1.1913812886421509, 1.076779801905676, 2.3690484836692662, 0.964721638932455], [1.4472577750763074, 3.423475863673693, 1.038187732925525, 1.8819844283119536, 2.599346035542018]], "e": [[0.22105705841172807, 0.8990270672747674, 0.3258401569058144, 0.9461521359138735, 0.5098649998539982], [1.8717760275693107, 1.8580691217790706, 1.068836391598918, 2.362945086613833, 0.5421453293735781], [1.6989363254636696, 1.3683313142578712, 0.24353842865934738, 0.748137789748901, 0.16707432396941102], [0.7760062775308543, 0.5196597012812175, 0.3752093447177301, 1.2740727388884514, 0.6600854133160573], [0.3736538024933157, 1.921491951544929, 2.3260062103558963, 1.5525575964044263, 0.3839784739354951]], "f": [[2.8517538325533076, 1.3996621166244334, 0.9848487158559815, 0.3076095347821758, 0.6527336691775264], [0.47197357445967575, 0.6841561131674125, 0.19064674183959038, 2.633598558838188, 2.504737097944211], [2.8635894091189904, 0.5753235078881379, 0.6096516212962748, 1.7253677291473173, 1.1160609597670164], [0.44572131683198385, 0.2644042151471113, 0.5439657905522546, 0.8835585262483311, 0.9051092773518276], [0.39091619421166496, 1.0009059265680964, 0.6169450988851208, 5.022817907918597, 0.4915345509909138]], "g": [[2.2693559905571394, 1.07261987041021, 1.1755288381661368, 0.6766081767359285, 0.07910138338692584], [1.1517430744947716, 1.0305019174680587, 0.6112985462688648, 1.299867037804946, 1.1187421786331422], [1.8861734202708924, 1.3881693587580881, 1.673264051610344, 0.46448788682942466, 0.1254250238593082], [0.9736448046176571, 0.2564093187854925, 0.7576546623547208, 0.12645738022945985, 0.6358714761041063], [0.893600534533632, 0.7408883097511567, 0.6393449939465117, 0.5825603789451176, 0.642594894113165]], "h": [[1.0582703458347327, 0.24902455951832392, 0.41641717437097026, 0.21763235180469867, 2.9661725672018866], [0.2272691000390469, 0.7508871398238663, 1.417904330056081, 0.6916624953614674, 1.395055629361392], [0.9072157791527297, 2.1285823207362715, 0.8451765024501586, 0.44093254789277275, 1.1625473150832422], [0.8117270432850832, 0.7476837494688336, 0.7096679373154149, 0.3278184334539685, 1.068402838570877], [1.1263080338852733, 0.4278143013845857, 1.65647284111821, 1.874485728199256, 0.8701559390971502]], "i": [[3.5813164443460606, 0.2555831217212933, 0.6356295937628946, 0.593777235727997, 0.3016457957289255], [2.4501429979614042, 1.9412209643834881, 1.601157907991336, 0.6009221868985646, 0.5292459536436073], [0.7105730141259075, 0.5807371275286293, 1.6082481080554865, 1.4993621561427242, 0.16717418870184036], [0.42662577500150456, 1.0462993182950924, 0.42544098689879417, 2.0512855006734383, 1.461685902088548], [2.2441335640131275, 0.40991572470831306, 0.16343274678092537, 0.453273687861907, 1.3517440591754701]], "j": [[1.5153430277667168, 0.44355470465408553, 0.6114679208403911, 0.3684459923668645, 0.31947908612191356], [0.44709554473853025, 0.5678778863311655, 1.3277598510938904, 1.5358991103484696, 0.25104700363469135], [0.4159726422064163, 2.8940985859056423, 1.5034586036577426, 0.9485927284958975, 0.7238032033956471], [0.3012879226451853, 1.5016062066825107, 1.8830279447815133, 0.2420648006401199, 0.870372644442608], [2.3481108990072532, 1.577074258782628, 1.8327848412921255, 1.0876485227477826, 1.2498487712679582]], "k": [[0.3925882027822273, 0.5315074618828058, 0.22234479183130082, 0.4112727443207145, 0.9583816452396212], [1.1066176045842089, 0.16273479491885356, 1.177322768836897, 0.16364289174537716, 1.417735754988084], [0.5388165323668275, 0.3271035418959774, 0.9722271073856494, 1.8473406086828759, 0.6064270000190531], [0.3880219963620465, 0.9767834703583099, 1.303575342523149, 0.8899835792915045, 0.20938717550328362], [1.266100530796432, 0.9300059445719709, 2.0743910170708957, 0.19615202825714684, 0.5447613052857616]], "l": [[0.6793002547240143, 0.8934006344608157, 0.8269581859978942, 0.52483546647745, 0.7901997999822873], [0.5959129292864132, 0.36805101891108044, 0.3907407603788664, 0.775033150070821, 0.12503834039721765], [0.5038933356609203, 1.3088923661855363, 0.5897668356962468, 0.5920177076361656, 0.9644873206446352], [2.335843248235198, 1.4387425371498619, 2.847882565214748, 0.46406291591582866, 1.0406611761961542], [3.164290074853875, 1.7175144117147494, 1.970224260784731, 0.4539624651505987, 0.7158032734153645]], "m": [[0.07254410798266404, 1.524489203194369, 0.38395346289611076, 0.36001879636242057, 0.492046395674532], [1.6921093815274058, 1.488217641735106, 0.6046429486745599, 0.21054486585480478, 0.6478766925710369], [0.4736745706572837, 0.06522159626033813, 0.5611161484722742, 1.8079611603239725, 0.7170262148287813], [0.5714720864642227, 0.4619950432393853, 2.14669360038313, 0.7600999306708526, 1.277193175885329], [0.1841135808261946, 1.2149792643322874, 0.9464819737782164, 0.7805442042249321, 1.2123843555687321]], "n": [[1.2225549175900026, 0.35899346341810157, 1.6047985424386229, 0.22018227618065772, 0.7818925414000781], [0.9740490223430275, 1.2657446107852928, 1.1801717424170637, 0.1278180134924452, 1.4748593186806465], [0.33712098661682505, 5.015576482240726, 3.7393222731255125, 1.5608075672911776, 0.6108856108118651], [3.1557605270578124, 0.5246669733700728, 1.3558607886976777, 0.8277991236707447, 1.7642609887358838], [0.013190712624110795, 2.045041889903226, 0.7963823386637258, 0.14126517834312985, 0.8926399328037314]], "o": [[1.7194480862592658, 1.0519762889124085, 1.1592330324938445, 0.7459051307952972, 1.225997045912291], [0.5601290344400274, 0.6746236347541613, 0.6652018336215986, 2.715475593977829, 0.906375648064851], [0.7472391228531418, 1.1135729255769689, 0.2639132498891131, 1.413252208912075, 1.3241911791578735], [0.40082314344295705, 2.301836860568597, 1.047977284162427, 1.3450135449276248, 0.7612048409057439], [0.7057678454091242, 0.9106003491553329, 0.969013211722532, 0.49388165776303655, 0.3472300107446056]],