{"ini": [0.6267695743171714, 0.6742337047869625, 1.7489289167240452, 3.294868405920908, 0.47916617364003694], "fin": [1.3053426036487057, 1.0669481902907811, 0.8853338630899992, 1.1825471421938714, 1.2293599517291107], "trans": {"a": [[0.7306093073704015, 1.2251540236335832, 1.335713048941225, 2.4489740078746634, 1.018183104923393], [0.22921452041039395, 0.3049380222517735, 1.5873352462808874, 0.4358719710116668, 1.6834863322202551], [0.885884669973883, 1.0974708500265626, 0.8855795981941919, 0.43146635574057784, 2.3144823018891487], [0.42729085351865603, 0.7585206048893222, 0.7502359129279725, 1.118309022916196, 0.2761036986420345], [0.9797399561439143, 0.938743551904162, 1.4542721662035036, 1.7339355038915802, 1.437489631493173]], "b": [[0.3901285844433858, 1.1712081079251733, 1.0631428427380611, 0.6289073640471977, 1.8752134832192167], [0.9692697368347533, 0.8230091561210676, 0.09345545886053545, 0.7958755253363797, 0.815485657543271], [1.0370135323282046, 0.4650166233876808, 0.5940306886643895, 0.23258583194730578, 0.4756453405491789], [1.218178144561755, 1.7760472931171383, 0.9756497126409427, 0.597010775864787, 0.3989626710382162], [0.45362487888512515, 0.7926905292334356, 2.033757318066576, 0.39007662371663054, 1.614889325305868]], "c": [[0.29079012233729473, 0.7522544600150738, 0.2623845264664985, 0.5296713904995975, 0.9598588071978561], [0.18883767120814876, 0.332353026366334, 0.23382811338074438, 1.8608951557598563, 0.47000232817224524], [0.1428385374578616, 0.5358977757348736, 0.4531743770668152, 2.058706272696619, 0.6694036132093882], [0.9916209790042565, 0.6629602183910128, 0.8085576444151231, 0.5260951922042895, 0.15372695302581407], [2.381774278468276, 0.2059675578757887, 0.8053428626225819, 1.1075141039013892, 1.9598074654901088]], "d": [[2.1102626177716073, 0.39396487803380736, 0.8499970466912599, 1.5328515666704037, 0.2069453691042099], [1.0371347380481586, 1.1337195337308326, 0.7916057667658623, 0.405441092694653, 0.623110981241876], [1.703599427828849, 1.0514094900687438, 0.3336614427199982, 2.0426215064574094, 0.27914194122182523], [2.2552462100397825, 0.6767582468607026, 1.2207099099664596, 1.0841919488597196, 0.6251547853622839], [0.896579685125171, 0.10282831325436162, 1.0928884055046892, 1.9423637490104373, 1.561985084980252]], "e": [[2.429253293258279, 1.0210224764277827, 0.6689115332613642, 0.8430942995376369, 0.9232097529745261], [0.9232352207638578, 0.7078991301253605, 0.27852371874503645, 0.387260159287327, 2.3927965970975165], [0.8864551778724032, 0.9269806002720593, 0.2938905213521372, 0.20597993029753542, 0.9695106694192661], [1.7201123617294476, 0.23545534734605353, 0.5617730017920569, 0.522306542063699, 1.2368653704192831], [0.47413171215707756, 2.0932690637128695, 1.296371800217732, 0.2752957130450596, 0.4889549700771586]], "f": [[0.6083783506158303, 0.2896623069112351, 2.5584230963392502, 0.9373492106886271, 2.095695126926236], [0.6983960330431301, 1.6306695443815487, 1.2328583381035116, 1.947921587783089, 0.8055592670889591], [0.41822337864916626, 1.9007639173359256, 1.0061347829970342, 1.1761485377401808, 1.6187105641737678], [0.4505501160812983, 0.5487087377555133, 0.431903890036478, 0.24152090655314032, 3.8218029107620644], [0.9006905745314618, 0.6719135243759105, 1.7723090964610038, 0.869889983053504, 1.848990104308752]], "g": [[1.3087115168935641, 0.7444163182220245, 2.290083611680316, 0.3439934533086089, 0.11517478029215085], [1.0217126214981183, 1.6067538101399068, 1.1083867546666606, 0.8780339854467799, 0.9227411896119679], [1.4526234425514248, 0.5644817148314301, 0.05908524858865784, 1.2703591149213898, 1.8449707643498725], [1.0337166380605682, 0.31534847226820895, 0.5954302086337453, 0.7660181124820837, 0.3723191491872756], [2.9108851045310287, 2.397590875102668, 0.9202551406579927, 0.6891966238066994, 1.336989387813675]], "h": [[0.3837211947072397, 1.6219863716526621, 1.1211250968918667, 0.6038240435414302, 1.0722294697258965], [2.333679842465245, 0.45483454312923594, 0.5682744709727375, 0.40454565284293925, 0.8153546763746943], [1.3505853457547727, 0.5398745694900373, 1.4043176914249609, 1.3001735597108943, 0.3487888751274911], [0.863896332817447, 0.8364330532848967, 0.08471733513734672, 0.8348219638021739, 0.6634704937043846], [0.22902634885412532, 0.8540094464334919, 0.6225770815917674, 0.1415828432715913, 0.4633280888976435]], "i": [[0.5703194746767852, 0.7552605731116576, 0.3231954152834485, 1.8894247390474672, 1.6712677641865907], [0.4947930764617886, 0.42500320539679237, 1.358921836307865, 0.9856163200811513, 1.5596436525344104], [1.8986756705694363, 0.49619188792037944, 1.8149142327962058, 1.9943594709243972, 0.9633960469128705], [1.577756445734675, 0.617474935939363, 1.1981265933137688, 0.11712683305585825, 0.3647544264559222], [0.15397852199147355, 4.611797804010232, 0.40342946107457556, 1.0401782288880705, 0.9171311441376198]], "j": [[0.03718442715270953, 1.0804899391903888, 1.6373264498313982, 2.3083997482965963, 0.22284913148804275], [0.7983025841018987, 0.42886699942650036, 3.6839554679413418, 0.4105386789324566, 0.6385453847193535], [1.6725642362844677, 0.5703439213998929, 0.9868930299962757, 0.5970211636029519, 0.5869919988353575], [0.6527807766494905, 0.9092266046762062, 1.256428251533462, 0.28434593954667486, 0.8188146716232746], [0.7587482406983397, 0.9916961843901999, 1.4516524788477374, 1.5315276123884738, 0.6951856546536925]]}}