{"ini": [0.618647528287578, 0.1813061951247406, 0.9963083276733758, 1.3313660955204685, 0.6802247667123662], "fin": [1.204118740505981, 3.8076098719301275, 0.7075035684418401, 3.443429775040515, 0.8223014940036848], "trans": {"a": [[1.277260169515042, 1.3739041656736404, 0.5178469167985232, 0.8754910565918577, 2.404595383828966], [0.6729175363170455, 1.7978336718864416, 0.7753881900827102, 0.3889515521440664, 0.9203634867305931], [0.20181729432583223, 2.208654668658626, 0.4191829822187501, 1.5974618298355543, 1.829083986527964], [2.2679970154466855, 0.7014802636522488, 0.6948555305914245, 0.9318816124051337, 2.31244169435772], [0.8686473658980006, 0.17478330271637865, 0.35399109690389535, 1.4966627526149705, 1.4522617903143744]], "b": [[1.1575999199840237, 0.4185938895730728, 1.5887392273127174, 1.7386879327884242, 2.188109004275436], [0.1529160290246667, 0.5555311446334957, 0.4572166888586273, 0.9971540098786882, 0.11111454170311437], [0.10065850049149366, 0.9543176125394972, 0.655121301368575, 0.7734749813080546, 0.6990012839743848], [0.2233322801368797, 2.541307337468254, 0.5534302639583123, 0.501900856043568, 1.1524226107594535], [0.14074337833639938, 0.2677712458358941, 0.10328788729265366, 1.9790579369255366, 0.4214397804199163]], "c": [[0.31162636105543384, 0.3219173148566982, 0.9244247236208538, 0.2629471836984728, 0.6282572174241372], [2.422175356214709, 0.44869384863335965, 0.7654975955062718, 0.4115758079977869, 0.06718374932466664], [0.7249284894881999, 0.5174395363693373, 0.4830440369977447, 0.448770516243661, 1.9126419533980221], [1.5094411652627118, 0.8560956791057852, 0.4465152175641618, 0.2004933420371254, 0.7921423881019426], [0.6131783863441536, 0.26823908105178534, 0.4130234686453482, 2.176629691884395, 1.214559648065394]], "d": [[0.3054319817568326, 0.29448749740692226, 0.06095304056037556, 0.7818663017025012, 0.12000613031905923], [0.3469677484216314, 0.9283371543419593, 0.5317771280088076, 0.5179980084021636, 0.7973719604091483], [0.801558537192204, 0.3494704925606479, 0.9066528070435409, 1.6030964045421539, 0.7531577867234698], [1.1193201803148485, 0.7811964881999152, 0.25069888041053945, 0.40028603860361794, 2.334372303181882], [0.7551333112969804, 1.2722977754344564, 0.8415846982216021, 1.1652021985880787, 0.4893795032290893]], "e": [[0.4265705595284867, 1.768411035721849, 0.9732199091059057, 1.5310430311497651, 1.1571535361448217], [0.3342003364378064, 0.9816040537827028, 0.30577108970747274, 0.6489082200756381, 0.6937401236904244], [0.5863888269753513, 0.09069735984286771, 0.6588805647907626, 1.2579415532029414, 1.3756539319532628], [0.10971324004467313, 0.859184102538093, 0.7334559485843539, 0.9849379251796335, 0.20724507198466774], [1.0254852431597616, 1.207175810420074, 1.2276440197995073, 1.1468328060623085, 1.3758941369439535]], "f": [[1.1708123967109982, 0.508424902552264, 0.8402307471628189, 0.629351894789376, 1.3033633192747693], [1.0994825376541992, 1.8662926707327998, 3.8330825225819196, 0.45342639216657205, 0.4296386134309192], [0.4757573644501886, 0.5106702521541439, 1.1991694171563558, 1.2602005815788588, 0.8919490101631427], [0.5102096482963578, 1.5482851790650074, 0.6716334457903965, 0.6650895635573639, 0.9443573786512612], [1.3676410606246163, 1.2049455593181293, 1.583401593959559, 0.3954054755822336, 0.2730388440351702]], "g": [[2.7368205059184088, 1.4994216745314457, 0.7046292348759066, 0.5744157277087506, 0.47798404834261565], [0.6775827760437663, 0.11134120452414661, 1.1948276645487372, 0.7775864051488695, 0.4337167394172596], [0.7586469783969031, 0.49214296529374046, 0.8615591619941719, 1.085445131548579, 1.4252052303077702], [0.22318363823734516, 1.2419017271207753, 0.6558367771008642, 1.3762233565271007, 1.4871745303535613], [0.4042954424052695, 0.13613689396239573, 1.244008734663016, 1.0572546912966143, 1.152617351534706]], "h": [[0.4494317891947499, 0.28685620704094994, 0.610855785476294, 1.2777431086787385, 1.851484103801726], [0.06330746746198648, 1.8274534968300353, 0.2172583379305695, 1.740048823210929, 0.8835199026265722], [0.8266068559589362, 0.6523862662876866, 1.3865533043796388, 0.969118738389812, 0.42999028015414], [1.7158392293838765, 1.4114909447660218, 1.0468442843895596, 0.34602748497820796, 0.28475314480286174], [1.1999912302077769, 1.520849589387137, 2.0475462952844317, 0.13577055260184595, 1.379329709125761]], "i": [[0.4110546071294272, 4.150973055148809, 0.5985078097191658, 0.9705955941129507, 2.0150489695304357], [0.4690372713885329, 0.45094514790502555, 0.5774856029020083, 0.9857793891280742, 1.695439334609408], [2.111134892568658, 1.2330265132470086, 1.4573066866092517, 0.604789387957153, 1.3183777171217583], [0.4771471895204426, 1.4299839418586597, 0.4893969360756681, 1.1383739931447832, 0.06373383323625323], [1.1126305336045303, 0.5824995996036424, 0.791446463123249, 0.704981578168215, 0.32475161606227454]], "j": [[2.395991981790052, 0.3533334370120916, 0.7338246575838213, 0.15627556130004489, 2.0915243901761063], [1.2399349860068603, 1.132756568423996, 1.494965145278496, 2.515845229475018, 0.1474328320275804], [0.14491999067223632, 0.7363422874558766, 0.7017461406047381, 0.20075159823725489, 1.152559220326029], [2.1528960314126047, 0.4836724506607326, 0.42428086196981113, 0.7979802212658454, 0.682175622557637], [1.0172096653096168, 0.2803549021410006, 1.7707517163700313, 0.2691967501966992, 1.2973270797069831]], "k": [[1.4281654533914492, 0.8607638669712788, 1.0387827483550076, 0.3445273344503757, 1.2758668084853717], [0.5479695800616355, 0.19199508319910155, 0.9206043975353938, 0.6056567770389283, 0.2526788177023406], [0.06323042762899146, 0.9599562136742645, 0.5769538577242821, 0.5271246715561809, 1.808579073570538], [1.1919517589423603, 0.563607021221275, 1.642372028519935, 0.7081206385534673, 2.565512106962213], [0.5091697471191944, 1.2285785918036403, 0.25517790049706734, 1.6619579537839686, 0.4817775152387525]], "l": [[0.23726049206652047, 1.1968165239838233, 0.5385039090112129, 0.7012697319639856, 0.822321973822712], [1.671021348500311, 0.6210403220856063, 0.6542937842747407, 0.48538619575392516, 1.099370590037054], [1.088661493246311, 0.7844767275367813, 1.163810071318344, 2.911586962093356, 1.4318177160041414], [0.4032193446210845, 1.8544248376511434, 3.230654419745506, 0.707771450814285, 2.2986606791763338], [0.14909895897160308, 0.6727149654993452, 0.09420012356556609, 0.6045864372074294, 0.06455074126485624]], "m": [[0.061813558999371035, 1.5790528289814485, 1.8334573505999738, 0.6797741223638696, 0.37255905155171154], [0.18955918077237394, 2.2428780968582505, 0.45769511765806414, 1.809145115670414, 0.8223703850370856], [0.27201653053994845, 0.9693501566699094, 0.8510844141059608, 0.8455761140007212, 1.6350572068543305], [1.5786126527868292, 1.211999073120413, 0.6321599168958824, 0.9974404478253143, 1.3098527483160776], [1.0304940609040918, 0.28801331132207725, 0.0909056264514142, 0.8516828459980449, 1.0149276341746427]], "n": [[0.6624886691475237, 0.6708252644299305, 1.2980171089509813, 2.016156469354979, 0.2536735823559567], [0.26593881514208134, 1.013633903218436, 0.5404600086885368, 1.1728564866521591, 0.5019602132539278], [1.077056511061595, 0.5805972438860401, 0.938277927774277, 0.6362211523816761, 0.18311483650156946], [3.4001910975289973, 1.561140435573644, 0.8073950003588007, 1.656191967686307, 1.15458708181583], [0.03786884648908654, 1.0718078442900916, 1.5133687331062362, 0.29695735744463564, 0.8704995368124602]], "o": [[1.0800632545784739, 0.7211641712204866, 0.24464996040414438, 0.8409896216456973, 0.31892645796904334], [4.353188447651638, 1.3301349552665218, 1.279061829297838, 1.5163540333490957, 0.38430598809905897], [0.46537671327028407, 1.767485201358232, 1.230384769706128, 0.7605482833168123, 0.9670686003719616], [1.1383886236918428, 0.11822306302917629, 3.01221558198604, 1.7795270143648345, 0.14393986681091522], [0.9061105344791125, 0.5135591925273635, 0.32867676373238475, 0.4590417832762935, 0.14286488753114246]],