{"ini": [0.81457594126331, 0.7306078861220016, 0.8327652880109835, 1.670528077570079, 2.935016555262664], "fin": [0.46135418184059696, 0.5526902347351664, 2.136061890600803, 0.4379674035186453, 0.5784667298954399], "trans": {"a": [[2.0484725518625186, 0.7810315955725499, 0.9571556865422622, 0.34534216698121856, 0.515265473214942], [1.4692970560859298, 0.5454763912625847, 1.3151829958385615, 0.33071465263885785, 0.9148072356076813], [0.683703327037707, 1.0327893451218229, 1.7283224470946645, 1.3553782231621525, 0.6342227029588682], [1.7001377040308996, 2.6738854915457178, 1.140946793160893, 0.6137947553413861, 0.0938289355330566], [0.3953979568238095, 2.344101430192755, 1.453881203838452, 1.049905442161598, 1.8926242168124485]], "b": [[1.239117146782415, 0.9742602956730716, 2.4926585707042705, 1.4166839640479005, 1.8900810731097344], [0.38142020014523437, 0.6047695111164546, 2.5676271150390293, 1.8996026444038399, 2.3979677757853946], [0.9064976655105138, 0.9344477420107874, 0.5775702222999893, 2.653077370236939, 0.7806769516050531], [1.4323471654852502, 2.013902038850603, 1.7947494065473655, 0.8002976592650144, 1.3258541613158648], [0.7732851802850688, 1.7411058487650026, 0.4704930297191703, 2.6146376308064165, 0.8954228492990256]], "c": [[1.7388449624174278, 2.1489594351532157, 0.9200907475346626, 0.46996096636761403, 0.597131686511916], [0.6849473228765819, 0.7877712426036892, 2.112783104737856, 2.4220384766141256, 0.570928076387252], [0.9881241510024784, 0.749168096850739, 2.2222416234304263, 1.8188507827564113, 0.4508421002619815], [1.1715839388876292, 0.6445333351912693, 0.7094935281500574, 0.8983195470927184, 1.245205396668709], [0.9567270382008886, 0.287836220146449, 0.3097640450569917, 0.23536474510479707, 0.5301020923214473]], "d": [[0.7539292580887031, 1.3819001024877524, 2.468582451724412, 3.1658781160529923, 0.7840697360468589], [1.8021752495366936, 2.01548013077354, 0.19558072180935557, 2.4731626624349006, 0.8715782946614056], [2.254076470959946, 1.6159910284726717, 0.22198766127976371, 0.9819200020580007, 0.350078340587675], [1.5500144776743456, 0.8791740867806652, 1.6404485289090296, 0.8612079120501867, 0.3198878325030656], [1.88501406565361, 0.8774315371132556, 0.86086335093481, 0.2667891405386599, 3.0190385155246666]], "e": [[0.6537948856727046, 0.4696051601886505, 0.3404868429818956, 0.16712811946437378, 0.5485239127725327], [1.7577140130286595, 0.8549955052115031, 0.38238282050981065, 1.3698166853681348, 0.36072971885364813], [0.5442057340168056, 0.42193612132881947, 0.47125499943224997, 2.034366431074669, 2.0192335340964025], [2.3984149954357417, 0.4928577459473565, 0.18186189742599046, 0.61555142861964, 0.8865202811434594], [0.22246680568228452, 0.5891526376325392, 2.667148808365068, 0.49562176638481503, 0.8501695803316334]]}}