{"ini": [0.1556389670568531, 0.08928250534184932, 1.6272282253817278, 0.4201394691203267, 0.29860269145104223], "fin": [1.7020090305585527, 0.7587726728065027, 1.5793246656387696, 2.3492090883251193, 1.6227985138752097], "trans": {"a": [[0.6326450000572993, 0.8295463878545047, 2.5129989422014085, 2.254005872165129, 0.527022660903873], [0.3033830511625276, 2.7857420565241062, 0.7311487403135112, 1.9486836934637264, 0.9320111483051124], [0.10782545236536596, 1.6505179122643718, 2.36018160656146, 0.1798453101046408, 0.5107121028576216], [0.42733797200064005, 1.3513981515346358, 1.1750372382664573, 2.1908854427321107, 1.62782778298296], [0.6318789040636734, 0.9549439047487657, 0.6500816236999354, 2.597613055502443, 1.2900135601766411]], "b": [[0.8793146693182297, 1.164195150508126, 3.9172853544773574, 0.8607177441614985, 0.872382398722537], [1.7015661254540182, 1.6166000776050387, 1.3381937837704525, 0.3448798703793528, 0.27185921020657916], [2.486240061952431, 0.666134450583427, 0.3577064699396574, 0.8778354803758472, 0.20397395350369119], [2.5374058414834098, 0.9814790285271395, 1.5633225200135379, 0.8332044612221488, 0.5986684338971638], [1.1707943807947496, 0.8850246240479953, 0.9285248818880681, 0.39019897881734594, 1.6877007336924832]], "c": [[0.7283652339073191, 1.2518323325210667, 0.41897816161018225, 1.1604025413102714, 1.841745506211314], [0.10930344444296534, 0.13995482189824984, 1.2967553864980275, 1.6198707794605811, 0.8427710819188199], [1.9944821630127296, 0.9204560789822732, 0.46163993820719074, 0.7221430728631466, 1.7254288163642248], [0.42445887813916017, 0.6121980327613801, 0.5709528192314647, 0.3357980492567432, 0.7630262192021682], [0.5536820135728364, 1.504966210555697, 1.4413414228846742, 1.2048687909526288, 0.5736136720634678]], "d": [[2.4551903228444147, 0.29644792067193715, 0.15933274956181484, 0.3636697695937584, 0.3893494796172063], [1.0829285359414282, 3.1341999459253933, 0.37664294258557374, 2.854802453590937, 1.394388553414237], [0.439251503377132, 1.4203603048036704, 0.15678677617488876, 1.3567958393932888, 2.8348686506231573], [0.579260920472106, 0.647982749796417, 1.5872434853439419, 0.5665061036914502, 0.294728234452885], [0.13703139599286984, 1.9154130501352866, 1.1435933154232567, 0.08980735184793805, 0.6806633926445197]], "e": [[2.408901753719851, 1.0609665314350247, 0.9755884390403843, 3.080602403440033, 1.116461120978617], [1.3155504252295829, 0.12012580888813056, 1.3646687108930644, 1.3337973042177944, 0.3163618173420079], [2.108939079364676, 0.11243388403375482, 1.1767029006696983, 1.1186396990262415, 0.15554935925987062], [0.722409832996583, 0.39950741489059316, 3.6069430489192964, 1.632290827529147, 0.18538407462985576], [0.45150521712119307, 0.9013887588472435, 0.47088895866738445, 0.6931715992664376, 0.36049453310369334]], "f": [[0.8273126597951507, 2.535536739181266, 2.946720897649637, 0.7825562972972913, 0.9471549487138408], [1.535033571139715, 0.8467264915502872, 0.5837564669477122, 1.6776492632706586, 2.717495206429529], [0.9225860339427088, 2.0126564114312417, 0.3445648054511539, 1.962549211093587, 0.1773087578006437], [1.7728521621777265, 0.8818644687784629, 0.38178739783227544, 1.556885172313514, 0.9379447501889221], [1.4811594331470115, 2.7713113823294306, 0.25953216330452833, 0.550058720402648, 1.1299610916806613]], "g": [[1.5483902076453904, 0.5465526913135318, 0.950929312429734, 0.9035269131200613, 0.4149757923670596], [0.6646092432555106, 2.2769814884569053, 0.8635166861431341, 1.2675303422516557, 0.24467459016739854], [0.20126171709349877, 1.4122597763965739, 0.8288734448596801, 0.6891788683829558, 0.573802207942277], [0.5762368285697143, 1.1008078578472955, 0.5897339943451817, 0.07112241454447324, 0.9684859137951513], [0.46188897442067167, 0.915910123899932, 0.43185995499266033, 0.10071577167131632, 0.1383118111292193]], "h": [[1.0665992265258264, 0.8716888654837784, 0.18404880956522288, 0.8402827785877454, 0.637217266019371], [0.43128772480239497, 0.6397783331615183, 1.3704503927614515, 1.5864925982524254, 1.588312459889801], [0.4448525249615645, 1.3970969632367423, 0.41527682281881123, 0.9731330781844559, 0.3456734252005505], [0.22074392658721553, 0.39525489610690256, 1.388819334528449, 0.6132592589205008, 0.872616248150314], [5.832550438388907, 0.4201309929198227, 0.5469120656173917, 0.6021774625382399, 1.256826460065964]], "i": [[0.6745396199440232, 1.5583181386072917, 0.9581680173485252, 0.842864443365448, 0.28271168493023635], [0.25548801765195606, 0.5272344099537734, 1.2326498555335805, 0.6702069131986044, 1.2091329672520368], [0.7204895322635219, 0.7053414449813327, 0.6856449768111107, 4.138538206983355, 0.3332305956534952], [0.9564807964699201, 1.2248694857646365, 1.539008362476738, 1.0223081154512594, 0.26739264105323135], [1.8262770519040132, 0.4931700322647564, 0.8566152915070906, 0.13715013750146637, 0.3264920615240669]], "j": [[1.2165142748474875, 1.0657978252785403, 1.6190966097006085, 0.5523012481553505, 0.8395174136957014], [0.6227737800068686, 1.2667415527063997, 0.18535368376849412, 0.7855161878533296, 0.7161148348946529], [1.0011006013858672, 0.988269881489322, 1.473927923975151, 0.27276275258873656, 1.6139268036863972], [0.41973343101230076, 3.8815016470676245, 1.1696174474685994, 0.6187590847814393, 0.1320983146856972], [3.236967720647948, 1.8006511028139849, 0.3661495023055881, 0.22797067265975862, 0.07922758820901242]], "k": [[3.133545601818597, 0.20403768223843524, 0.6582095094708315, 1.0694757258157273, 2.5611111149486083], [0.778705524294162, 1.0958401719869042, 1.911859286036736, 1.1898227471496259, 0.5020587962850833], [2.083747620250398, 1.72115146692676, 2.2074537494644337, 0.0988208746216598, 0.36246443235769676], [0.2854466372053649, 0.9674372758265974, 1.4968500389859343, 0.9663589760820694, 0.391581266062922], [1.3757994159158007, 1.4115283580807867, 2.0509606422883038, 1.93063218822885, 2.6014678758505267]], "l": [[2.266742825460615, 0.9874484380861497, 0.29213911994328345, 1.9591641042484564, 0.3553229741969371], [2.0064496166996313, 0.5245086781188405, 0.5519917332301897, 0.6285690376406766, 1.0865108158280516], [1.0824723634873357, 0.7108693425766559, 0.893272573058511, 0.5975781131874877, 2.725536162976385], [0.03621635125851971, 1.0244902660776216, 1.079610982967497, 0.22354243417938421, 0.6802869946444087], [0.5409332151174511, 1.0679951405996913, 0.6639474710114008, 0.5168246835215491, 0.6649312338592631]], "m": [[1.7876487663763945, 0.432944543914748, 0.4613960421868887, 0.14431948292738292, 0.8468070428257726], [0.8140430830033961, 0.7060240432619389, 1.4763456862436117, 0.9600394943470144, 1.3584987878052661], [2.3084622142784132, 0.3983730185688438, 0.8273462175497311, 0.5772109128916794, 1.212056465192127], [0.12949539760345202, 0.44811660481816007, 0.3545677245502403, 0.4755073798340806, 0.8047356085770565], [1.0561573351484967, 1.2773161595948366, 0.7373536159164942, 1.2755143428900602, 0.5960613393165236]], "n": [[0.4052284629474509, 1.9263221273523239, 0.183781003467866, 1.016460196586306, 1.7486625805652682], [2.16027095319433, 0.9330728227756795, 0.3636132137901207, 0.33614591346760947, 0.43192261221074457], [0.34425792177012887, 1.2319476354552572, 0.7433237884188362, 0.3763919184453479, 0.7153089835021802], [1.171701899133221, 0.6077556211673041, 1.4094103537554552, 1.4541915069202997, 0.9062622732875755], [1.73289672832847, 3.034808501159239, 0.5683272839706098, 0.6207097326803767, 0.6665034374423028]], "o": [[0.3774037830678621, 2.2117529318313074, 5.49115932048878, 1.9786757518006763, 0.7318177995896723], [0.5573389261346248, 1.5992592498826768, 0.9878343031477792, 0.21774622201302918, 0.05560186675145401], [0.806502432127184, 1.648940285430328, 0.8951010635890143, 0.9004444750140069, 0.21901218493319174], [0.7223838794384506, 0.8363379915290219, 1.4422373174989724, 0.859017866578871, 0.718163919978102], [0.47741798828076104, 0.6558229121011959, 0.4259315308614031, 0.652601386114146, 0.6063323029196647]],