{"ini": [0.4964433048155059, 1.7416981582239608, 0.7308157866885717, 1.4166268860283255, 0.6614013401177925], "fin": [0.6175144528066266, 1.2862350140208734, 0.6477960247856177, 0.9898819497975558, 0.1078771866013365], "trans": {"a": [[0.4797424980507711, 0.4261923584879395, 0.7064827150530693, 1.1767616578522375, 0.5239919698635829], [1.1962208667342842, 1.2613682718426287, 0.5327696208020489, 0.7831008416768378, 0.19301025934353883], [1.9776313748099494, 1.2528629358111547, 0.17914397862472012, 1.9995382646893975, 0.3531633961413088], [0.6799897492140754, 0.9378317533618634, 3.0007268133342464, 0.8557982349381354, 0.5118213588503363], [0.009812327047522168, 1.7753117833489416, 0.2944801920648931, 0.6638668174803063, 1.0314281521508946]], "b": [[1.1359100288011035, 1.242742482170806, 1.3662548900926261, 1.1811841170336603, 1.6662540549548543], [1.8699614973119365, 0.18047799368071432, 0.07719194235084087, 1.5193748033603123, 0.35045142949724134], [1.173390351785734, 1.0014505357501549, 0.5199042342549672, 1.3617917970096944, 0.6798406510325689], [1.6165186175125081, 1.5318051496751852, 1.1599905113235192, 0.6061246634656656, 1.0042642300624842], [2.0021893651481193, 1.410808871205054, 0.7368099922280742, 2.2324855842891527, 0.9486170642462964]], "c": [[0.4897043396123532, 2.816004405085519, 0.6092399438117562, 0.416532487277458, 1.520686735671677], [0.5899385276137036, 0.43184369251642357, 0.17733406347498493, 2.4035625239735663, 1.3640359573292342], [1.8623370226136216, 0.14048701533687752, 0.07147186449532018, 0.2423008297090223, 1.9971701645132167], [0.5730962094687574, 1.1996466387346332, 0.8344765668333936, 0.6761765926096299, 2.46613696821778], [0.29716290324749534, 1.3794020913783822, 0.6010455961497356, 0.34372281105595653, 0.9831344611758414]], "d": [[0.7541155164718759, 2.468508540209425, 0.09197974888800475, 0.9627034557616886, 2.282989225450756], [0.49663083178697076, 0.3696562085708392, 0.2712849346620621, 0.6316641787536773, 1.7159742112252638], [2.1995469014966336, 0.8230485635147292, 0.051213388010310966, 0.4641094438241022, 1.7539549000840275], [0.8564329075016057, 0.528049682275729, 0.9528268117223151, 0.31553075060026925, 1.0487055345035845], [0.27873635970358085, 0.9937620271478009, 2.0936964201005446, 0.2399816687812063, 0.5900069713423088]], "e": [[0.6789704548039891, 0.0804760249149017, 1.581608188996165, 0.7898317406425985, 2.2343124337264815], [1.1543034758193826, 1.2053964351680793, 1.4732278650805528, 1.4754648598977769, 0.2039863518840616], [1.356248081245972, 1.5010792821993821, 0.7852759108868739, 0.5641855515972022, 2.0006822454760678], [0.8651943237007237, 0.542734162100275, 2.824298076273694, 1.4974337905453186, 1.4600702531265388], [0.5199784369838916, 1.6758383078273362, 0.00439618107480407, 2.9327717843047205, 0.5020404883671721]], "f": [[0.49733772510366353, 1.0250530110704537, 0.3860039520426353, 0.40690278396400653, 0.9700862739392121], [0.2665377612440872, 0.22761242484090793, 1.2244186749441535, 0.8218485486525392, 0.3543608106391553], [2.314525715214377, 0.7455326558888519, 1.1693487318441198, 0.5337175676940707, 0.43812882653065793], [0.258746269112625, 0.9636967841920956, 0.6537269439634318, 1.0926566662927757, 0.5808163744027665], [1.4631450811973497, 0.8795863497481093, 0.527505123987238, 0.4469130859027968, 1.4886073356400453]], "g": [[0.155373905479053, 0.7818814892819491, 0.9821930657857705, 0.9463454836649055, 1.7661758772577123], [0.29618223163677315, 0.8635131617429084, 1.620914192661109, 0.05642182981555297, 1.3187234004543242], [1.2331898932124166, 0.644663324196387, 1.235113675034651, 2.500603563451613, 0.40199979570305955], [1.0445600375821178, 0.4317365350806493, 1.375604838007735, 0.6430533987688325, 0.1456660305752395], [0.16945838351754666, 1.2948446849651756, 1.3618179101011247, 0.4389355461259507, 1.669389625988839]], "h": [[0.48003847257908583, 0.4908259275968452, 0.7893429620116031, 1.143423587141328, 1.9851017188356244], [0.5490293286082505, 0.7378633311582877, 1.4200662147556464, 0.5723195264307006, 1.1110457428014202], [0.2464032056748136, 0.7645859669931809, 0.6628972233579944, 0.6911154496930622, 1.8762072470927502], [1.1007232122438435, 1.8886821863016132, 0.9198591067558911, 0.31867438664656256, 1.6779691625919635], [1.354984641249822, 0.8143792134530946, 0.7765607077460329, 2.4077603655344606, 3.1576998314541833]], "i": [[0.9265026229959274, 1.9478656539655002, 0.8729443956506852, 1.058139496230698, 0.5995829474371888], [1.1674390714279657, 0.12731230424488896, 0.7311364495383509, 0.5135596758880389, 0.6645785235361161], [0.7413955136748577, 0.3926234212798782, 0.4097199768627557, 2.2816731800045518, 0.9581437550313754], [2.4183907682775376, 1.3778219297415772, 0.3791506221929047, 0.878627846604763, 1.5607581157220904], [0.817314900777009, 0.30422030760303526, 0.5588039001696316, 1.4008795723314496, 0.5478560137825743]], "j": [[1.269772953863279, 1.6917750697340137, 1.1037483005702642, 0.7242749556592775, 1.142732988849654], [0.4729743192477978, 0.27646813680167726, 0.7645339158275294, 0.5568171209639557, 0.35935257298248524], [0.9236961347972539, 2.592752235378887, 1.0031783997754435, 0.2695594072056578, 0.2556224861524249], [0.9354228261401615, 0.9695841080168635, 1.6300465674980438, 0.9892043707790276, 0.983946195286568], [0.017657836529904443, 0.4363823625678105, 0.8720558336180655, 0.33540293723095693, 0.8005438542738256]]}}