{"ini": [1.339931045481173, 0.2817427286187131, 0.44670231677977923, 0.3787232374683065, 0.7325484750166947], "fin": [0.5210617013529322, 0.7214542792502421, 0.2563957482740709, 0.21992491179849233, 0.4098621252265948], "trans": {"a": [[1.198734611094134, 0.5198588467674264, 0.575592647512035, 1.6715301491322758, 0.13415248679091202], [1.6429436423516994, 1.450714841711872, 0.4080290955199717, 1.103492952446398, 1.565582562248403], [0.48769169751323754, 0.5245401472398468, 1.1108627318797484, 0.24823141809190138, 2.69009322440017], [0.886215876209011, 0.9371416014199995, 0.9223377755448235, 0.5872429320288575, 0.9949036144350959], [1.9578284384064797, 0.6647421665570667, 1.6057664244236216, 0.36239770860433196, 4.070866892520773]], "b": [[0.413872800171022, 2.0377544679608413, 1.2146978075955235, 3.4931048912223983, 0.6260601809008055], [0.9465748033101448, 2.6842839167812875, 1.5753659773923163, 0.9402583834161912, 0.057119990219540256], [0.49862680850008023, 0.7497176079222194, 1.5534934973090706, 0.9412282486065295, 0.43691415176345266], [0.6245090308993703, 1.2421483473618309, 3.529422602580567, 1.5802821851557491, 1.2407844442119662], [1.4291441258329733, 1.0343332427745202, 0.8968442780521934, 0.6563422958489815, 0.39564130738003656]], "c": [[1.1888030083458248, 0.7574067848232295, 0.7158927450795957, 1.2819724384118327, 1.1373340121176614], [0.18164858863514574, 1.5444979497476525, 0.391307470548067, 0.3180582464764374, 1.1201119326795104], [1.0600458163616686, 1.499041882953442, 0.952551797767116, 1.1349149912909882, 0.580999204716655], [2.6098378325471354, 2.3217778497315695, 0.730542498414891, 0.1252797538053365, 0.8958550337434847], [1.7570119438045282, 1.022633399404161, 1.1540814136478252, 1.3085397215671766, 0.41976598518327546]], "d": [[0.6280338101179599, 0.6107686848471248, 0.46884499366228194, 1.2674869408709526, 0.37409846853203677], [0.8216471311980869, 1.4941554884024821, 0.24427772118630162, 0.4537998685830774, 0.5530683483154321], [2.681305971868177, 0.5614368272149055, 1.171118983088188, 0.16879202178925812, 0.5626806109766941], [1.3132285450856394, 0.12742510156934492, 0.25413538273680475, 0.43331088024533654, 0.4947929688221924], [0.5568844228025631, 1.0645320885850884, 0.2221394776341242, 3.1974864551817728, 0.21152021934052284]], "e": [[0.35709601030668275, 0.5284458147342105, 1.2015427366886196, 0.4919686547397098, 0.45228802065939483], [0.595854120365996, 1.3848994945757331, 1.0328103873571763, 0.3236522012871871, 0.4077767832783139], [1.385726390991586, 1.4219800530201412, 0.7656244208414088, 0.7050638971770218, 0.7545953672198144], [0.19928502828166436, 0.3040221839497538, 1.2615064392041022, 0.6477301920779167, 1.022324522125517], [0.4230196963216245, 1.7932061893991325, 2.3222538504872547, 0.47030765870429336, 0.21199983912614231]], "f": [[0.8557901293770636, 0.37974034330435863, 1.8912102270593145, 0.29460659685849067, 2.0582148407837013], [0.3590312329097331, 0.1148494193074789, 0.8465341844547103, 0.5800719425106774, 1.2026709665748443], [1.0972795456898854, 0.898738644737371, 0.7652419418480655, 0.9598712804377979, 1.2283245126483793], [1.2634337843695558, 0.6534826703661052, 0.5767636417948308, 0.9888000741605885, 0.9920585221781114], [0.5303863682461936, 1.1409980605124792, 1.2523900747471104, 0.7067805524899009, 0.8799038323879248]], "g": [[1.3744106648011043, 0.3105631496432248, 0.7053961437755432, 0.9547723197810767, 0.6597324581059758], [0.3916682058483174, 0.3340191775660068, 1.863130488052742, 0.9163773225855071, 0.9105631863159929], [1.1741420525795807, 2.0003480676420353, 0.6293246924143356, 1.592679538190114, 1.0347903700805667], [1.9427062541775801, 0.7801706780905092, 1.4664238132068765, 0.24769667104259388, 0.8588270338566018], [0.8606972509978937, 2.0899403629876026, 0.47903271408153103, 0.9440669911002497, 1.1402259862305928]], "h": [[1.2328492345255126, 1.338630298075316, 1.005644859892237, 0.6272696615319955, 1.0450168992089888], [1.5990041459426432, 0.6407410111723614, 0.629597257817157, 0.6020816663561258, 0.6102763350050455], [0.3615584895613295, 0.612082492558692, 0.8900715708162059, 0.4505722976521151, 2.340624864643221], [0.8663643459217041, 1.252281072318956, 0.47025301800233477, 1.6277885033684112, 0.342537934873903], [0.5056418292556932, 2.1278270512754727, 0.7658282263279691, 0.8534218638926907, 1.3104707668095414]], "i": [[1.220375831872231, 2.1795513804488658, 0.6671092548402102, 1.2331328650427045, 2.603783540329686], [1.5779522713214427, 0.056883184568769195, 0.7214596314938387, 0.9865973307820336, 0.8769318640412392], [2.173347288574026, 0.5470859866953355, 1.075031927912329, 1.513634000471942, 0.7005878304324622], [1.0925137972486423, 1.1251734443167014, 0.28251751730270613, 1.7000401312926676, 0.33678986603761674], [0.6643960704662099, 2.079919587603159, 0.9704209271652613, 1.6013292452959635, 0.805407511726724]], "j": [[2.5114118667118737, 0.3133586889036121, 0.6368012303129315, 1.0360283981333305, 0.24303337195807348], [1.8264507296298202, 0.21879959763153767, 1.8221534423895136, 0.06352758396467158, 0.39176772489561107], [0.4275564619347627, 1.0776320549810434, 1.0335505673663985, 0.18000366959367914, 0.4561993383152879], [1.3471489200480102, 1.0069079390142275, 1.2842136101787194, 2.8252564912677474, 0.22072944492394425], [1.3061970231212747, 0.37476158417407224, 0.9408256831282682, 0.26470967454717464, 1.7548706967348005]], "k": [[1.0006027499349055, 0.908411402875798, 0.10174947676182074, 0.4098729730138921, 0.8379574951709137], [2.4058120622902526, 0.7363613056207203, 0.7435079530366249, 1.133090372024285, 0.2222663572552609], [1.4480657309911775, 1.6971477264423878, 3.0128610247679997, 0.4362931544934015, 0.2098259141232081], [1.1355569274190973, 0.5006820186813208, 0.5535986219055862, 0.8398626195604786, 1.6067283164106183], [0.9094779071300996, 1.4094688536957358, 0.6944306338984707, 0.2655255797964241, 0.15359878552150014]], "l": [[0.42103468222678847, 0.5840645098918581, 1.594547409733035, 0.7374840366388054, 0.7673571317138257], [1.6745628559476398, 1.2606529786771308, 0.34521463795607316, 0.6875712910127326, 1.896674341661799], [0.672922319004349, 1.1631474922821372, 1.9227704004819213, 0.6496157829393231, 0.11914857991125082], [0.16300331939575805, 1.3552061674177114, 2.110529190127703, 0.3052051148844471, 0.2586242272616337], [0.8116359268708361, 0.7793718023895825, 0.24672311800748475, 1.0232757938197166, 2.3043318065093943]], "m": [[1.1462852171253457, 0.9607369053862044, 1.4485731672189537, 0.10039244617565364, 0.25408360933807755], [2.167166115300061, 1.3530701045589766, 2.184789364806582, 1.5216457531817227, 1.9614840421140698], [0.5712654559826378, 0.5443863633215245, 0.08916386258378309, 1.5367727065746548, 0.5760358402194505], [0.7186454490395715, 0.5995570582010636, 0.7587173566683512, 1.8968889074700013, 0.6376050902127917], [0.6545051891358626, 0.8400484623953092, 0.6374600092282555, 2.6813442228375934, 0.1963838925258582]], "n": [[1.4999996839547476, 0.3751393236233943, 2.637393755435116, 0.4564673902606854, 2.244853241247501], [0.4005721872054546, 0.5168519860883377, 0.1780360181131006, 0.8481437947412733, 2.390297071776168], [0.3499143405413375, 2.440080531954327, 1.0258566055467206, 0.07171844161842694, 1.3168687010437274], [0.5129794307125087, 0.5611077680282507, 0.9966347939203141, 0.270345828280324, 2.07058262594691], [0.20496670738670242, 0.01227707398248946, 0.15744674388382962, 1.2391594212895363, 0.4193032382573608]], "o": [[0.4903758897368995, 0.4354539424406836, 0.23556254412867966, 1.1279541030948612, 0.05443832137038031], [0.05489088379225328, 1.556821854979222, 0.8339450018840182, 0.9608585276480401, 1.0765673256860828], [4.135968230070416, 0.6423085086095524, 0.35396730843961416, 0.26833044779717363, 1.9532636690773395], [0.7645076151664795, 3.347701870231518, 0.28031575406982995, 0.13456888070016815, 0.5068033031565529], [0.7884127954247985, 1.2561090897124243, 0.44389130164342594, 1.6622737252402997, 0.11015656384559122]]}}