{"ini": [0.5287984026222868, 0.9209930176825414, 3.0705069033944583, 0.9271121141386087, 2.2149983830141173], "fin": [2.7148704152765153, 1.9281747783530994, 0.26015214443389756, 0.828238647191169, 1.4606769934313544], "trans": {"a": [[1.0326742393646005, 0.7060802345256326, 1.683929706063595, 1.1873661529103428, 0.5810669579311603], [1.875039113331039, 2.4860555679771084, 2.851398755354648, 0.7801267495458272, 0.20431492399869502], [1.5770907195808679, 0.9550434965396903, 0.5772619507684156, 0.42564185472982846, 1.8208634458454758], [1.5552783918861486, 0.9809531509144086, 0.3635189791807491, 1.2845070474320657, 0.8989047840609773], [1.761905177749246, 0.6385014204293004, 0.638346147019721, 1.3155017010959644, 1.0833859168462774]], "b": [[1.1215492599168435, 0.40662317463672765, 2.176290440408402, 1.299576304768025, 0.2908096076542293], [1.045712208822651, 1.2872584981079374, 0.7731977121674635, 0.1707050916288916, 0.10800907364200812], [0.935095230198154, 1.3690825294467257, 1.1154727559283455, 0.07132317087989808, 0.19430649830623742], [0.19080810628158573, 1.7866362073400208, 0.73419799872782, 0.5380328764355741, 1.5189680577889673], [2.358398423984864, 1.3822590703146038, 1.2376303644730844, 1.163044808661265, 0.26757688574753835]], "c": [[1.4178203701715868, 1.3945282280777567, 1.498560281527635, 0.9249114480005513, 0.8182986134953667], [0.5680755984438423, 0.5558084032425274, 1.2252256388530944, 0.3811745032431894, 0.4552977381945419], [1.8632406827774726, 0.25253391521714713, 0.4171757910496451, 0.9249459424311695, 0.950507000663687], [1.4225803403669541, 0.57039586007908, 0.1491219423512227, 2.7743800006991215, 0.33000603137347184], [0.9773423921735147, 1.1942498284284286, 0.7618227761461196, 0.3659209634127505, 1.0612403089523157]], "d": [[0.2684194702590089, 0.7334815465558198, 0.4822850391925347, 0.7909415663366808, 0.4882976867244415], [0.41042558221966335, 0.17616721171905933, 2.6366799535407575, 1.3629491664267093, 1.0004142112071057], [0.827021649046978, 0.1261087767969729, 0.23520412174879046, 1.328261783074506, 0.18553854968574643], [0.4292364237218326, 2.3077837494969535, 0.8679496192967261, 1.2230399726780237, 0.8258846550068565], [1.7828181055398762, 1.6267889703427885, 0.5765514463581007, 1.1015183638762347, 0.7620275237263793]], "e": [[0.9081713173858577, 0.4481425404998522, 0.5330242862828125, 0.9109421217044504, 0.46068231342224375], [1.7025171922964966, 1.0347549541026209, 1.241723213143847, 0.021618636535799138, 1.2536697569257513], [1.2522829596789928, 1.028878053449441, 0.7029716558237049, 0.766898050281121, 1.3438140325281343], [1.0315802247333776, 0.6781801423730051, 0.1902354904262391, 0.9519293823230617, 2.3936666376388667], [1.1205767117350023, 1.4645744837016468, 0.28937441675309317, 0.6113438044815054, 0.9018207446361545]], "f": [[0.6928905940269545, 1.6019730596520578, 0.6706041776028772, 0.21616107043557153, 3.0389308591419746], [0.5499060699571714, 0.8510292820794199, 0.6578012161737123, 0.7506376336538388, 0.22721588437179738], [2.1751588646409026, 1.331823961854863, 1.465964810751407, 1.2881395143215304, 0.38975753587497963], [0.5518740641752209, 0.6260415044945417, 0.25970719274392945, 0.2856744280009014, 0.6723722332104648], [1.1424132994091858, 2.524400659358927, 0.9280342671823915, 1.7799197198567045, 0.3423993300891342]], "g": [[3.075741579488605, 2.7532970206366114, 0.2962708548288592, 1.6658430347716162, 0.5343367643273753], [0.22469962163662038, 0.46235282339199585, 1.5643693275260344, 1.6438704390530432, 0.44019515450221336], [0.3773232840473423, 1.7838103586737062, 0.6223668434263352, 0.7202500323546398, 2.083007708526542], [0.24749979845173464, 1.314020341391206, 2.822683360296471, 0.3779322031188325, 0.23067431984835066], [0.5362338569382504, 0.42648080658994514, 0.5974361913875731, 0.6014817548130085, 0.4890804313115532]], "h": [[0.6973214024833445, 0.1608145942717618, 0.5274592299391239, 0.4436824146072171, 1.1594957260856744], [1.2781800200622269, 0.9212314915854813, 1.4679080365069535, 1.3667904714874648, 0.17260122191784674], [0.23475182090348634, 0.3213229741213785, 1.2912916905947556, 0.6428096911302634, 1.2336528581547932], [0.9386572229931888, 0.9384458483000959, 0.1345578564401778, 0.6080855957683412, 0.9571606777880345], [1.016207675381332, 1.2252079692703786, 0.24311225143388, 0.2972498437795179, 0.6416655529490538]], "i": [[0.6976083372085726, 0.871861495050274, 0.8277035869157119, 1.6068853409544028, 0.8800906027249128], [0.3792369098381615, 0.4783957673187944, 1.2062417109635963, 0.9236906012279302, 0.7707748219506128], [0.7427054728863324, 1.4298112673748111, 0.5398833159111419, 1.8858425152659757, 2.1131012833088056], [0.5827133994966435, 1.0297410037776367, 1.453025148244801, 1.3799619429371606, 0.16531771735304052], [1.2065133981791378, 0.5621223533088069, 2.7149129149836093, 1.3860877402068947, 0.41933774933113716]], "j": [[0.553867363295686, 2.0121521212774747, 1.0099051157484769, 0.45937204255264885, 0.7851385351522233], [1.0744872068749975, 1.8692813184690042, 0.14342131532602195, 0.9409422249521129, 0.3738461323021354], [0.8181149486881538, 1.8276727246581235, 0.37679379227097864, 1.342794810912472, 0.783917053125107], [1.4940243476592892, 1.1213032537863354, 0.33010563040472674, 2.0386088057084484, 2.057476137504847], [1.5957376549323534, 2.5287956973226766, 1.319928812643184, 1.1375782759138908, 0.5920171209634133]], "k": [[0.49917666291292956, 1.272019860150239, 0.9894488124468905, 2.3643863360059645, 0.7341487439065176], [0.38183424282069567, 2.218055648088111, 0.4887778813046189, 1.9991265099609388, 0.9561763318667181], [0.82386768450299, 2.2567150168097565, 0.7647008495296813, 1.7530270856248917, 0.7313862648229943], [0.26902495607984667, 0.28992732653839703, 0.35540318457340336, 0.20107060462257337, 2.1443250620941967], [1.5846711819774801, 0.4117251230901453, 1.3859910737274395, 0.6072231975418538, 0.5479434444299905]], "l": [[0.4258009040634593, 0.9811688441969693, 1.5874777564458873, 1.805815450664887, 1.3300013322246806], [1.370594551094848, 1.1808857473721233, 0.9240299284337746, 0.15577346200032785, 0.9564421549946663], [1.3181391435551983, 1.6454538499696711, 1.5378497692564217, 1.4216852694559554, 0.1860942725905038], [0.04083954084608147, 2.44037410651857, 1.2955491653123727, 1.3076299788327381, 0.8481147577319306], [0.7829381548346045, 0.794359475437602, 1.2914718103554634, 0.6960144936192677, 1.5425793165910886]], "m": [[0.855714600195542, 0.8627627327418474, 1.1497695369688157, 0.34243568382358863, 1.9405518800591015], [0.9481590444870951, 0.6782534198931863, 2.192544454668787, 2.06552893195523, 2.022005013754286], [0.33961199062026165, 0.3954117608402494, 1.6559821768433305, 1.0708628325725629, 0.8564731214033755], [0.2531444999277505, 0.8366047946655425, 4.074892959844554, 0.13456605041025282, 1.0100408150932796], [0.7188547399513033, 0.9472359986499218, 0.4549778991535831, 0.8616133596676844, 1.9640687805520283]], "n": [[0.8865104004004092, 0.7641555858873998, 0.7189105667565682, 1.206367272077691, 2.965382845991812], [0.4354479299398806, 0.865082986319654, 1.0804930068006933, 1.8661704383184545, 0.46609800217498554], [1.2969570300948758, 0.8631256935111628, 0.7226039733269505, 0.5522018797364535, 1.7031011641609517], [0.8340396964926317, 1.14208210967078, 1.7696688590834313, 0.9618451974916625, 1.2853311400847731], [0.445008974858002, 0.520988977604461, 1.1582384121513698, 0.7641815032916913, 0.34907873103361753]], "o": [[3.253245917577373, 0.9173191601044938, 1.9282542942867058, 0.4186431693491879, 0.38306768872816116], [0.3232006186862068, 1.096329651889654, 0.3514876424593913, 0.7048094198672674, 0.9678840095682427], [0.20189925135188855, 1.6804645607346274, 2.334042536762217, 0.8096355449047425, 2.5580070979212697], [1.5538611550549561, 1.3520588984366977, 3.1399897068355824, 0.8068229566031669, 0.6173123703403101], [0.6583652636321862, 0.39669187049112165, 1.4584040300549463, 0.24604385639020404, 0.8018143249243712]],