{"ini": [0.3279012566802469, 1.2707678058766512, 1.8909291611206307, 1.3923284169241652, 0.2823179791688118, 0.5380504640683965, 0.6566946617201533, 0.278178804098277, 0.8995036216918767, 0.7486397714430594], "fin": [2.0242214569033425, 0.7505033973187153, 1.316270643188126, 0.5371899282322029, 0.35428922855654926, 0.9573525599339249, 0.2599132383856615, 1.489298705106368, 0.38765309392752756, 0.24873217951743629], "trans": {"a": [[1.976034419356945, 0.4639687312848653, 1.322873890930467, 3.0177883357856237, 0.45366046947616545, 1.8147090438636138, 3.133959821283662, 0.9597369598937885, 1.3781546853416768, 3.899983589345839], [1.7060793464746087, 0.07012588969817754, 0.8579751638483424, 0.45183422175263666, 1.9051615251726832, 0.24910973064824363, 1.4259408842466232, 1.9487169348018283, 0.6650789484031335, 1.3374110809393729], [2.072164654454869, 1.5820115119251632, 0.4815147114920956, 1.0175871725481693, 0.40068526755748124, 3.1010931820157945, 0.3663159075913615, 0.5744860239099273, 0.6340180435368207, 0.5006323968174771], [1.1382373255342828, 0.36124578891667136, 0.9496128353583648, 0.7836629752125454, 1.0862675730275644, 0.1868314934443369, 1.2304424662165956, 0.31755981439889464, 0.5173601806966595, 0.9441733800446171], [1.556462479566243, 0.6428053030357963, 0.44296902325554466, 0.7297344455072086, 0.3593972337887494, 0.8530565857955408, 0.3367646793975828, 1.1616270143474636, 1.2728994069684982, 3.2503523808491597], [0.6380840543585585, 0.3370540654720241, 5.185102788962366, 0.45617866820389513, 0.7524901604775744, 0.7561320338634198, 0.2346975051745727, 0.3971644566687476, 0.22770436134819383, 1.8914784668862048], [0.6805197738414992, 1.0308756808094166, 0.6869709617913429, 0.29714047112377223, 0.9603843991840268, 0.4792450487789729, 0.18571250156075977, 0.6913176794361389, 1.0197330358122507, 2.159651735554522], [1.9175532829055757, 1.384080929136788, 1.7409292919262096, 0.8030721782220742, 0.08803590493477441, 1.0483069465455157, 0.06545966409410936, 0.20423139591860592, 0.5576729921611283, 0.6963459721675274], [1.7775329393197026, 0.45340309326190875, 1.9468015138093862, 0.8270956308917358, 1.2090242726337062, 0.6393847943214958, 1.16466722117625, 0.8676395169314113, 0.5997679568560337, 1.5698416623762108], [1.8497025685552708, 0.8094595339716871, 0.6623718756887712, 0.36789890757317867, 0.5644343986729621, 1.1969243011432749, 1.1356947945619713, 0.7908598950438176, 0.8036475395573651, 1.016638784382748]], "b": [[1.7758197550497972, 1.2152881272901865, 0.6052326936771225, 0.7809766386966082, 1.0338502015224393, 0.2740410149671081, 0.8391702286695989, 0.289900201734717, 2.966684054278562, 0.1480868594873768], [0.3958633264094204, 0.37997451549103484, 1.7544254815113607, 1.7991749596304318, 1.2389282687080403, 1.4234452492395309, 1.2710726770574243, 0.7366088438817459, 2.2474142148216316, 0.3813364743912815], [0.523525008111588, 0.7089228940406624, 0.5093974226319553, 2.206905064323243, 0.2743733923422277, 1.7439440060013545, 0.20249187668318927, 1.6390789042791998, 1.754414570516583, 1.345722506178862], [1.603056378945965, 0.2584801926420852, 0.3663095992185844, 0.6542095461387913, 0.8469839636121625, 0.6567948579526877, 0.18042313477549074, 0.559985760450355, 1.0874597240747494, 0.9007585811007212], [0.6124871081605348, 1.8245078934167733, 1.0861334780331116, 0.10325138052975918, 0.5978963796412181, 0.5312016968962932, 0.49350973790978525, 0.5789741328787489, 0.39036180074819643, 0.08034417257357925], [1.0768287112994377, 1.6928933362648133, 0.4390835180593599, 0.29917040348098756, 1.1191572423048002, 0.5381459580877878, 0.8173014355438768, 0.5859898436268179, 1.2666144320818487, 1.8498699046626732], [1.0046580254325208, 0.7654373897993373, 0.5935304217139763, 0.6862434535716981, 1.635536494197973, 1.6076244220760358, 1.0841114398098017, 0.4070786553637042, 3.4705227976812143, 0.7331086593262259], [0.7912501809889113, 0.07233383985887709, 1.0481333402844293, 0.9928481914759909, 0.7015757796524119, 1.007900489365291, 1.3191330386617879, 1.1355025137096495, 0.10693552028649646, 0.5407717576399186], [0.6631364533875326, 0.7117653190736793, 0.5780199874291297, 1.3039257200721683, 0.1814210348957233, 0.2923361357168466, 0.056570203935235666, 0.3887450234326498, 1.4063801334364652, 0.8216247105775364], [0.4564366829868074, 1.4703748977900928, 0.6151288344266672, 0.7960387982559632, 0.22141640639894403, 0.12455819101356687, 2.04670284655619, 0.23906383335079168, 2.580099634371228, 0.922318144007751]], "c": [[0.3820882075033312, 1.650169704158466, 0.5778983527010315, 0.6906165176106737, 1.0467327493438645, 0.09310922442626343, 0.642788127300412, 2.2458552666528973, 0.9055986666143144, 0.4586860345680922], [0.21291445640254214, 0.939419488480386, 1.177556193559985, 1.0035563287018423, 0.4346619726761709, 0.5340026993233025, 0.3199921981676043, 2.2568263051939015, 0.6654665664751939, 0.20710718855991345], [1.5766850649771607, 1.098897340635906, 0.5896728138715561, 1.8511404961025757, 0.8653821162629949, 0.8096977425287898, 0.3474877710868524, 0.2517933950496253, 0.605377329430916, 1.5439254708206371], [0.03802534086115165, 0.2662792438488195, 1.4226276850631454, 1.5437609243579662, 0.25950345143859405, 2.011997284270708, 0.5925552035356826, 1.51924625099107, 0.7586141109246757, 0.6763324261571485], [1.0811937053149536, 0.3376430864586845, 2.705429490298383, 0.5653246120656458, 0.23539865780523278, 0.6032163948733592, 1.2889656980590747, 0.797409174078791, 2.8412766867554686, 0.7163740959996605], [0.6244254989668429, 0.3381243401555745, 0.5553745983158702, 4.479095153040416, 0.9061211051238693, 1.9020066843722754, 1.9395878246188656, 1.2480925759482204, 0.5841700146421002, 0.3196678170634012], [1.8079307514599374, 2.1557039489609457, 1.3875506726397218, 1.7079844250054252, 1.6589973377771277, 0.8995565896741391, 0.7382138564839401, 1.1083673526491797, 0.9730796086149354, 1.5882639715142097], [2.1090007196987988, 1.5351439249293577, 0.2394217138543548, 1.3665244724874328, 2.2216678105048473, 0.683676100831127, 0.8112362121206608, 1.9584503596574674, 0.12545302817281415, 0.40833415788921934], [2.0747888632922624, 0.5181035682433928, 1.3358104886407238, 1.1920744703658845, 0.38402903099563895, 0.35267267056827545, 0.061096151433506614, 2.5695491334345344, 0.25191276725957285, 1.759078355138091], [0.7525623470694575, 1.3969942109883886, 1.4747761506618695, 0.7033651844632854, 1.0559365079591778, 0.7625707945979121, 0.4526390336887287, 1.6310137670794715, 1.5628835645829005, 0.3546030874429355]],